year,variable_name,age_group_label,age_min,age_max,metric,value,unit,scale,notes,age,birth_year,project_age_group,project_age_order,method
2010,ahv_einnahmen,<20,0,19,n_personen,3975.871244219396,Anzahl,count,nur_arbeitnehmende,0,2010,Generation Z,5,pop_weighted
2010,ahv_einnahmen,<20,0,19,n_personen,7774.9796267322945,Anzahl,count,nur_arbeitnehmende,1,2009,Generation Z,5,pop_weighted
2010,ahv_einnahmen,<20,0,19,n_personen,7713.754223591973,Anzahl,count,nur_arbeitnehmende,2,2008,Generation Z,5,pop_weighted
2010,ahv_einnahmen,<20,0,19,n_personen,7628.80459843871,Anzahl,count,nur_arbeitnehmende,3,2007,Generation Z,5,pop_weighted
2010,ahv_einnahmen,<20,0,19,n_personen,7520.379432844967,Anzahl,count,nur_arbeitnehmende,4,2006,Generation Z,5,pop_weighted
2010,ahv_einnahmen,<20,0,19,n_personen,7577.178303995451,Anzahl,count,nur_arbeitnehmende,5,2005,Generation Z,5,pop_weighted
2010,ahv_einnahmen,<20,0,19,n_personen,7612.640296228634,Anzahl,count,nur_arbeitnehmende,6,2004,Generation Z,5,pop_weighted
2010,ahv_einnahmen,<20,0,19,n_personen,7494.118658792904,Anzahl,count,nur_arbeitnehmende,7,2003,Generation Z,5,pop_weighted
2010,ahv_einnahmen,<20,0,19,n_personen,7612.142933083708,Anzahl,count,nur_arbeitnehmende,8,2002,Generation Z,5,pop_weighted
2010,ahv_einnahmen,<20,0,19,n_personen,7644.521273818354,Anzahl,count,nur_arbeitnehmende,9,2001,Generation Z,5,pop_weighted
2010,ahv_einnahmen,<20,0,19,n_personen,7739.418161870126,Anzahl,count,nur_arbeitnehmende,10,2000,Generation Z,5,pop_weighted
2010,ahv_einnahmen,<20,0,19,n_personen,8060.913698749923,Anzahl,count,nur_arbeitnehmende,11,1999,Generation Z,5,pop_weighted
2010,ahv_einnahmen,<20,0,19,n_personen,8191.769942179804,Anzahl,count,nur_arbeitnehmende,12,1998,Generation Z,5,pop_weighted
2010,ahv_einnahmen,<20,0,19,n_personen,8332.026349048776,Anzahl,count,nur_arbeitnehmende,13,1997,Generation Z,5,pop_weighted
2010,ahv_einnahmen,<20,0,19,n_personen,8580.061349423087,Anzahl,count,nur_arbeitnehmende,14,1996,Millennials,4,pop_weighted
2010,ahv_einnahmen,<20,0,19,n_personen,8544.748566133381,Anzahl,count,nur_arbeitnehmende,15,1995,Millennials,4,pop_weighted
2010,ahv_einnahmen,<20,0,19,n_personen,8709.674184990656,Anzahl,count,nur_arbeitnehmende,16,1994,Millennials,4,pop_weighted
2010,ahv_einnahmen,<20,0,19,n_personen,8818.944867930772,Anzahl,count,nur_arbeitnehmende,17,1993,Millennials,4,pop_weighted
2010,ahv_einnahmen,<20,0,19,n_personen,9229.468407752222,Anzahl,count,nur_arbeitnehmende,18,1992,Millennials,4,pop_weighted
2010,ahv_einnahmen,<20,0,19,n_personen,9358.583880174863,Anzahl,count,nur_arbeitnehmende,19,1991,Millennials,4,pop_weighted
2010,ahv_einnahmen,<20,0,19,sum_einkommen,47915026.10361491,CHF,chf,nur_arbeitnehmende,0,2010,Generation Z,5,pop_weighted
2010,ahv_einnahmen,<20,0,19,sum_einkommen,93699802.85744752,CHF,chf,nur_arbeitnehmende,1,2009,Generation Z,5,pop_weighted
2010,ahv_einnahmen,<20,0,19,sum_einkommen,92961947.77878065,CHF,chf,nur_arbeitnehmende,2,2008,Generation Z,5,pop_weighted
2010,ahv_einnahmen,<20,0,19,sum_einkommen,91938181.3495662,CHF,chf,nur_arbeitnehmende,3,2007,Generation Z,5,pop_weighted
2010,ahv_einnahmen,<20,0,19,sum_einkommen,90631500.54412857,CHF,chf,nur_arbeitnehmende,4,2006,Generation Z,5,pop_weighted
2010,ahv_einnahmen,<20,0,19,sum_einkommen,91316009.47982113,CHF,chf,nur_arbeitnehmende,5,2005,Generation Z,5,pop_weighted
2010,ahv_einnahmen,<20,0,19,sum_einkommen,91743378.01848032,CHF,chf,nur_arbeitnehmende,6,2004,Generation Z,5,pop_weighted
2010,ahv_einnahmen,<20,0,19,sum_einkommen,90315020.0554721,CHF,chf,nur_arbeitnehmende,7,2003,Generation Z,5,pop_weighted
2010,ahv_einnahmen,<20,0,19,sum_einkommen,91737384.06983152,CHF,chf,nur_arbeitnehmende,8,2002,Generation Z,5,pop_weighted
2010,ahv_einnahmen,<20,0,19,sum_einkommen,92127590.12686819,CHF,chf,nur_arbeitnehmende,9,2001,Generation Z,5,pop_weighted
2010,ahv_einnahmen,<20,0,19,sum_einkommen,93271235.52905856,CHF,chf,nur_arbeitnehmende,10,2000,Generation Z,5,pop_weighted
2010,ahv_einnahmen,<20,0,19,sum_einkommen,97145723.93564066,CHF,chf,nur_arbeitnehmende,11,1999,Generation Z,5,pop_weighted
2010,ahv_einnahmen,<20,0,19,sum_einkommen,98722731.82513905,CHF,chf,nur_arbeitnehmende,12,1998,Generation Z,5,pop_weighted
2010,ahv_einnahmen,<20,0,19,sum_einkommen,100413025.34409969,CHF,chf,nur_arbeitnehmende,13,1997,Generation Z,5,pop_weighted
2010,ahv_einnahmen,<20,0,19,sum_einkommen,103402207.53525452,CHF,chf,nur_arbeitnehmende,14,1996,Millennials,4,pop_weighted
2010,ahv_einnahmen,<20,0,19,sum_einkommen,102976637.18118997,CHF,chf,nur_arbeitnehmende,15,1995,Millennials,4,pop_weighted
2010,ahv_einnahmen,<20,0,19,sum_einkommen,104964230.55313091,CHF,chf,nur_arbeitnehmende,16,1994,Millennials,4,pop_weighted
2010,ahv_einnahmen,<20,0,19,sum_einkommen,106281101.07127152,CHF,chf,nur_arbeitnehmende,17,1993,Millennials,4,pop_weighted
2010,ahv_einnahmen,<20,0,19,sum_einkommen,111228506.28598821,CHF,chf,nur_arbeitnehmende,18,1992,Millennials,4,pop_weighted
2010,ahv_einnahmen,<20,0,19,sum_einkommen,112784535.3552158,CHF,chf,nur_arbeitnehmende,19,1991,Millennials,4,pop_weighted
2010,ahv_einnahmen,<20,0,19,sum_beitrag_ahv,4024862.192703652,CHF,chf,nur_arbeitnehmende,0,2010,Generation Z,5,pop_weighted
2010,ahv_einnahmen,<20,0,19,sum_beitrag_ahv,7870783.440025591,CHF,chf,nur_arbeitnehmende,1,2009,Generation Z,5,pop_weighted
2010,ahv_einnahmen,<20,0,19,sum_beitrag_ahv,7808803.613417575,CHF,chf,nur_arbeitnehmende,2,2008,Generation Z,5,pop_weighted
2010,ahv_einnahmen,<20,0,19,sum_beitrag_ahv,7722807.23336356,CHF,chf,nur_arbeitnehmende,3,2007,Generation Z,5,pop_weighted
2010,ahv_einnahmen,<20,0,19,sum_beitrag_ahv,7613046.045706798,CHF,chf,nur_arbeitnehmende,4,2006,Generation Z,5,pop_weighted
2010,ahv_einnahmen,<20,0,19,sum_beitrag_ahv,7670544.796304975,CHF,chf,nur_arbeitnehmende,5,2005,Generation Z,5,pop_weighted
2010,ahv_einnahmen,<20,0,19,sum_beitrag_ahv,7706443.7535523465,CHF,chf,nur_arbeitnehmende,6,2004,Generation Z,5,pop_weighted
2010,ahv_einnahmen,<20,0,19,sum_beitrag_ahv,7586461.684659656,CHF,chf,nur_arbeitnehmende,7,2003,Generation Z,5,pop_weighted
2010,ahv_einnahmen,<20,0,19,sum_beitrag_ahv,7705940.261865847,CHF,chf,nur_arbeitnehmende,8,2002,Generation Z,5,pop_weighted
2010,ahv_einnahmen,<20,0,19,sum_beitrag_ahv,7738717.570656927,CHF,chf,nur_arbeitnehmende,9,2001,Generation Z,5,pop_weighted
2010,ahv_einnahmen,<20,0,19,sum_beitrag_ahv,7834783.784440919,CHF,chf,nur_arbeitnehmende,10,2000,Generation Z,5,pop_weighted
2010,ahv_einnahmen,<20,0,19,sum_beitrag_ahv,8160240.8105938155,CHF,chf,nur_arbeitnehmende,11,1999,Generation Z,5,pop_weighted
2010,ahv_einnahmen,<20,0,19,sum_beitrag_ahv,8292709.473311679,CHF,chf,nur_arbeitnehmende,12,1998,Generation Z,5,pop_weighted
2010,ahv_einnahmen,<20,0,19,sum_beitrag_ahv,8434694.128904372,CHF,chf,nur_arbeitnehmende,13,1997,Generation Z,5,pop_weighted
2010,ahv_einnahmen,<20,0,19,sum_beitrag_ahv,8685785.43296138,CHF,chf,nur_arbeitnehmende,14,1996,Millennials,4,pop_weighted
2010,ahv_einnahmen,<20,0,19,sum_beitrag_ahv,8650037.523219958,CHF,chf,nur_arbeitnehmende,15,1995,Millennials,4,pop_weighted
2010,ahv_einnahmen,<20,0,19,sum_beitrag_ahv,8816995.366462996,CHF,chf,nur_arbeitnehmende,16,1994,Millennials,4,pop_weighted
2010,ahv_einnahmen,<20,0,19,sum_beitrag_ahv,8927612.489986807,CHF,chf,nur_arbeitnehmende,17,1993,Millennials,4,pop_weighted
2010,ahv_einnahmen,<20,0,19,sum_beitrag_ahv,9343194.52802301,CHF,chf,nur_arbeitnehmende,18,1992,Millennials,4,pop_weighted
2010,ahv_einnahmen,<20,0,19,sum_beitrag_ahv,9473900.969838127,CHF,chf,nur_arbeitnehmende,19,1991,Millennials,4,pop_weighted
2010,ahv_einnahmen,20-24,20,24,n_personen,96161.45454871639,Anzahl,count,nur_arbeitnehmende,20,1990,Millennials,4,pop_weighted
2010,ahv_einnahmen,20-24,20,24,n_personen,95622.75909273668,Anzahl,count,nur_arbeitnehmende,21,1989,Millennials,4,pop_weighted
2010,ahv_einnahmen,20-24,20,24,n_personen,97004.27684553666,Anzahl,count,nur_arbeitnehmende,22,1988,Millennials,4,pop_weighted
2010,ahv_einnahmen,20-24,20,24,n_personen,94968.81022628817,Anzahl,count,nur_arbeitnehmende,23,1987,Millennials,4,pop_weighted
2010,ahv_einnahmen,20-24,20,24,n_personen,97360.6992867221,Anzahl,count,nur_arbeitnehmende,24,1986,Millennials,4,pop_weighted
2010,ahv_einnahmen,20-24,20,24,sum_einkommen,2911942479.3211284,CHF,chf,nur_arbeitnehmende,20,1990,Millennials,4,pop_weighted
2010,ahv_einnahmen,20-24,20,24,sum_einkommen,2895629808.209338,CHF,chf,nur_arbeitnehmende,21,1989,Millennials,4,pop_weighted
2010,ahv_einnahmen,20-24,20,24,sum_einkommen,2937464660.325437,CHF,chf,nur_arbeitnehmende,22,1988,Millennials,4,pop_weighted
2010,ahv_einnahmen,20-24,20,24,sum_einkommen,2875827055.719248,CHF,chf,nur_arbeitnehmende,23,1987,Millennials,4,pop_weighted
2010,ahv_einnahmen,20-24,20,24,sum_einkommen,2948257775.4248495,CHF,chf,nur_arbeitnehmende,24,1986,Millennials,4,pop_weighted
2010,ahv_einnahmen,20-24,20,24,sum_beitrag_ahv,244603168.2629748,CHF,chf,nur_arbeitnehmende,20,1990,Millennials,4,pop_weighted
2010,ahv_einnahmen,20-24,20,24,sum_beitrag_ahv,243232903.88958442,CHF,chf,nur_arbeitnehmende,21,1989,Millennials,4,pop_weighted
2010,ahv_einnahmen,20-24,20,24,sum_beitrag_ahv,246747031.46733674,CHF,chf,nur_arbeitnehmende,22,1988,Millennials,4,pop_weighted
2010,ahv_einnahmen,20-24,20,24,sum_beitrag_ahv,241569472.68041682,CHF,chf,nur_arbeitnehmende,23,1987,Millennials,4,pop_weighted
2010,ahv_einnahmen,20-24,20,24,sum_beitrag_ahv,247653653.13568738,CHF,chf,nur_arbeitnehmende,24,1986,Millennials,4,pop_weighted
2010,ahv_einnahmen,25-29,25,29,n_personen,104784.00072977212,Anzahl,count,nur_arbeitnehmende,25,1985,Millennials,4,pop_weighted
2010,ahv_einnahmen,25-29,25,29,n_personen,107651.94667110876,Anzahl,count,nur_arbeitnehmende,26,1984,Millennials,4,pop_weighted
2010,ahv_einnahmen,25-29,25,29,n_personen,108120.37062111938,Anzahl,count,nur_arbeitnehmende,27,1983,Millennials,4,pop_weighted
2010,ahv_einnahmen,25-29,25,29,n_personen,112264.1626043346,Anzahl,count,nur_arbeitnehmende,28,1982,Millennials,4,pop_weighted
2010,ahv_einnahmen,25-29,25,29,n_personen,113331.51937366514,Anzahl,count,nur_arbeitnehmende,29,1981,Millennials,4,pop_weighted
2010,ahv_einnahmen,25-29,25,29,sum_einkommen,5213480052.459502,CHF,chf,nur_arbeitnehmende,25,1985,Millennials,4,pop_weighted
2010,ahv_einnahmen,25-29,25,29,sum_einkommen,5356173391.638739,CHF,chf,nur_arbeitnehmende,26,1984,Millennials,4,pop_weighted
2010,ahv_einnahmen,25-29,25,29,sum_einkommen,5379479611.123263,CHF,chf,nur_arbeitnehmende,27,1983,Millennials,4,pop_weighted
2010,ahv_einnahmen,25-29,25,29,sum_einkommen,5585652086.840694,CHF,chf,nur_arbeitnehmende,28,1982,Millennials,4,pop_weighted
2010,ahv_einnahmen,25-29,25,29,sum_einkommen,5638757934.9378,CHF,chf,nur_arbeitnehmende,29,1981,Millennials,4,pop_weighted
2010,ahv_einnahmen,25-29,25,29,sum_beitrag_ahv,437932324.4065982,CHF,chf,nur_arbeitnehmende,25,1985,Millennials,4,pop_weighted
2010,ahv_einnahmen,25-29,25,29,sum_beitrag_ahv,449918564.89765406,CHF,chf,nur_arbeitnehmende,26,1984,Millennials,4,pop_weighted
2010,ahv_einnahmen,25-29,25,29,sum_beitrag_ahv,451876287.3343541,CHF,chf,nur_arbeitnehmende,27,1983,Millennials,4,pop_weighted
2010,ahv_einnahmen,25-29,25,29,sum_beitrag_ahv,469194775.2946183,CHF,chf,nur_arbeitnehmende,28,1982,Millennials,4,pop_weighted
2010,ahv_einnahmen,25-29,25,29,sum_beitrag_ahv,473655666.53477526,CHF,chf,nur_arbeitnehmende,29,1981,Millennials,4,pop_weighted
2010,ahv_einnahmen,30-34,30,34,n_personen,108039.79972976676,Anzahl,count,nur_arbeitnehmende,30,1980,Generation X,3,pop_weighted
2010,ahv_einnahmen,30-34,30,34,n_personen,106973.70266312025,Anzahl,count,nur_arbeitnehmende,31,1979,Generation X,3,pop_weighted
2010,ahv_einnahmen,30-34,30,34,n_personen,106706.67073118879,Anzahl,count,nur_arbeitnehmende,32,1978,Generation X,3,pop_weighted
2010,ahv_einnahmen,30-34,30,34,n_personen,107762.61449243866,Anzahl,count,nur_arbeitnehmende,33,1977,Generation X,3,pop_weighted
2010,ahv_einnahmen,30-34,30,34,n_personen,107802.21238348554,Anzahl,count,nur_arbeitnehmende,34,1976,Generation X,3,pop_weighted
2010,ahv_einnahmen,30-34,30,34,sum_einkommen,6783579433.803677,CHF,chf,nur_arbeitnehmende,30,1980,Generation X,3,pop_weighted
2010,ahv_einnahmen,30-34,30,34,sum_einkommen,6716641563.187195,CHF,chf,nur_arbeitnehmende,31,1979,Generation X,3,pop_weighted
2010,ahv_einnahmen,30-34,30,34,sum_einkommen,6699875220.35659,CHF,chf,nur_arbeitnehmende,32,1978,Generation X,3,pop_weighted
2010,ahv_einnahmen,30-34,30,34,sum_einkommen,6766175587.443391,CHF,chf,nur_arbeitnehmende,33,1977,Generation X,3,pop_weighted
2010,ahv_einnahmen,30-34,30,34,sum_einkommen,6768661851.2091465,CHF,chf,nur_arbeitnehmende,34,1976,Generation X,3,pop_weighted
2010,ahv_einnahmen,30-34,30,34,sum_beitrag_ahv,569820672.4395089,CHF,chf,nur_arbeitnehmende,30,1980,Generation X,3,pop_weighted
2010,ahv_einnahmen,30-34,30,34,sum_beitrag_ahv,564197891.3077244,CHF,chf,nur_arbeitnehmende,31,1979,Generation X,3,pop_weighted
2010,ahv_einnahmen,30-34,30,34,sum_beitrag_ahv,562789518.5099536,CHF,chf,nur_arbeitnehmende,32,1978,Generation X,3,pop_weighted
2010,ahv_einnahmen,30-34,30,34,sum_beitrag_ahv,568358749.3452449,CHF,chf,nur_arbeitnehmende,33,1977,Generation X,3,pop_weighted
2010,ahv_einnahmen,30-34,30,34,sum_beitrag_ahv,568567595.5015683,CHF,chf,nur_arbeitnehmende,34,1976,Generation X,3,pop_weighted
2010,ahv_einnahmen,35-39,35,39,n_personen,102187.62380443678,Anzahl,count,nur_arbeitnehmende,35,1975,Generation X,3,pop_weighted
2010,ahv_einnahmen,35-39,35,39,n_personen,104846.32291920461,Anzahl,count,nur_arbeitnehmende,36,1974,Generation X,3,pop_weighted
2010,ahv_einnahmen,35-39,35,39,n_personen,105716.6251101074,Anzahl,count,nur_arbeitnehmende,37,1973,Generation X,3,pop_weighted
2010,ahv_einnahmen,35-39,35,39,n_personen,109496.53726159017,Anzahl,count,nur_arbeitnehmende,38,1972,Generation X,3,pop_weighted
2010,ahv_einnahmen,35-39,35,39,n_personen,113266.89090466105,Anzahl,count,nur_arbeitnehmende,39,1971,Generation X,3,pop_weighted
2010,ahv_einnahmen,35-39,35,39,sum_einkommen,7349174490.718962,CHF,chf,nur_arbeitnehmende,35,1975,Generation X,3,pop_weighted
2010,ahv_einnahmen,35-39,35,39,sum_einkommen,7540383983.466757,CHF,chf,nur_arbeitnehmende,36,1974,Generation X,3,pop_weighted
2010,ahv_einnahmen,35-39,35,39,sum_einkommen,7602974759.359932,CHF,chf,nur_arbeitnehmende,37,1973,Generation X,3,pop_weighted
2010,ahv_einnahmen,35-39,35,39,sum_einkommen,7874820144.609312,CHF,chf,nur_arbeitnehmende,38,1972,Generation X,3,pop_weighted
2010,ahv_einnahmen,35-39,35,39,sum_einkommen,8145978096.845038,CHF,chf,nur_arbeitnehmende,39,1971,Generation X,3,pop_weighted
2010,ahv_einnahmen,35-39,35,39,sum_beitrag_ahv,617330657.2203928,CHF,chf,nur_arbeitnehmende,35,1975,Generation X,3,pop_weighted
2010,ahv_einnahmen,35-39,35,39,sum_beitrag_ahv,633392254.6112076,CHF,chf,nur_arbeitnehmende,36,1974,Generation X,3,pop_weighted
2010,ahv_einnahmen,35-39,35,39,sum_beitrag_ahv,638649879.7862343,CHF,chf,nur_arbeitnehmende,37,1973,Generation X,3,pop_weighted
2010,ahv_einnahmen,35-39,35,39,sum_beitrag_ahv,661484892.1471822,CHF,chf,nur_arbeitnehmende,38,1972,Generation X,3,pop_weighted
2010,ahv_einnahmen,35-39,35,39,sum_beitrag_ahv,684262160.1349832,CHF,chf,nur_arbeitnehmende,39,1971,Generation X,3,pop_weighted
2010,ahv_einnahmen,40-44,40,44,n_personen,112527.40654284715,Anzahl,count,nur_arbeitnehmende,40,1970,Generation X,3,pop_weighted
2010,ahv_einnahmen,40-44,40,44,n_personen,115973.85427712092,Anzahl,count,nur_arbeitnehmende,41,1969,Generation X,3,pop_weighted
2010,ahv_einnahmen,40-44,40,44,n_personen,118957.59747424645,Anzahl,count,nur_arbeitnehmende,42,1968,Generation X,3,pop_weighted
2010,ahv_einnahmen,40-44,40,44,n_personen,120135.85821985321,Anzahl,count,nur_arbeitnehmende,43,1967,Generation X,3,pop_weighted
2010,ahv_einnahmen,40-44,40,44,n_personen,123217.28348593226,Anzahl,count,nur_arbeitnehmende,44,1966,Generation X,3,pop_weighted
2010,ahv_einnahmen,40-44,40,44,sum_einkommen,8718790194.961502,CHF,chf,nur_arbeitnehmende,40,1970,Generation X,3,pop_weighted
2010,ahv_einnahmen,40-44,40,44,sum_einkommen,8985826072.142157,CHF,chf,nur_arbeitnehmende,41,1969,Generation X,3,pop_weighted
2010,ahv_einnahmen,40-44,40,44,sum_einkommen,9217010916.178135,CHF,chf,nur_arbeitnehmende,42,1968,Generation X,3,pop_weighted
2010,ahv_einnahmen,40-44,40,44,sum_einkommen,9308304304.620287,CHF,chf,nur_arbeitnehmende,43,1967,Generation X,3,pop_weighted
2010,ahv_einnahmen,40-44,40,44,sum_einkommen,9547057700.09792,CHF,chf,nur_arbeitnehmende,44,1966,Generation X,3,pop_weighted
2010,ahv_einnahmen,40-44,40,44,sum_beitrag_ahv,732378376.3767661,CHF,chf,nur_arbeitnehmende,40,1970,Generation X,3,pop_weighted
2010,ahv_einnahmen,40-44,40,44,sum_beitrag_ahv,754809390.0599412,CHF,chf,nur_arbeitnehmende,41,1969,Generation X,3,pop_weighted
2010,ahv_einnahmen,40-44,40,44,sum_beitrag_ahv,774228916.9589633,CHF,chf,nur_arbeitnehmende,42,1968,Generation X,3,pop_weighted
2010,ahv_einnahmen,40-44,40,44,sum_beitrag_ahv,781897561.5881041,CHF,chf,nur_arbeitnehmende,43,1967,Generation X,3,pop_weighted
2010,ahv_einnahmen,40-44,40,44,sum_beitrag_ahv,801952846.8082252,CHF,chf,nur_arbeitnehmende,44,1966,Generation X,3,pop_weighted
2010,ahv_einnahmen,45-49,45,49,n_personen,120811.97058952777,Anzahl,count,nur_arbeitnehmende,45,1965,Generation X,3,pop_weighted
2010,ahv_einnahmen,45-49,45,49,n_personen,122880.32546725783,Anzahl,count,nur_arbeitnehmende,46,1964,Babyboomers,2,pop_weighted
2010,ahv_einnahmen,45-49,45,49,n_personen,119787.81601570902,Anzahl,count,nur_arbeitnehmende,47,1963,Babyboomers,2,pop_weighted
2010,ahv_einnahmen,45-49,45,49,n_personen,115488.00691085964,Anzahl,count,nur_arbeitnehmende,48,1962,Babyboomers,2,pop_weighted
2010,ahv_einnahmen,45-49,45,49,n_personen,111965.88101664574,Anzahl,count,nur_arbeitnehmende,49,1961,Babyboomers,2,pop_weighted
2010,ahv_einnahmen,45-49,45,49,sum_einkommen,9727006349.702911,CHF,chf,nur_arbeitnehmende,45,1965,Generation X,3,pop_weighted
2010,ahv_einnahmen,45-49,45,49,sum_einkommen,9893537041.412886,CHF,chf,nur_arbeitnehmende,46,1964,Babyboomers,2,pop_weighted
2010,ahv_einnahmen,45-49,45,49,sum_einkommen,9644547980.768105,CHF,chf,nur_arbeitnehmende,47,1963,Babyboomers,2,pop_weighted
2010,ahv_einnahmen,45-49,45,49,sum_einkommen,9298354882.010672,CHF,chf,nur_arbeitnehmende,48,1962,Babyboomers,2,pop_weighted
2010,ahv_einnahmen,45-49,45,49,sum_einkommen,9014775856.105427,CHF,chf,nur_arbeitnehmende,49,1961,Babyboomers,2,pop_weighted
2010,ahv_einnahmen,45-49,45,49,sum_beitrag_ahv,817068533.3750445,CHF,chf,nur_arbeitnehmende,45,1965,Generation X,3,pop_weighted
2010,ahv_einnahmen,45-49,45,49,sum_beitrag_ahv,831057111.4786824,CHF,chf,nur_arbeitnehmende,46,1964,Babyboomers,2,pop_weighted
2010,ahv_einnahmen,45-49,45,49,sum_beitrag_ahv,810142030.3845208,CHF,chf,nur_arbeitnehmende,47,1963,Babyboomers,2,pop_weighted
2010,ahv_einnahmen,45-49,45,49,sum_beitrag_ahv,781061810.0888964,CHF,chf,nur_arbeitnehmende,48,1962,Babyboomers,2,pop_weighted
2010,ahv_einnahmen,45-49,45,49,sum_beitrag_ahv,757241171.9128557,CHF,chf,nur_arbeitnehmende,49,1961,Babyboomers,2,pop_weighted
2010,ahv_einnahmen,50-54,50,54,n_personen,102835.0347659632,Anzahl,count,nur_arbeitnehmende,50,1960,Babyboomers,2,pop_weighted
2010,ahv_einnahmen,50-54,50,54,n_personen,100086.66253901937,Anzahl,count,nur_arbeitnehmende,51,1959,Babyboomers,2,pop_weighted
2010,ahv_einnahmen,50-54,50,54,n_personen,96528.58252249818,Anzahl,count,nur_arbeitnehmende,52,1958,Babyboomers,2,pop_weighted
2010,ahv_einnahmen,50-54,50,54,n_personen,94644.41352195013,Anzahl,count,nur_arbeitnehmende,53,1957,Babyboomers,2,pop_weighted
2010,ahv_einnahmen,50-54,50,54,n_personen,92112.3066505691,Anzahl,count,nur_arbeitnehmende,54,1956,Babyboomers,2,pop_weighted
2010,ahv_einnahmen,50-54,50,54,sum_einkommen,8342602895.223436,CHF,chf,nur_arbeitnehmende,50,1960,Babyboomers,2,pop_weighted
2010,ahv_einnahmen,50-54,50,54,sum_einkommen,8119638239.745513,CHF,chf,nur_arbeitnehmende,51,1959,Babyboomers,2,pop_weighted
2010,ahv_einnahmen,50-54,50,54,sum_einkommen,7830985168.204071,CHF,chf,nur_arbeitnehmende,52,1958,Babyboomers,2,pop_weighted
2010,ahv_einnahmen,50-54,50,54,sum_einkommen,7678129929.764795,CHF,chf,nur_arbeitnehmende,53,1957,Babyboomers,2,pop_weighted
2010,ahv_einnahmen,50-54,50,54,sum_einkommen,7472710034.062184,CHF,chf,nur_arbeitnehmende,54,1956,Babyboomers,2,pop_weighted
2010,ahv_einnahmen,50-54,50,54,sum_beitrag_ahv,700778643.1987686,CHF,chf,nur_arbeitnehmende,50,1960,Babyboomers,2,pop_weighted
2010,ahv_einnahmen,50-54,50,54,sum_beitrag_ahv,682049612.1386231,CHF,chf,nur_arbeitnehmende,51,1959,Babyboomers,2,pop_weighted
2010,ahv_einnahmen,50-54,50,54,sum_beitrag_ahv,657802754.1291419,CHF,chf,nur_arbeitnehmende,52,1958,Babyboomers,2,pop_weighted
2010,ahv_einnahmen,50-54,50,54,sum_beitrag_ahv,644962914.1002429,CHF,chf,nur_arbeitnehmende,53,1957,Babyboomers,2,pop_weighted
2010,ahv_einnahmen,50-54,50,54,sum_beitrag_ahv,627707642.8612235,CHF,chf,nur_arbeitnehmende,54,1956,Babyboomers,2,pop_weighted
2010,ahv_einnahmen,55-59,55,59,n_personen,80915.22786619709,Anzahl,count,nur_arbeitnehmende,55,1955,Babyboomers,2,pop_weighted
2010,ahv_einnahmen,55-59,55,59,n_personen,78663.85390769759,Anzahl,count,nur_arbeitnehmende,56,1954,Babyboomers,2,pop_weighted
2010,ahv_einnahmen,55-59,55,59,n_personen,76010.95352668327,Anzahl,count,nur_arbeitnehmende,57,1953,Babyboomers,2,pop_weighted
2010,ahv_einnahmen,55-59,55,59,n_personen,75656.52697777723,Anzahl,count,nur_arbeitnehmende,58,1952,Babyboomers,2,pop_weighted
2010,ahv_einnahmen,55-59,55,59,n_personen,72584.4377216448,Anzahl,count,nur_arbeitnehmende,59,1951,Babyboomers,2,pop_weighted
2010,ahv_einnahmen,55-59,55,59,sum_einkommen,6461267873.287853,CHF,chf,nur_arbeitnehmende,55,1955,Babyboomers,2,pop_weighted
2010,ahv_einnahmen,55-59,55,59,sum_einkommen,6281490461.638411,CHF,chf,nur_arbeitnehmende,56,1954,Babyboomers,2,pop_weighted
2010,ahv_einnahmen,55-59,55,59,sum_einkommen,6069650237.555674,CHF,chf,nur_arbeitnehmende,57,1953,Babyboomers,2,pop_weighted
2010,ahv_einnahmen,55-59,55,59,sum_einkommen,6041348458.838894,CHF,chf,nur_arbeitnehmende,58,1952,Babyboomers,2,pop_weighted
2010,ahv_einnahmen,55-59,55,59,sum_einkommen,5796035034.679169,CHF,chf,nur_arbeitnehmende,59,1951,Babyboomers,2,pop_weighted
2010,ahv_einnahmen,55-59,55,59,sum_beitrag_ahv,542746501.3561797,CHF,chf,nur_arbeitnehmende,55,1955,Babyboomers,2,pop_weighted
2010,ahv_einnahmen,55-59,55,59,sum_beitrag_ahv,527645198.7776265,CHF,chf,nur_arbeitnehmende,56,1954,Babyboomers,2,pop_weighted
2010,ahv_einnahmen,55-59,55,59,sum_beitrag_ahv,509850619.9546766,CHF,chf,nur_arbeitnehmende,57,1953,Babyboomers,2,pop_weighted
2010,ahv_einnahmen,55-59,55,59,sum_beitrag_ahv,507473270.5424671,CHF,chf,nur_arbeitnehmende,58,1952,Babyboomers,2,pop_weighted
2010,ahv_einnahmen,55-59,55,59,sum_beitrag_ahv,486866942.9130502,CHF,chf,nur_arbeitnehmende,59,1951,Babyboomers,2,pop_weighted
2010,ahv_einnahmen,60-64,60,64,n_personen,56948.60438012917,Anzahl,count,nur_arbeitnehmende,60,1950,Babyboomers,2,pop_weighted
2010,ahv_einnahmen,60-64,60,64,n_personen,55920.729490603604,Anzahl,count,nur_arbeitnehmende,61,1949,Babyboomers,2,pop_weighted
2010,ahv_einnahmen,60-64,60,64,n_personen,56347.0536978585,Anzahl,count,nur_arbeitnehmende,62,1948,Babyboomers,2,pop_weighted
2010,ahv_einnahmen,60-64,60,64,n_personen,55206.2751517506,Anzahl,count,nur_arbeitnehmende,63,1947,Babyboomers,2,pop_weighted
2010,ahv_einnahmen,60-64,60,64,n_personen,54580.33727965813,Anzahl,count,nur_arbeitnehmende,64,1946,Babyboomers,2,pop_weighted
2010,ahv_einnahmen,60-64,60,64,sum_einkommen,3880250926.7484093,CHF,chf,nur_arbeitnehmende,60,1950,Babyboomers,2,pop_weighted
2010,ahv_einnahmen,60-64,60,64,sum_einkommen,3810215628.498771,CHF,chf,nur_arbeitnehmende,61,1949,Babyboomers,2,pop_weighted
2010,ahv_einnahmen,60-64,60,64,sum_einkommen,3839263660.8132086,CHF,chf,nur_arbeitnehmende,62,1948,Babyboomers,2,pop_weighted
2010,ahv_einnahmen,60-64,60,64,sum_einkommen,3761535557.395552,CHF,chf,nur_arbeitnehmende,63,1947,Babyboomers,2,pop_weighted
2010,ahv_einnahmen,60-64,60,64,sum_einkommen,3718886645.544059,CHF,chf,nur_arbeitnehmende,64,1946,Babyboomers,2,pop_weighted
2010,ahv_einnahmen,60-64,60,64,sum_beitrag_ahv,325941077.8468664,CHF,chf,nur_arbeitnehmende,60,1950,Babyboomers,2,pop_weighted
2010,ahv_einnahmen,60-64,60,64,sum_beitrag_ahv,320058112.7938968,CHF,chf,nur_arbeitnehmende,61,1949,Babyboomers,2,pop_weighted
2010,ahv_einnahmen,60-64,60,64,sum_beitrag_ahv,322498147.50830954,CHF,chf,nur_arbeitnehmende,62,1948,Babyboomers,2,pop_weighted
2010,ahv_einnahmen,60-64,60,64,sum_beitrag_ahv,315968986.82122636,CHF,chf,nur_arbeitnehmende,63,1947,Babyboomers,2,pop_weighted
2010,ahv_einnahmen,60-64,60,64,sum_beitrag_ahv,312386478.2257009,CHF,chf,nur_arbeitnehmende,64,1946,Babyboomers,2,pop_weighted
2010,ahv_einnahmen,65-69,65,69,n_personen,10674.705933368139,Anzahl,count,nur_arbeitnehmende,65,1945,Silent Generation,1,pop_weighted
2010,ahv_einnahmen,65-69,65,69,n_personen,10454.315981104734,Anzahl,count,nur_arbeitnehmende,66,1944,Silent Generation,1,pop_weighted
2010,ahv_einnahmen,65-69,65,69,n_personen,10049.176492064462,Anzahl,count,nur_arbeitnehmende,67,1943,Silent Generation,1,pop_weighted
2010,ahv_einnahmen,65-69,65,69,n_personen,9531.1859820642,Anzahl,count,nur_arbeitnehmende,68,1942,Silent Generation,1,pop_weighted
2010,ahv_einnahmen,65-69,65,69,n_personen,8861.615611398467,Anzahl,count,nur_arbeitnehmende,69,1941,Silent Generation,1,pop_weighted
2010,ahv_einnahmen,65-69,65,69,sum_einkommen,502139786.69094574,CHF,chf,nur_arbeitnehmende,65,1945,Silent Generation,1,pop_weighted
2010,ahv_einnahmen,65-69,65,69,sum_einkommen,491772609.8985208,CHF,chf,nur_arbeitnehmende,66,1944,Silent Generation,1,pop_weighted
2010,ahv_einnahmen,65-69,65,69,sum_einkommen,472714786.8655849,CHF,chf,nur_arbeitnehmende,67,1943,Silent Generation,1,pop_weighted
2010,ahv_einnahmen,65-69,65,69,sum_einkommen,448348434.68473417,CHF,chf,nur_arbeitnehmende,68,1942,Silent Generation,1,pop_weighted
2010,ahv_einnahmen,65-69,65,69,sum_einkommen,416851742.8602144,CHF,chf,nur_arbeitnehmende,69,1941,Silent Generation,1,pop_weighted
2010,ahv_einnahmen,65-69,65,69,sum_beitrag_ahv,42179742.082039446,CHF,chf,nur_arbeitnehmende,65,1945,Silent Generation,1,pop_weighted
2010,ahv_einnahmen,65-69,65,69,sum_beitrag_ahv,41308899.23147575,CHF,chf,nur_arbeitnehmende,66,1944,Silent Generation,1,pop_weighted
2010,ahv_einnahmen,65-69,65,69,sum_beitrag_ahv,39708042.09670913,CHF,chf,nur_arbeitnehmende,67,1943,Silent Generation,1,pop_weighted
2010,ahv_einnahmen,65-69,65,69,sum_beitrag_ahv,37661268.51351767,CHF,chf,nur_arbeitnehmende,68,1942,Silent Generation,1,pop_weighted
2010,ahv_einnahmen,65-69,65,69,sum_beitrag_ahv,35015546.40025801,CHF,chf,nur_arbeitnehmende,69,1941,Silent Generation,1,pop_weighted
2010,ahv_einnahmen,70-74,70,74,n_personen,2013.2610722192987,Anzahl,count,nur_arbeitnehmende,70,1940,Silent Generation,1,pop_weighted
2010,ahv_einnahmen,70-74,70,74,n_personen,1950.0980204004163,Anzahl,count,nur_arbeitnehmende,71,1939,Silent Generation,1,pop_weighted
2010,ahv_einnahmen,70-74,70,74,n_personen,1878.3510363939388,Anzahl,count,nur_arbeitnehmende,72,1938,Silent Generation,1,pop_weighted
2010,ahv_einnahmen,70-74,70,74,n_personen,1780.071898353076,Anzahl,count,nur_arbeitnehmende,73,1937,Silent Generation,1,pop_weighted
2010,ahv_einnahmen,70-74,70,74,n_personen,1770.2179726332697,Anzahl,count,nur_arbeitnehmende,74,1936,Silent Generation,1,pop_weighted
2010,ahv_einnahmen,70-74,70,74,sum_einkommen,93496177.73669092,CHF,chf,nur_arbeitnehmende,70,1940,Silent Generation,1,pop_weighted
2010,ahv_einnahmen,70-74,70,74,sum_einkommen,90562875.14581524,CHF,chf,nur_arbeitnehmende,71,1939,Silent Generation,1,pop_weighted
2010,ahv_einnahmen,70-74,70,74,sum_einkommen,87230933.32202257,CHF,chf,nur_arbeitnehmende,72,1938,Silent Generation,1,pop_weighted
2010,ahv_einnahmen,70-74,70,74,sum_einkommen,82666833.8692138,CHF,chf,nur_arbeitnehmende,73,1937,Silent Generation,1,pop_weighted
2010,ahv_einnahmen,70-74,70,74,sum_einkommen,82209215.92625743,CHF,chf,nur_arbeitnehmende,74,1936,Silent Generation,1,pop_weighted
2010,ahv_einnahmen,70-74,70,74,sum_beitrag_ahv,7853678.929882037,CHF,chf,nur_arbeitnehmende,70,1940,Silent Generation,1,pop_weighted
2010,ahv_einnahmen,70-74,70,74,sum_beitrag_ahv,7607281.51224848,CHF,chf,nur_arbeitnehmende,71,1939,Silent Generation,1,pop_weighted
2010,ahv_einnahmen,70-74,70,74,sum_beitrag_ahv,7327398.399049896,CHF,chf,nur_arbeitnehmende,72,1938,Silent Generation,1,pop_weighted
2010,ahv_einnahmen,70-74,70,74,sum_beitrag_ahv,6944014.0450139595,CHF,chf,nur_arbeitnehmende,73,1937,Silent Generation,1,pop_weighted
2010,ahv_einnahmen,70-74,70,74,sum_beitrag_ahv,6905574.137805623,CHF,chf,nur_arbeitnehmende,74,1936,Silent Generation,1,pop_weighted
2010,ahv_einnahmen,75+,75,100,n_personen,406.70366084546293,Anzahl,count,nur_arbeitnehmende,75,1935,Silent Generation,1,pop_weighted
2010,ahv_einnahmen,75+,75,100,n_personen,391.6416279175439,Anzahl,count,nur_arbeitnehmende,76,1934,Silent Generation,1,pop_weighted
2010,ahv_einnahmen,75+,75,100,n_personen,370.7497107068749,Anzahl,count,nur_arbeitnehmende,77,1933,Silent Generation,1,pop_weighted
2010,ahv_einnahmen,75+,75,100,n_personen,360.35590097390303,Anzahl,count,nur_arbeitnehmende,78,1932,Silent Generation,1,pop_weighted
2010,ahv_einnahmen,75+,75,100,n_personen,341.99230495433414,Anzahl,count,nur_arbeitnehmende,79,1931,Silent Generation,1,pop_weighted
2010,ahv_einnahmen,75+,75,100,n_personen,332.0660368356482,Anzahl,count,nur_arbeitnehmende,80,1930,Silent Generation,1,pop_weighted
2010,ahv_einnahmen,75+,75,100,n_personen,307.9732578040986,Anzahl,count,nur_arbeitnehmende,81,1929,Silent Generation,1,pop_weighted
2010,ahv_einnahmen,75+,75,100,n_personen,287.30791845266043,Anzahl,count,nur_arbeitnehmende,82,1928,Silent Generation,1,pop_weighted
2010,ahv_einnahmen,75+,75,100,n_personen,263.9811883737486,Anzahl,count,nur_arbeitnehmende,83,1927,Silent Generation,1,pop_weighted
2010,ahv_einnahmen,75+,75,100,n_personen,249.63485376308256,Anzahl,count,nur_arbeitnehmende,84,1926,Silent Generation,1,pop_weighted
2010,ahv_einnahmen,75+,75,100,n_personen,229.59170440604032,Anzahl,count,nur_arbeitnehmende,85,1925,Silent Generation,1,pop_weighted
2010,ahv_einnahmen,75+,75,100,n_personen,205.51690774427095,Anzahl,count,nur_arbeitnehmende,86,1924,Silent Generation,1,pop_weighted
2010,ahv_einnahmen,75+,75,100,n_personen,184.21139602865668,Anzahl,count,nur_arbeitnehmende,87,1923,Silent Generation,1,pop_weighted
2010,ahv_einnahmen,75+,75,100,n_personen,160.63291277282158,Anzahl,count,nur_arbeitnehmende,88,1922,Silent Generation,1,pop_weighted
2010,ahv_einnahmen,75+,75,100,n_personen,144.71132256940763,Anzahl,count,nur_arbeitnehmende,89,1921,Silent Generation,1,pop_weighted
2010,ahv_einnahmen,75+,75,100,n_personen,119.9388099601654,Anzahl,count,nur_arbeitnehmende,90,1920,Silent Generation,1,pop_weighted
2010,ahv_einnahmen,75+,75,100,n_personen,85.98090286718265,Anzahl,count,nur_arbeitnehmende,91,1919,Silent Generation,1,pop_weighted
2010,ahv_einnahmen,75+,75,100,n_personen,67.4195007800312,Anzahl,count,nur_arbeitnehmende,92,1918,Silent Generation,1,pop_weighted
2010,ahv_einnahmen,75+,75,100,n_personen,55.00447268376172,Anzahl,count,nur_arbeitnehmende,93,1917,Silent Generation,1,pop_weighted
2010,ahv_einnahmen,75+,75,100,n_personen,43.765491571119156,Anzahl,count,nur_arbeitnehmende,94,1916,Silent Generation,1,pop_weighted
2010,ahv_einnahmen,75+,75,100,n_personen,34.083783681444345,Anzahl,count,nur_arbeitnehmende,95,1915,Silent Generation,1,pop_weighted
2010,ahv_einnahmen,75+,75,100,n_personen,29.854330309134696,Anzahl,count,nur_arbeitnehmende,96,1914,Silent Generation,1,pop_weighted
2010,ahv_einnahmen,75+,75,100,n_personen,21.747878012207867,Anzahl,count,nur_arbeitnehmende,97,1913,Silent Generation,1,pop_weighted
2010,ahv_einnahmen,75+,75,100,n_personen,16.076238583523924,Anzahl,count,nur_arbeitnehmende,98,1912,Silent Generation,1,pop_weighted
2010,ahv_einnahmen,75+,75,100,n_personen,38.057887402874755,Anzahl,count,nur_arbeitnehmende,99,1911,Silent Generation,1,pop_weighted
2010,ahv_einnahmen,75+,75,100,n_personen,0.0,Anzahl,count,nur_arbeitnehmende,100,1910,Silent Generation,1,pop_weighted
2010,ahv_einnahmen,75+,75,100,sum_einkommen,20848937.289850507,CHF,chf,nur_arbeitnehmende,75,1935,Silent Generation,1,pop_weighted
2010,ahv_einnahmen,75+,75,100,sum_einkommen,20076809.054468896,CHF,chf,nur_arbeitnehmende,76,1934,Silent Generation,1,pop_weighted
2010,ahv_einnahmen,75+,75,100,sum_einkommen,19005822.206490923,CHF,chf,nur_arbeitnehmende,77,1933,Silent Generation,1,pop_weighted
2010,ahv_einnahmen,75+,75,100,sum_einkommen,18473002.101368465,CHF,chf,nur_arbeitnehmende,78,1932,Silent Generation,1,pop_weighted
2010,ahv_einnahmen,75+,75,100,sum_einkommen,17531625.12671266,CHF,chf,nur_arbeitnehmende,79,1931,Silent Generation,1,pop_weighted
2010,ahv_einnahmen,75+,75,100,sum_einkommen,17022772.7079798,CHF,chf,nur_arbeitnehmende,80,1930,Silent Generation,1,pop_weighted
2010,ahv_einnahmen,75+,75,100,sum_einkommen,15787699.391642308,CHF,chf,nur_arbeitnehmende,81,1929,Silent Generation,1,pop_weighted
2010,ahv_einnahmen,75+,75,100,sum_einkommen,14728327.653222362,CHF,chf,nur_arbeitnehmende,82,1928,Silent Generation,1,pop_weighted
2010,ahv_einnahmen,75+,75,100,sum_einkommen,13532524.469200129,CHF,chf,nur_arbeitnehmende,83,1927,Silent Generation,1,pop_weighted
2010,ahv_einnahmen,75+,75,100,sum_einkommen,12797085.230676431,CHF,chf,nur_arbeitnehmende,84,1926,Silent Generation,1,pop_weighted
2010,ahv_einnahmen,75+,75,100,sum_einkommen,11769608.951836482,CHF,chf,nur_arbeitnehmende,85,1925,Silent Generation,1,pop_weighted
2010,ahv_einnahmen,75+,75,100,sum_einkommen,10535457.4695909,CHF,chf,nur_arbeitnehmende,86,1924,Silent Generation,1,pop_weighted
2010,ahv_einnahmen,75+,75,100,sum_einkommen,9443268.437499052,CHF,chf,nur_arbeitnehmende,87,1923,Silent Generation,1,pop_weighted
2010,ahv_einnahmen,75+,75,100,sum_einkommen,8234559.576190115,CHF,chf,nur_arbeitnehmende,88,1922,Silent Generation,1,pop_weighted
2010,ahv_einnahmen,75+,75,100,sum_einkommen,7418367.671215334,CHF,chf,nur_arbeitnehmende,89,1921,Silent Generation,1,pop_weighted
2010,ahv_einnahmen,75+,75,100,sum_einkommen,6148449.026203747,CHF,chf,nur_arbeitnehmende,90,1920,Silent Generation,1,pop_weighted
2010,ahv_einnahmen,75+,75,100,sum_einkommen,4407657.527045878,CHF,chf,nur_arbeitnehmende,91,1919,Silent Generation,1,pop_weighted
2010,ahv_einnahmen,75+,75,100,sum_einkommen,3456140.377379095,CHF,chf,nur_arbeitnehmende,92,1918,Silent Generation,1,pop_weighted
2010,ahv_einnahmen,75+,75,100,sum_einkommen,2819706.12032625,CHF,chf,nur_arbeitnehmende,93,1917,Silent Generation,1,pop_weighted
2010,ahv_einnahmen,75+,75,100,sum_einkommen,2243559.8128841463,CHF,chf,nur_arbeitnehmende,94,1916,Silent Generation,1,pop_weighted
2010,ahv_einnahmen,75+,75,100,sum_einkommen,1747244.3378012208,CHF,chf,nur_arbeitnehmende,95,1915,Silent Generation,1,pop_weighted
2010,ahv_einnahmen,75+,75,100,sum_einkommen,1530428.9593846085,CHF,chf,nur_arbeitnehmende,96,1914,Silent Generation,1,pop_weighted
2010,ahv_einnahmen,75+,75,100,sum_einkommen,1114866.1507527682,CHF,chf,nur_arbeitnehmende,97,1913,Silent Generation,1,pop_weighted
2010,ahv_einnahmen,75+,75,100,sum_einkommen,824119.6781651849,CHF,chf,nur_arbeitnehmende,98,1912,Silent Generation,1,pop_weighted
2010,ahv_einnahmen,75+,75,100,sum_einkommen,1950969.6721127487,CHF,chf,nur_arbeitnehmende,99,1911,Silent Generation,1,pop_weighted
2010,ahv_einnahmen,75+,75,100,sum_einkommen,0.0,CHF,chf,nur_arbeitnehmende,100,1910,Silent Generation,1,pop_weighted
2010,ahv_einnahmen,75+,75,100,sum_beitrag_ahv,1751310.7323474428,CHF,chf,nur_arbeitnehmende,75,1935,Silent Generation,1,pop_weighted
2010,ahv_einnahmen,75+,75,100,sum_beitrag_ahv,1686451.9605753873,CHF,chf,nur_arbeitnehmende,76,1934,Silent Generation,1,pop_weighted
2010,ahv_einnahmen,75+,75,100,sum_beitrag_ahv,1596489.0653452375,CHF,chf,nur_arbeitnehmende,77,1933,Silent Generation,1,pop_weighted
2010,ahv_einnahmen,75+,75,100,sum_beitrag_ahv,1551732.176514951,CHF,chf,nur_arbeitnehmende,78,1932,Silent Generation,1,pop_weighted
2010,ahv_einnahmen,75+,75,100,sum_beitrag_ahv,1472656.5106438638,CHF,chf,nur_arbeitnehmende,79,1931,Silent Generation,1,pop_weighted
2010,ahv_einnahmen,75+,75,100,sum_beitrag_ahv,1429912.907470303,CHF,chf,nur_arbeitnehmende,80,1930,Silent Generation,1,pop_weighted
2010,ahv_einnahmen,75+,75,100,sum_beitrag_ahv,1326166.748897954,CHF,chf,nur_arbeitnehmende,81,1929,Silent Generation,1,pop_weighted
2010,ahv_einnahmen,75+,75,100,sum_beitrag_ahv,1237179.5228706785,CHF,chf,nur_arbeitnehmende,82,1928,Silent Generation,1,pop_weighted
2010,ahv_einnahmen,75+,75,100,sum_beitrag_ahv,1136732.0554128108,CHF,chf,nur_arbeitnehmende,83,1927,Silent Generation,1,pop_weighted
2010,ahv_einnahmen,75+,75,100,sum_beitrag_ahv,1074955.1593768203,CHF,chf,nur_arbeitnehmende,84,1926,Silent Generation,1,pop_weighted
2010,ahv_einnahmen,75+,75,100,sum_beitrag_ahv,988647.1519542645,CHF,chf,nur_arbeitnehmende,85,1925,Silent Generation,1,pop_weighted
2010,ahv_einnahmen,75+,75,100,sum_beitrag_ahv,884978.4274456357,CHF,chf,nur_arbeitnehmende,86,1924,Silent Generation,1,pop_weighted
2010,ahv_einnahmen,75+,75,100,sum_beitrag_ahv,793234.5487499204,CHF,chf,nur_arbeitnehmende,87,1923,Silent Generation,1,pop_weighted
2010,ahv_einnahmen,75+,75,100,sum_beitrag_ahv,691703.0043999697,CHF,chf,nur_arbeitnehmende,88,1922,Silent Generation,1,pop_weighted
2010,ahv_einnahmen,75+,75,100,sum_beitrag_ahv,623142.8843820881,CHF,chf,nur_arbeitnehmende,89,1921,Silent Generation,1,pop_weighted
2010,ahv_einnahmen,75+,75,100,sum_beitrag_ahv,516469.7182011148,CHF,chf,nur_arbeitnehmende,90,1920,Silent Generation,1,pop_weighted
2010,ahv_einnahmen,75+,75,100,sum_beitrag_ahv,370243.2322718538,CHF,chf,nur_arbeitnehmende,91,1919,Silent Generation,1,pop_weighted
2010,ahv_einnahmen,75+,75,100,sum_beitrag_ahv,290315.791699844,CHF,chf,nur_arbeitnehmende,92,1918,Silent Generation,1,pop_weighted
2010,ahv_einnahmen,75+,75,100,sum_beitrag_ahv,236855.314107405,CHF,chf,nur_arbeitnehmende,93,1917,Silent Generation,1,pop_weighted
2010,ahv_einnahmen,75+,75,100,sum_beitrag_ahv,188459.0242822683,CHF,chf,nur_arbeitnehmende,94,1916,Silent Generation,1,pop_weighted
2010,ahv_einnahmen,75+,75,100,sum_beitrag_ahv,146768.52437530257,CHF,chf,nur_arbeitnehmende,95,1915,Silent Generation,1,pop_weighted
2010,ahv_einnahmen,75+,75,100,sum_beitrag_ahv,128556.03258830712,CHF,chf,nur_arbeitnehmende,96,1914,Silent Generation,1,pop_weighted
2010,ahv_einnahmen,75+,75,100,sum_beitrag_ahv,93648.75666323252,CHF,chf,nur_arbeitnehmende,97,1913,Silent Generation,1,pop_weighted
2010,ahv_einnahmen,75+,75,100,sum_beitrag_ahv,69226.05296587553,CHF,chf,nur_arbeitnehmende,98,1912,Silent Generation,1,pop_weighted
2010,ahv_einnahmen,75+,75,100,sum_beitrag_ahv,163881.4524574709,CHF,chf,nur_arbeitnehmende,99,1911,Silent Generation,1,pop_weighted
2010,ahv_einnahmen,75+,75,100,sum_beitrag_ahv,0.0,CHF,chf,nur_arbeitnehmende,100,1910,Silent Generation,1,pop_weighted
2011,ahv_einnahmen,<20,0,19,n_personen,3815.594287052477,Anzahl,count,nur_arbeitnehmende,0,2011,Generation Z,5,pop_weighted
2011,ahv_einnahmen,<20,0,19,n_personen,7769.458012349964,Anzahl,count,nur_arbeitnehmende,1,2010,Generation Z,5,pop_weighted
2011,ahv_einnahmen,<20,0,19,n_personen,7762.306144854531,Anzahl,count,nur_arbeitnehmende,2,2009,Generation Z,5,pop_weighted
2011,ahv_einnahmen,<20,0,19,n_personen,7702.366683940439,Anzahl,count,nur_arbeitnehmende,3,2008,Generation Z,5,pop_weighted
2011,ahv_einnahmen,<20,0,19,n_personen,7589.542325288019,Anzahl,count,nur_arbeitnehmende,4,2007,Generation Z,5,pop_weighted
2011,ahv_einnahmen,<20,0,19,n_personen,7500.946742232367,Anzahl,count,nur_arbeitnehmende,5,2006,Generation Z,5,pop_weighted
2011,ahv_einnahmen,<20,0,19,n_personen,7503.330698064177,Anzahl,count,nur_arbeitnehmende,6,2005,Generation Z,5,pop_weighted
2011,ahv_einnahmen,<20,0,19,n_personen,7511.942130354595,Anzahl,count,nur_arbeitnehmende,7,2004,Generation Z,5,pop_weighted
2011,ahv_einnahmen,<20,0,19,n_personen,7389.971165653596,Anzahl,count,nur_arbeitnehmende,8,2003,Generation Z,5,pop_weighted
2011,ahv_einnahmen,<20,0,19,n_personen,7487.226833159498,Anzahl,count,nur_arbeitnehmende,9,2002,Generation Z,5,pop_weighted
2011,ahv_einnahmen,<20,0,19,n_personen,7527.754082300277,Anzahl,count,nur_arbeitnehmende,10,2001,Generation Z,5,pop_weighted
2011,ahv_einnahmen,<20,0,19,n_personen,7998.901598121767,Anzahl,count,nur_arbeitnehmende,11,2000,Generation Z,5,pop_weighted
2011,ahv_einnahmen,<20,0,19,n_personen,7966.839824791908,Anzahl,count,nur_arbeitnehmende,12,1999,Generation Z,5,pop_weighted
2011,ahv_einnahmen,<20,0,19,n_personen,8091.1460931648835,Anzahl,count,nur_arbeitnehmende,13,1998,Generation Z,5,pop_weighted
2011,ahv_einnahmen,<20,0,19,n_personen,8223.674576549614,Anzahl,count,nur_arbeitnehmende,14,1997,Generation Z,5,pop_weighted
2011,ahv_einnahmen,<20,0,19,n_personen,8462.653985648662,Anzahl,count,nur_arbeitnehmende,15,1996,Millennials,4,pop_weighted
2011,ahv_einnahmen,<20,0,19,n_personen,8429.959734240974,Anzahl,count,nur_arbeitnehmende,16,1995,Millennials,4,pop_weighted
2011,ahv_einnahmen,<20,0,19,n_personen,8565.11543425668,Anzahl,count,nur_arbeitnehmende,17,1994,Millennials,4,pop_weighted
2011,ahv_einnahmen,<20,0,19,n_personen,8731.21390792609,Anzahl,count,nur_arbeitnehmende,18,1993,Millennials,4,pop_weighted
2011,ahv_einnahmen,<20,0,19,n_personen,9161.055740049476,Anzahl,count,nur_arbeitnehmende,19,1992,Millennials,4,pop_weighted
2011,ahv_einnahmen,<20,0,19,sum_einkommen,46779866.536522746,CHF,chf,nur_arbeitnehmende,0,2011,Generation Z,5,pop_weighted
2011,ahv_einnahmen,<20,0,19,sum_einkommen,95254941.04867598,CHF,chf,nur_arbeitnehmende,1,2010,Generation Z,5,pop_weighted
2011,ahv_einnahmen,<20,0,19,sum_einkommen,95167257.87752268,CHF,chf,nur_arbeitnehmende,2,2009,Generation Z,5,pop_weighted
2011,ahv_einnahmen,<20,0,19,sum_einkommen,94432389.39547595,CHF,chf,nur_arbeitnehmende,3,2008,Generation Z,5,pop_weighted
2011,ahv_einnahmen,<20,0,19,sum_einkommen,93049142.63422082,CHF,chf,nur_arbeitnehmende,4,2007,Generation Z,5,pop_weighted
2011,ahv_einnahmen,<20,0,19,sum_einkommen,91962944.98340338,CHF,chf,nur_arbeitnehmende,5,2006,Generation Z,5,pop_weighted
2011,ahv_einnahmen,<20,0,19,sum_einkommen,91992172.70712115,CHF,chf,nur_arbeitnehmende,6,2005,Generation Z,5,pop_weighted
2011,ahv_einnahmen,<20,0,19,sum_einkommen,92097750.40299961,CHF,chf,nur_arbeitnehmende,7,2004,Generation Z,5,pop_weighted
2011,ahv_einnahmen,<20,0,19,sum_einkommen,90602364.62013344,CHF,chf,nur_arbeitnehmende,8,2003,Generation Z,5,pop_weighted
2011,ahv_einnahmen,<20,0,19,sum_einkommen,91794736.45098685,CHF,chf,nur_arbeitnehmende,9,2002,Generation Z,5,pop_weighted
2011,ahv_einnahmen,<20,0,19,sum_einkommen,92291607.7541889,CHF,chf,nur_arbeitnehmende,10,2001,Generation Z,5,pop_weighted
2011,ahv_einnahmen,<20,0,19,sum_einkommen,98067960.3354717,CHF,chf,nur_arbeitnehmende,11,2000,Generation Z,5,pop_weighted
2011,ahv_einnahmen,<20,0,19,sum_einkommen,97674877.27567562,CHF,chf,nur_arbeitnehmende,12,1999,Generation Z,5,pop_weighted
2011,ahv_einnahmen,<20,0,19,sum_einkommen,99198894.29810205,CHF,chf,nur_arbeitnehmende,13,1998,Generation Z,5,pop_weighted
2011,ahv_einnahmen,<20,0,19,sum_einkommen,100823717.1431469,CHF,chf,nur_arbeitnehmende,14,1997,Generation Z,5,pop_weighted
2011,ahv_einnahmen,<20,0,19,sum_einkommen,103753647.3248137,CHF,chf,nur_arbeitnehmende,15,1996,Millennials,4,pop_weighted
2011,ahv_einnahmen,<20,0,19,sum_einkommen,103352809.97097002,CHF,chf,nur_arbeitnehmende,16,1995,Millennials,4,pop_weighted
2011,ahv_einnahmen,<20,0,19,sum_einkommen,105009842.96052018,CHF,chf,nur_arbeitnehmende,17,1994,Millennials,4,pop_weighted
2011,ahv_einnahmen,<20,0,19,sum_einkommen,107046239.8742438,CHF,chf,nur_arbeitnehmende,18,1993,Millennials,4,pop_weighted
2011,ahv_einnahmen,<20,0,19,sum_einkommen,112316177.40580449,CHF,chf,nur_arbeitnehmende,19,1992,Millennials,4,pop_weighted
2011,ahv_einnahmen,<20,0,19,sum_beitrag_ahv,3929508.78906791,CHF,chf,nur_arbeitnehmende,0,2011,Generation Z,5,pop_weighted
2011,ahv_einnahmen,<20,0,19,sum_beitrag_ahv,8001415.048088783,CHF,chf,nur_arbeitnehmende,1,2010,Generation Z,5,pop_weighted
2011,ahv_einnahmen,<20,0,19,sum_beitrag_ahv,7994049.661711905,CHF,chf,nur_arbeitnehmende,2,2009,Generation Z,5,pop_weighted
2011,ahv_einnahmen,<20,0,19,sum_beitrag_ahv,7932320.70921998,CHF,chf,nur_arbeitnehmende,3,2008,Generation Z,5,pop_weighted
2011,ahv_einnahmen,<20,0,19,sum_beitrag_ahv,7816127.981274549,CHF,chf,nur_arbeitnehmende,4,2007,Generation Z,5,pop_weighted
2011,ahv_einnahmen,<20,0,19,sum_beitrag_ahv,7724887.3786058845,CHF,chf,nur_arbeitnehmende,5,2006,Generation Z,5,pop_weighted
2011,ahv_einnahmen,<20,0,19,sum_beitrag_ahv,7727342.507398176,CHF,chf,nur_arbeitnehmende,6,2005,Generation Z,5,pop_weighted
2011,ahv_einnahmen,<20,0,19,sum_beitrag_ahv,7736211.033851967,CHF,chf,nur_arbeitnehmende,7,2004,Generation Z,5,pop_weighted
2011,ahv_einnahmen,<20,0,19,sum_beitrag_ahv,7610598.628091209,CHF,chf,nur_arbeitnehmende,8,2003,Generation Z,5,pop_weighted
2011,ahv_einnahmen,<20,0,19,sum_beitrag_ahv,7710757.861882894,CHF,chf,nur_arbeitnehmende,9,2002,Generation Z,5,pop_weighted
2011,ahv_einnahmen,<20,0,19,sum_beitrag_ahv,7752495.051351867,CHF,chf,nur_arbeitnehmende,10,2001,Generation Z,5,pop_weighted
2011,ahv_einnahmen,<20,0,19,sum_beitrag_ahv,8237708.668179623,CHF,chf,nur_arbeitnehmende,11,2000,Generation Z,5,pop_weighted
2011,ahv_einnahmen,<20,0,19,sum_beitrag_ahv,8204689.6911567515,CHF,chf,nur_arbeitnehmende,12,1999,Generation Z,5,pop_weighted
2011,ahv_einnahmen,<20,0,19,sum_beitrag_ahv,8332707.1210405715,CHF,chf,nur_arbeitnehmende,13,1998,Generation Z,5,pop_weighted
2011,ahv_einnahmen,<20,0,19,sum_beitrag_ahv,8469192.24002434,CHF,chf,nur_arbeitnehmende,14,1997,Generation Z,5,pop_weighted
2011,ahv_einnahmen,<20,0,19,sum_beitrag_ahv,8715306.37528435,CHF,chf,nur_arbeitnehmende,15,1996,Millennials,4,pop_weighted
2011,ahv_einnahmen,<20,0,19,sum_beitrag_ahv,8681636.037561482,CHF,chf,nur_arbeitnehmende,16,1995,Millennials,4,pop_weighted
2011,ahv_einnahmen,<20,0,19,sum_beitrag_ahv,8820826.808683695,CHF,chf,nur_arbeitnehmende,17,1994,Millennials,4,pop_weighted
2011,ahv_einnahmen,<20,0,19,sum_beitrag_ahv,8991884.14943648,CHF,chf,nur_arbeitnehmende,18,1993,Millennials,4,pop_weighted
2011,ahv_einnahmen,<20,0,19,sum_beitrag_ahv,9434558.902087577,CHF,chf,nur_arbeitnehmende,19,1992,Millennials,4,pop_weighted
2011,ahv_einnahmen,20-24,20,24,n_personen,96868.50673790723,Anzahl,count,nur_arbeitnehmende,20,1991,Millennials,4,pop_weighted
2011,ahv_einnahmen,20-24,20,24,n_personen,97832.5456522767,Anzahl,count,nur_arbeitnehmende,21,1990,Millennials,4,pop_weighted
2011,ahv_einnahmen,20-24,20,24,n_personen,97708.44645136886,Anzahl,count,nur_arbeitnehmende,22,1989,Millennials,4,pop_weighted
2011,ahv_einnahmen,20-24,20,24,n_personen,99801.4854130219,Anzahl,count,nur_arbeitnehmende,23,1988,Millennials,4,pop_weighted
2011,ahv_einnahmen,20-24,20,24,n_personen,98563.01574542532,Anzahl,count,nur_arbeitnehmende,24,1987,Millennials,4,pop_weighted
2011,ahv_einnahmen,20-24,20,24,sum_einkommen,2925740031.6892953,CHF,chf,nur_arbeitnehmende,20,1991,Millennials,4,pop_weighted
2011,ahv_einnahmen,20-24,20,24,sum_einkommen,2954857103.2625,CHF,chf,nur_arbeitnehmende,21,1990,Millennials,4,pop_weighted
2011,ahv_einnahmen,20-24,20,24,sum_einkommen,2951108908.8056664,CHF,chf,nur_arbeitnehmende,22,1989,Millennials,4,pop_weighted
2011,ahv_einnahmen,20-24,20,24,sum_einkommen,3014325407.9983535,CHF,chf,nur_arbeitnehmende,23,1988,Millennials,4,pop_weighted
2011,ahv_einnahmen,20-24,20,24,sum_einkommen,2976919646.244185,CHF,chf,nur_arbeitnehmende,24,1987,Millennials,4,pop_weighted
2011,ahv_einnahmen,20-24,20,24,sum_beitrag_ahv,245762162.66190085,CHF,chf,nur_arbeitnehmende,20,1991,Millennials,4,pop_weighted
2011,ahv_einnahmen,20-24,20,24,sum_beitrag_ahv,248207996.67405,CHF,chf,nur_arbeitnehmende,21,1990,Millennials,4,pop_weighted
2011,ahv_einnahmen,20-24,20,24,sum_beitrag_ahv,247893148.33967602,CHF,chf,nur_arbeitnehmende,22,1989,Millennials,4,pop_weighted
2011,ahv_einnahmen,20-24,20,24,sum_beitrag_ahv,253203334.2718617,CHF,chf,nur_arbeitnehmende,23,1988,Millennials,4,pop_weighted
2011,ahv_einnahmen,20-24,20,24,sum_beitrag_ahv,250061250.28451154,CHF,chf,nur_arbeitnehmende,24,1987,Millennials,4,pop_weighted
2011,ahv_einnahmen,25-29,25,29,n_personen,107546.70431051053,Anzahl,count,nur_arbeitnehmende,25,1986,Millennials,4,pop_weighted
2011,ahv_einnahmen,25-29,25,29,n_personen,109126.72130362909,Anzahl,count,nur_arbeitnehmende,26,1985,Millennials,4,pop_weighted
2011,ahv_einnahmen,25-29,25,29,n_personen,112051.54760591265,Anzahl,count,nur_arbeitnehmende,27,1984,Millennials,4,pop_weighted
2011,ahv_einnahmen,25-29,25,29,n_personen,112567.50432492695,Anzahl,count,nur_arbeitnehmende,28,1983,Millennials,4,pop_weighted
2011,ahv_einnahmen,25-29,25,29,n_personen,116176.52245502076,Anzahl,count,nur_arbeitnehmende,29,1982,Millennials,4,pop_weighted
2011,ahv_einnahmen,25-29,25,29,sum_einkommen,5379283049.629681,CHF,chf,nur_arbeitnehmende,25,1986,Millennials,4,pop_weighted
2011,ahv_einnahmen,25-29,25,29,sum_einkommen,5458312515.792308,CHF,chf,nur_arbeitnehmende,26,1985,Millennials,4,pop_weighted
2011,ahv_einnahmen,25-29,25,29,sum_einkommen,5604606803.951609,CHF,chf,nur_arbeitnehmende,27,1984,Millennials,4,pop_weighted
2011,ahv_einnahmen,25-29,25,29,sum_einkommen,5630413984.661886,CHF,chf,nur_arbeitnehmende,28,1983,Millennials,4,pop_weighted
2011,ahv_einnahmen,25-29,25,29,sum_einkommen,5810930255.964517,CHF,chf,nur_arbeitnehmende,29,1982,Millennials,4,pop_weighted
2011,ahv_einnahmen,25-29,25,29,sum_beitrag_ahv,451859776.1688931,CHF,chf,nur_arbeitnehmende,25,1986,Millennials,4,pop_weighted
2011,ahv_einnahmen,25-29,25,29,sum_beitrag_ahv,458498251.3265538,CHF,chf,nur_arbeitnehmende,26,1985,Millennials,4,pop_weighted
2011,ahv_einnahmen,25-29,25,29,sum_beitrag_ahv,470786971.5319351,CHF,chf,nur_arbeitnehmende,27,1984,Millennials,4,pop_weighted
2011,ahv_einnahmen,25-29,25,29,sum_beitrag_ahv,472954774.7115984,CHF,chf,nur_arbeitnehmende,28,1983,Millennials,4,pop_weighted
2011,ahv_einnahmen,25-29,25,29,sum_beitrag_ahv,488118141.50101936,CHF,chf,nur_arbeitnehmende,29,1982,Millennials,4,pop_weighted
2011,ahv_einnahmen,30-34,30,34,n_personen,111724.21679094658,Anzahl,count,nur_arbeitnehmende,30,1981,Millennials,4,pop_weighted
2011,ahv_einnahmen,30-34,30,34,n_personen,113180.85117992807,Anzahl,count,nur_arbeitnehmende,31,1980,Generation X,3,pop_weighted
2011,ahv_einnahmen,30-34,30,34,n_personen,110763.21777348891,Anzahl,count,nur_arbeitnehmende,32,1979,Generation X,3,pop_weighted
2011,ahv_einnahmen,30-34,30,34,n_personen,109710.8904991666,Anzahl,count,nur_arbeitnehmende,33,1978,Generation X,3,pop_weighted
2011,ahv_einnahmen,30-34,30,34,n_personen,110237.82375646986,Anzahl,count,nur_arbeitnehmende,34,1977,Generation X,3,pop_weighted
2011,ahv_einnahmen,30-34,30,34,sum_einkommen,7041212633.751474,CHF,chf,nur_arbeitnehmende,30,1981,Millennials,4,pop_weighted
2011,ahv_einnahmen,30-34,30,34,sum_einkommen,7133014328.648515,CHF,chf,nur_arbeitnehmende,31,1980,Generation X,3,pop_weighted
2011,ahv_einnahmen,30-34,30,34,sum_einkommen,6980647443.704924,CHF,chf,nur_arbeitnehmende,32,1979,Generation X,3,pop_weighted
2011,ahv_einnahmen,30-34,30,34,sum_einkommen,6914326458.768738,CHF,chf,nur_arbeitnehmende,33,1978,Generation X,3,pop_weighted
2011,ahv_einnahmen,30-34,30,34,sum_einkommen,6947535455.126349,CHF,chf,nur_arbeitnehmende,34,1977,Generation X,3,pop_weighted
2011,ahv_einnahmen,30-34,30,34,sum_beitrag_ahv,591461861.2351239,CHF,chf,nur_arbeitnehmende,30,1981,Millennials,4,pop_weighted
2011,ahv_einnahmen,30-34,30,34,sum_beitrag_ahv,599173203.6064754,CHF,chf,nur_arbeitnehmende,31,1980,Generation X,3,pop_weighted
2011,ahv_einnahmen,30-34,30,34,sum_beitrag_ahv,586374385.2712137,CHF,chf,nur_arbeitnehmende,32,1979,Generation X,3,pop_weighted
2011,ahv_einnahmen,30-34,30,34,sum_beitrag_ahv,580803422.536574,CHF,chf,nur_arbeitnehmende,33,1978,Generation X,3,pop_weighted
2011,ahv_einnahmen,30-34,30,34,sum_beitrag_ahv,583592978.2306134,CHF,chf,nur_arbeitnehmende,34,1977,Generation X,3,pop_weighted
2011,ahv_einnahmen,35-39,35,39,n_personen,104486.34909336723,Anzahl,count,nur_arbeitnehmende,35,1976,Generation X,3,pop_weighted
2011,ahv_einnahmen,35-39,35,39,n_personen,104455.62914417537,Anzahl,count,nur_arbeitnehmende,36,1975,Generation X,3,pop_weighted
2011,ahv_einnahmen,35-39,35,39,n_personen,107469.59749266545,Anzahl,count,nur_arbeitnehmende,37,1974,Generation X,3,pop_weighted
2011,ahv_einnahmen,35-39,35,39,n_personen,108266.85331693033,Anzahl,count,nur_arbeitnehmende,38,1973,Generation X,3,pop_weighted
2011,ahv_einnahmen,35-39,35,39,n_personen,111999.57095286164,Anzahl,count,nur_arbeitnehmende,39,1972,Generation X,3,pop_weighted
2011,ahv_einnahmen,35-39,35,39,sum_einkommen,7537073374.614622,CHF,chf,nur_arbeitnehmende,35,1976,Generation X,3,pop_weighted
2011,ahv_einnahmen,35-39,35,39,sum_einkommen,7534857405.608789,CHF,chf,nur_arbeitnehmende,36,1975,Generation X,3,pop_weighted
2011,ahv_einnahmen,35-39,35,39,sum_einkommen,7752268586.958774,CHF,chf,nur_arbeitnehmende,37,1974,Generation X,3,pop_weighted
2011,ahv_einnahmen,35-39,35,39,sum_einkommen,7809778258.776799,CHF,chf,nur_arbeitnehmende,38,1973,Generation X,3,pop_weighted
2011,ahv_einnahmen,35-39,35,39,sum_einkommen,8079036080.041016,CHF,chf,nur_arbeitnehmende,39,1972,Generation X,3,pop_weighted
2011,ahv_einnahmen,35-39,35,39,sum_beitrag_ahv,633114163.4676282,CHF,chf,nur_arbeitnehmende,35,1976,Generation X,3,pop_weighted
2011,ahv_einnahmen,35-39,35,39,sum_beitrag_ahv,632928022.0711383,CHF,chf,nur_arbeitnehmende,36,1975,Generation X,3,pop_weighted
2011,ahv_einnahmen,35-39,35,39,sum_beitrag_ahv,651190561.3045369,CHF,chf,nur_arbeitnehmende,37,1974,Generation X,3,pop_weighted
2011,ahv_einnahmen,35-39,35,39,sum_beitrag_ahv,656021373.7372512,CHF,chf,nur_arbeitnehmende,38,1973,Generation X,3,pop_weighted
2011,ahv_einnahmen,35-39,35,39,sum_beitrag_ahv,678639030.7234453,CHF,chf,nur_arbeitnehmende,39,1972,Generation X,3,pop_weighted
2011,ahv_einnahmen,40-44,40,44,n_personen,112477.80488408235,Anzahl,count,nur_arbeitnehmende,40,1971,Generation X,3,pop_weighted
2011,ahv_einnahmen,40-44,40,44,n_personen,114380.79801777418,Anzahl,count,nur_arbeitnehmende,41,1970,Generation X,3,pop_weighted
2011,ahv_einnahmen,40-44,40,44,n_personen,117862.77006581986,Anzahl,count,nur_arbeitnehmende,42,1969,Generation X,3,pop_weighted
2011,ahv_einnahmen,40-44,40,44,n_personen,121033.48064076976,Anzahl,count,nur_arbeitnehmende,43,1968,Generation X,3,pop_weighted
2011,ahv_einnahmen,40-44,40,44,n_personen,122319.14639155385,Anzahl,count,nur_arbeitnehmende,44,1967,Generation X,3,pop_weighted
2011,ahv_einnahmen,40-44,40,44,sum_einkommen,8816335484.776947,CHF,chf,nur_arbeitnehmende,40,1971,Generation X,3,pop_weighted
2011,ahv_einnahmen,40-44,40,44,sum_einkommen,8965497587.550419,CHF,chf,nur_arbeitnehmende,41,1970,Generation X,3,pop_weighted
2011,ahv_einnahmen,40-44,40,44,sum_einkommen,9238424621.96244,CHF,chf,nur_arbeitnehmende,42,1969,Generation X,3,pop_weighted
2011,ahv_einnahmen,40-44,40,44,sum_einkommen,9486954082.35418,CHF,chf,nur_arbeitnehmende,43,1968,Generation X,3,pop_weighted
2011,ahv_einnahmen,40-44,40,44,sum_einkommen,9587728280.356014,CHF,chf,nur_arbeitnehmende,44,1967,Generation X,3,pop_weighted
2011,ahv_einnahmen,40-44,40,44,sum_beitrag_ahv,740572180.7212635,CHF,chf,nur_arbeitnehmende,40,1971,Generation X,3,pop_weighted
2011,ahv_einnahmen,40-44,40,44,sum_beitrag_ahv,753101797.3542352,CHF,chf,nur_arbeitnehmende,41,1970,Generation X,3,pop_weighted
2011,ahv_einnahmen,40-44,40,44,sum_beitrag_ahv,776027668.244845,CHF,chf,nur_arbeitnehmende,42,1969,Generation X,3,pop_weighted
2011,ahv_einnahmen,40-44,40,44,sum_beitrag_ahv,796904142.9177512,CHF,chf,nur_arbeitnehmende,43,1968,Generation X,3,pop_weighted
2011,ahv_einnahmen,40-44,40,44,sum_beitrag_ahv,805369175.5499052,CHF,chf,nur_arbeitnehmende,44,1967,Generation X,3,pop_weighted
2011,ahv_einnahmen,45-49,45,49,n_personen,122123.91075744436,Anzahl,count,nur_arbeitnehmende,45,1966,Generation X,3,pop_weighted
2011,ahv_einnahmen,45-49,45,49,n_personen,122868.18168141719,Anzahl,count,nur_arbeitnehmende,46,1965,Generation X,3,pop_weighted
2011,ahv_einnahmen,45-49,45,49,n_personen,124898.59692147656,Anzahl,count,nur_arbeitnehmende,47,1964,Babyboomers,2,pop_weighted
2011,ahv_einnahmen,45-49,45,49,n_personen,121503.37832453995,Anzahl,count,nur_arbeitnehmende,48,1963,Babyboomers,2,pop_weighted
2011,ahv_einnahmen,45-49,45,49,n_personen,117075.9323151219,Anzahl,count,nur_arbeitnehmende,49,1962,Babyboomers,2,pop_weighted
2011,ahv_einnahmen,45-49,45,49,sum_einkommen,9937856160.581413,CHF,chf,nur_arbeitnehmende,45,1966,Generation X,3,pop_weighted
2011,ahv_einnahmen,45-49,45,49,sum_einkommen,9998421346.719576,CHF,chf,nur_arbeitnehmende,46,1965,Generation X,3,pop_weighted
2011,ahv_einnahmen,45-49,45,49,sum_einkommen,10163646767.98895,CHF,chf,nur_arbeitnehmende,47,1964,Babyboomers,2,pop_weighted
2011,ahv_einnahmen,45-49,45,49,sum_einkommen,9887360217.379694,CHF,chf,nur_arbeitnehmende,48,1963,Babyboomers,2,pop_weighted
2011,ahv_einnahmen,45-49,45,49,sum_einkommen,9527075967.330366,CHF,chf,nur_arbeitnehmende,49,1962,Babyboomers,2,pop_weighted
2011,ahv_einnahmen,45-49,45,49,sum_beitrag_ahv,834779917.4888387,CHF,chf,nur_arbeitnehmende,45,1966,Generation X,3,pop_weighted
2011,ahv_einnahmen,45-49,45,49,sum_beitrag_ahv,839867393.1244442,CHF,chf,nur_arbeitnehmende,46,1965,Generation X,3,pop_weighted
2011,ahv_einnahmen,45-49,45,49,sum_beitrag_ahv,853746328.5110718,CHF,chf,nur_arbeitnehmende,47,1964,Babyboomers,2,pop_weighted
2011,ahv_einnahmen,45-49,45,49,sum_beitrag_ahv,830538258.2598943,CHF,chf,nur_arbeitnehmende,48,1963,Babyboomers,2,pop_weighted
2011,ahv_einnahmen,45-49,45,49,sum_beitrag_ahv,800274381.2557508,CHF,chf,nur_arbeitnehmende,49,1962,Babyboomers,2,pop_weighted
2011,ahv_einnahmen,50-54,50,54,n_personen,107118.6848079649,Anzahl,count,nur_arbeitnehmende,50,1961,Babyboomers,2,pop_weighted
2011,ahv_einnahmen,50-54,50,54,n_personen,104430.89172145145,Anzahl,count,nur_arbeitnehmende,51,1960,Babyboomers,2,pop_weighted
2011,ahv_einnahmen,50-54,50,54,n_personen,101463.10207270656,Anzahl,count,nur_arbeitnehmende,52,1959,Babyboomers,2,pop_weighted
2011,ahv_einnahmen,50-54,50,54,n_personen,97836.62485908497,Anzahl,count,nur_arbeitnehmende,53,1958,Babyboomers,2,pop_weighted
2011,ahv_einnahmen,50-54,50,54,n_personen,95539.6965387921,Anzahl,count,nur_arbeitnehmende,54,1957,Babyboomers,2,pop_weighted
2011,ahv_einnahmen,50-54,50,54,sum_einkommen,8810815427.00568,CHF,chf,nur_arbeitnehmende,50,1961,Babyboomers,2,pop_weighted
2011,ahv_einnahmen,50-54,50,54,sum_einkommen,8589736827.751903,CHF,chf,nur_arbeitnehmende,51,1960,Babyboomers,2,pop_weighted
2011,ahv_einnahmen,50-54,50,54,sum_einkommen,8345627717.673238,CHF,chf,nur_arbeitnehmende,52,1959,Babyboomers,2,pop_weighted
2011,ahv_einnahmen,50-54,50,54,sum_einkommen,8047339688.495663,CHF,chf,nur_arbeitnehmende,53,1958,Babyboomers,2,pop_weighted
2011,ahv_einnahmen,50-54,50,54,sum_einkommen,7858410824.073515,CHF,chf,nur_arbeitnehmende,54,1957,Babyboomers,2,pop_weighted
2011,ahv_einnahmen,50-54,50,54,sum_beitrag_ahv,740108495.8684771,CHF,chf,nur_arbeitnehmende,50,1961,Babyboomers,2,pop_weighted
2011,ahv_einnahmen,50-54,50,54,sum_beitrag_ahv,721537893.5311598,CHF,chf,nur_arbeitnehmende,51,1960,Babyboomers,2,pop_weighted
2011,ahv_einnahmen,50-54,50,54,sum_beitrag_ahv,701032728.284552,CHF,chf,nur_arbeitnehmende,52,1959,Babyboomers,2,pop_weighted
2011,ahv_einnahmen,50-54,50,54,sum_beitrag_ahv,675976533.8336357,CHF,chf,nur_arbeitnehmende,53,1958,Babyboomers,2,pop_weighted
2011,ahv_einnahmen,50-54,50,54,sum_beitrag_ahv,660106509.2221752,CHF,chf,nur_arbeitnehmende,54,1957,Babyboomers,2,pop_weighted
2011,ahv_einnahmen,55-59,55,59,n_personen,84956.62057178,Anzahl,count,nur_arbeitnehmende,55,1956,Babyboomers,2,pop_weighted
2011,ahv_einnahmen,55-59,55,59,n_personen,81592.15936200885,Anzahl,count,nur_arbeitnehmende,56,1955,Babyboomers,2,pop_weighted
2011,ahv_einnahmen,55-59,55,59,n_personen,79185.28168890344,Anzahl,count,nur_arbeitnehmende,57,1954,Babyboomers,2,pop_weighted
2011,ahv_einnahmen,55-59,55,59,n_personen,76481.46964390542,Anzahl,count,nur_arbeitnehmende,58,1953,Babyboomers,2,pop_weighted
2011,ahv_einnahmen,55-59,55,59,n_personen,75940.46873340229,Anzahl,count,nur_arbeitnehmende,59,1952,Babyboomers,2,pop_weighted
2011,ahv_einnahmen,55-59,55,59,sum_einkommen,6860950025.447828,CHF,chf,nur_arbeitnehmende,55,1956,Babyboomers,2,pop_weighted
2011,ahv_einnahmen,55-59,55,59,sum_einkommen,6589241945.872154,CHF,chf,nur_arbeitnehmende,56,1955,Babyboomers,2,pop_weighted
2011,ahv_einnahmen,55-59,55,59,sum_einkommen,6394866659.739037,CHF,chf,nur_arbeitnehmende,57,1954,Babyboomers,2,pop_weighted
2011,ahv_einnahmen,55-59,55,59,sum_einkommen,6176511466.299324,CHF,chf,nur_arbeitnehmende,58,1953,Babyboomers,2,pop_weighted
2011,ahv_einnahmen,55-59,55,59,sum_einkommen,6132821166.641657,CHF,chf,nur_arbeitnehmende,59,1952,Babyboomers,2,pop_weighted
2011,ahv_einnahmen,55-59,55,59,sum_beitrag_ahv,576319802.1376176,CHF,chf,nur_arbeitnehmende,55,1956,Babyboomers,2,pop_weighted
2011,ahv_einnahmen,55-59,55,59,sum_beitrag_ahv,553496323.453261,CHF,chf,nur_arbeitnehmende,56,1955,Babyboomers,2,pop_weighted
2011,ahv_einnahmen,55-59,55,59,sum_beitrag_ahv,537168799.4180791,CHF,chf,nur_arbeitnehmende,57,1954,Babyboomers,2,pop_weighted
2011,ahv_einnahmen,55-59,55,59,sum_beitrag_ahv,518826963.1691432,CHF,chf,nur_arbeitnehmende,58,1953,Babyboomers,2,pop_weighted
2011,ahv_einnahmen,55-59,55,59,sum_beitrag_ahv,515156977.99789923,CHF,chf,nur_arbeitnehmende,59,1952,Babyboomers,2,pop_weighted
2011,ahv_einnahmen,60-64,60,64,n_personen,56244.178804149735,Anzahl,count,nur_arbeitnehmende,60,1951,Babyboomers,2,pop_weighted
2011,ahv_einnahmen,60-64,60,64,n_personen,57500.68003960418,Anzahl,count,nur_arbeitnehmende,61,1950,Babyboomers,2,pop_weighted
2011,ahv_einnahmen,60-64,60,64,n_personen,56345.8911809987,Anzahl,count,nur_arbeitnehmende,62,1949,Babyboomers,2,pop_weighted
2011,ahv_einnahmen,60-64,60,64,n_personen,56791.766283137214,Anzahl,count,nur_arbeitnehmende,63,1948,Babyboomers,2,pop_weighted
2011,ahv_einnahmen,60-64,60,64,n_personen,55544.483692110174,Anzahl,count,nur_arbeitnehmende,64,1947,Babyboomers,2,pop_weighted
2011,ahv_einnahmen,60-64,60,64,sum_einkommen,3889464811.375133,CHF,chf,nur_arbeitnehmende,60,1951,Babyboomers,2,pop_weighted
2011,ahv_einnahmen,60-64,60,64,sum_einkommen,3976355889.6103954,CHF,chf,nur_arbeitnehmende,61,1950,Babyboomers,2,pop_weighted
2011,ahv_einnahmen,60-64,60,64,sum_einkommen,3896498547.4709687,CHF,chf,nur_arbeitnehmende,62,1949,Babyboomers,2,pop_weighted
2011,ahv_einnahmen,60-64,60,64,sum_einkommen,3927332236.5194807,CHF,chf,nur_arbeitnehmende,63,1948,Babyboomers,2,pop_weighted
2011,ahv_einnahmen,60-64,60,64,sum_einkommen,3841078657.0240226,CHF,chf,nur_arbeitnehmende,64,1947,Babyboomers,2,pop_weighted
2011,ahv_einnahmen,60-64,60,64,sum_beitrag_ahv,326715044.1555112,CHF,chf,nur_arbeitnehmende,60,1951,Babyboomers,2,pop_weighted
2011,ahv_einnahmen,60-64,60,64,sum_beitrag_ahv,334013894.7272732,CHF,chf,nur_arbeitnehmende,61,1950,Babyboomers,2,pop_weighted
2011,ahv_einnahmen,60-64,60,64,sum_beitrag_ahv,327305877.98756135,CHF,chf,nur_arbeitnehmende,62,1949,Babyboomers,2,pop_weighted
2011,ahv_einnahmen,60-64,60,64,sum_beitrag_ahv,329895907.8676364,CHF,chf,nur_arbeitnehmende,63,1948,Babyboomers,2,pop_weighted
2011,ahv_einnahmen,60-64,60,64,sum_beitrag_ahv,322650607.1900179,CHF,chf,nur_arbeitnehmende,64,1947,Babyboomers,2,pop_weighted
2011,ahv_einnahmen,65-69,65,69,n_personen,11260.135828109022,Anzahl,count,nur_arbeitnehmende,65,1946,Babyboomers,2,pop_weighted
2011,ahv_einnahmen,65-69,65,69,n_personen,10709.505927066737,Anzahl,count,nur_arbeitnehmende,66,1945,Silent Generation,1,pop_weighted
2011,ahv_einnahmen,65-69,65,69,n_personen,10492.768625592647,Anzahl,count,nur_arbeitnehmende,67,1944,Silent Generation,1,pop_weighted
2011,ahv_einnahmen,65-69,65,69,n_personen,10074.788755618203,Anzahl,count,nur_arbeitnehmende,68,1943,Silent Generation,1,pop_weighted
2011,ahv_einnahmen,65-69,65,69,n_personen,9566.800863613395,Anzahl,count,nur_arbeitnehmende,69,1942,Silent Generation,1,pop_weighted
2011,ahv_einnahmen,65-69,65,69,sum_einkommen,532414552.07708454,CHF,chf,nur_arbeitnehmende,65,1946,Babyboomers,2,pop_weighted
2011,ahv_einnahmen,65-69,65,69,sum_einkommen,506379042.6836859,CHF,chf,nur_arbeitnehmende,66,1945,Silent Generation,1,pop_weighted
2011,ahv_einnahmen,65-69,65,69,sum_einkommen,496131023.0288375,CHF,chf,nur_arbeitnehmende,67,1944,Silent Generation,1,pop_weighted
2011,ahv_einnahmen,65-69,65,69,sum_einkommen,476367623.3108561,CHF,chf,nur_arbeitnehmende,68,1943,Silent Generation,1,pop_weighted
2011,ahv_einnahmen,65-69,65,69,sum_einkommen,452348361.899536,CHF,chf,nur_arbeitnehmende,69,1942,Silent Generation,1,pop_weighted
2011,ahv_einnahmen,65-69,65,69,sum_beitrag_ahv,44722822.37447511,CHF,chf,nur_arbeitnehmende,65,1946,Babyboomers,2,pop_weighted
2011,ahv_einnahmen,65-69,65,69,sum_beitrag_ahv,42535839.585429616,CHF,chf,nur_arbeitnehmende,66,1945,Silent Generation,1,pop_weighted
2011,ahv_einnahmen,65-69,65,69,sum_beitrag_ahv,41675005.93442235,CHF,chf,nur_arbeitnehmende,67,1944,Silent Generation,1,pop_weighted
2011,ahv_einnahmen,65-69,65,69,sum_beitrag_ahv,40014880.35811192,CHF,chf,nur_arbeitnehmende,68,1943,Silent Generation,1,pop_weighted
2011,ahv_einnahmen,65-69,65,69,sum_beitrag_ahv,37997262.399561025,CHF,chf,nur_arbeitnehmende,69,1942,Silent Generation,1,pop_weighted
2011,ahv_einnahmen,70-74,70,74,n_personen,2294.9737878321175,Anzahl,count,nur_arbeitnehmende,70,1941,Silent Generation,1,pop_weighted
2011,ahv_einnahmen,70-74,70,74,n_personen,2102.030851573937,Anzahl,count,nur_arbeitnehmende,71,1940,Silent Generation,1,pop_weighted
2011,ahv_einnahmen,70-74,70,74,n_personen,2035.9008227721483,Anzahl,count,nur_arbeitnehmende,72,1939,Silent Generation,1,pop_weighted
2011,ahv_einnahmen,70-74,70,74,n_personen,1953.8033269717475,Anzahl,count,nur_arbeitnehmende,73,1938,Silent Generation,1,pop_weighted
2011,ahv_einnahmen,70-74,70,74,n_personen,1854.2912108500498,Anzahl,count,nur_arbeitnehmende,74,1937,Silent Generation,1,pop_weighted
2011,ahv_einnahmen,70-74,70,74,sum_einkommen,109122990.40786761,CHF,chf,nur_arbeitnehmende,70,1941,Silent Generation,1,pop_weighted
2011,ahv_einnahmen,70-74,70,74,sum_einkommen,99948807.1147086,CHF,chf,nur_arbeitnehmende,71,1940,Silent Generation,1,pop_weighted
2011,ahv_einnahmen,70-74,70,74,sum_einkommen,96804411.07111533,CHF,chf,nur_arbeitnehmende,72,1939,Silent Generation,1,pop_weighted
2011,ahv_einnahmen,70-74,70,74,sum_einkommen,92900782.9363471,CHF,chf,nur_arbeitnehmende,73,1938,Silent Generation,1,pop_weighted
2011,ahv_einnahmen,70-74,70,74,sum_einkommen,88169112.46996136,CHF,chf,nur_arbeitnehmende,74,1937,Silent Generation,1,pop_weighted
2011,ahv_einnahmen,70-74,70,74,sum_beitrag_ahv,9166331.19426088,CHF,chf,nur_arbeitnehmende,70,1941,Silent Generation,1,pop_weighted
2011,ahv_einnahmen,70-74,70,74,sum_beitrag_ahv,8395699.797635524,CHF,chf,nur_arbeitnehmende,71,1940,Silent Generation,1,pop_weighted
2011,ahv_einnahmen,70-74,70,74,sum_beitrag_ahv,8131570.529973689,CHF,chf,nur_arbeitnehmende,72,1939,Silent Generation,1,pop_weighted
2011,ahv_einnahmen,70-74,70,74,sum_beitrag_ahv,7803665.766653156,CHF,chf,nur_arbeitnehmende,73,1938,Silent Generation,1,pop_weighted
2011,ahv_einnahmen,70-74,70,74,sum_beitrag_ahv,7406205.447476754,CHF,chf,nur_arbeitnehmende,74,1937,Silent Generation,1,pop_weighted
2011,ahv_einnahmen,75+,75,100,n_personen,428.6251595678582,Anzahl,count,nur_arbeitnehmende,75,1936,Silent Generation,1,pop_weighted
2011,ahv_einnahmen,75+,75,100,n_personen,418.50795184533877,Anzahl,count,nur_arbeitnehmende,76,1935,Silent Generation,1,pop_weighted
2011,ahv_einnahmen,75+,75,100,n_personen,401.6193846234952,Anzahl,count,nur_arbeitnehmende,77,1934,Silent Generation,1,pop_weighted
2011,ahv_einnahmen,75+,75,100,n_personen,379.37442546157007,Anzahl,count,nur_arbeitnehmende,78,1933,Silent Generation,1,pop_weighted
2011,ahv_einnahmen,75+,75,100,n_personen,367.1063153098535,Anzahl,count,nur_arbeitnehmende,79,1932,Silent Generation,1,pop_weighted
2011,ahv_einnahmen,75+,75,100,n_personen,346.76188898219243,Anzahl,count,nur_arbeitnehmende,80,1931,Silent Generation,1,pop_weighted
2011,ahv_einnahmen,75+,75,100,n_personen,335.0969419455417,Anzahl,count,nur_arbeitnehmende,81,1930,Silent Generation,1,pop_weighted
2011,ahv_einnahmen,75+,75,100,n_personen,308.6981235949556,Anzahl,count,nur_arbeitnehmende,82,1929,Silent Generation,1,pop_weighted
2011,ahv_einnahmen,75+,75,100,n_personen,285.7855121798758,Anzahl,count,nur_arbeitnehmende,83,1928,Silent Generation,1,pop_weighted
2011,ahv_einnahmen,75+,75,100,n_personen,260.5474983148881,Anzahl,count,nur_arbeitnehmende,84,1927,Silent Generation,1,pop_weighted
2011,ahv_einnahmen,75+,75,100,n_personen,243.5033984658892,Anzahl,count,nur_arbeitnehmende,85,1926,Silent Generation,1,pop_weighted
2011,ahv_einnahmen,75+,75,100,n_personen,221.1673958148975,Anzahl,count,nur_arbeitnehmende,86,1925,Silent Generation,1,pop_weighted
2011,ahv_einnahmen,75+,75,100,n_personen,195.88006672666543,Anzahl,count,nur_arbeitnehmende,87,1924,Silent Generation,1,pop_weighted
2011,ahv_einnahmen,75+,75,100,n_personen,172.4136074197642,Anzahl,count,nur_arbeitnehmende,88,1923,Silent Generation,1,pop_weighted
2011,ahv_einnahmen,75+,75,100,n_personen,148.16948497708626,Anzahl,count,nur_arbeitnehmende,89,1922,Silent Generation,1,pop_weighted
2011,ahv_einnahmen,75+,75,100,n_personen,130.24150458839966,Anzahl,count,nur_arbeitnehmende,90,1921,Silent Generation,1,pop_weighted
2011,ahv_einnahmen,75+,75,100,n_personen,105.14764291443397,Anzahl,count,nur_arbeitnehmende,91,1920,Silent Generation,1,pop_weighted
2011,ahv_einnahmen,75+,75,100,n_personen,73.40760653861071,Anzahl,count,nur_arbeitnehmende,92,1919,Silent Generation,1,pop_weighted
2011,ahv_einnahmen,75+,75,100,n_personen,55.49859354347966,Anzahl,count,nur_arbeitnehmende,93,1918,Silent Generation,1,pop_weighted
2011,ahv_einnahmen,75+,75,100,n_personen,44.42163570705036,Anzahl,count,nur_arbeitnehmende,94,1917,Silent Generation,1,pop_weighted
2011,ahv_einnahmen,75+,75,100,n_personen,33.69747139075391,Anzahl,count,nur_arbeitnehmende,95,1916,Silent Generation,1,pop_weighted
2011,ahv_einnahmen,75+,75,100,n_personen,24.915568174543704,Anzahl,count,nur_arbeitnehmende,96,1915,Silent Generation,1,pop_weighted
2011,ahv_einnahmen,75+,75,100,n_personen,20.06750238175033,Anzahl,count,nur_arbeitnehmende,97,1914,Silent Generation,1,pop_weighted
2011,ahv_einnahmen,75+,75,100,n_personen,13.64893640255911,Anzahl,count,nur_arbeitnehmende,98,1913,Silent Generation,1,pop_weighted
2011,ahv_einnahmen,75+,75,100,n_personen,22.69638312854674,Anzahl,count,nur_arbeitnehmende,99,1912,Silent Generation,1,pop_weighted
2011,ahv_einnahmen,75+,75,100,n_personen,0.0,Anzahl,count,nur_arbeitnehmende,100,1911,Silent Generation,1,pop_weighted
2011,ahv_einnahmen,75+,75,100,sum_einkommen,22016027.871268746,CHF,chf,nur_arbeitnehmende,75,1936,Silent Generation,1,pop_weighted
2011,ahv_einnahmen,75+,75,100,sum_einkommen,21496364.659190923,CHF,chf,nur_arbeitnehmende,76,1935,Silent Generation,1,pop_weighted
2011,ahv_einnahmen,75+,75,100,sum_einkommen,20628895.36028935,CHF,chf,nur_arbeitnehmende,77,1934,Silent Generation,1,pop_weighted
2011,ahv_einnahmen,75+,75,100,sum_einkommen,19486298.781502556,CHF,chf,nur_arbeitnehmende,78,1933,Silent Generation,1,pop_weighted
2011,ahv_einnahmen,75+,75,100,sum_einkommen,18856155.988904245,CHF,chf,nur_arbeitnehmende,79,1932,Silent Generation,1,pop_weighted
2011,ahv_einnahmen,75+,75,100,sum_einkommen,17811178.93364613,CHF,chf,nur_arbeitnehmende,80,1931,Silent Generation,1,pop_weighted
2011,ahv_einnahmen,75+,75,100,sum_einkommen,17212017.18743716,CHF,chf,nur_arbeitnehmende,81,1930,Silent Generation,1,pop_weighted
2011,ahv_einnahmen,75+,75,100,sum_einkommen,15856060.572195467,CHF,chf,nur_arbeitnehmende,82,1929,Silent Generation,1,pop_weighted
2011,ahv_einnahmen,75+,75,100,sum_einkommen,14679170.508097198,CHF,chf,nur_arbeitnehmende,83,1928,Silent Generation,1,pop_weighted
2011,ahv_einnahmen,75+,75,100,sum_einkommen,13382837.79345386,CHF,chf,nur_arbeitnehmende,84,1927,Silent Generation,1,pop_weighted
2011,ahv_einnahmen,75+,75,100,sum_einkommen,12507379.6712695,CHF,chf,nur_arbeitnehmende,85,1926,Silent Generation,1,pop_weighted
2011,ahv_einnahmen,75+,75,100,sum_einkommen,11360106.70812205,CHF,chf,nur_arbeitnehmende,86,1925,Silent Generation,1,pop_weighted
2011,ahv_einnahmen,75+,75,100,sum_einkommen,10061240.951950023,CHF,chf,nur_arbeitnehmende,87,1924,Silent Generation,1,pop_weighted
2011,ahv_einnahmen,75+,75,100,sum_einkommen,8855902.882991102,CHF,chf,nur_arbeitnehmende,88,1923,Silent Generation,1,pop_weighted
2011,ahv_einnahmen,75+,75,100,sum_einkommen,7610620.69761825,CHF,chf,nur_arbeitnehmende,89,1922,Silent Generation,1,pop_weighted
2011,ahv_einnahmen,75+,75,100,sum_einkommen,6689762.677265864,CHF,chf,nur_arbeitnehmende,90,1921,Silent Generation,1,pop_weighted
2011,ahv_einnahmen,75+,75,100,sum_einkommen,5400834.237860228,CHF,chf,nur_arbeitnehmende,91,1920,Silent Generation,1,pop_weighted
2011,ahv_einnahmen,75+,75,100,sum_einkommen,3770529.7401267504,CHF,chf,nur_arbeitnehmende,92,1919,Silent Generation,1,pop_weighted
2011,ahv_einnahmen,75+,75,100,sum_einkommen,2850645.966516168,CHF,chf,nur_arbeitnehmende,93,1918,Silent Generation,1,pop_weighted
2011,ahv_einnahmen,75+,75,100,sum_einkommen,2281685.869303098,CHF,chf,nur_arbeitnehmende,94,1917,Silent Generation,1,pop_weighted
2011,ahv_einnahmen,75+,75,100,sum_einkommen,1730846.7614875678,CHF,chf,nur_arbeitnehmende,95,1916,Silent Generation,1,pop_weighted
2011,ahv_einnahmen,75+,75,100,sum_einkommen,1279770.5200326855,CHF,chf,nur_arbeitnehmende,96,1915,Silent Generation,1,pop_weighted
2011,ahv_einnahmen,75+,75,100,sum_einkommen,1030753.0528277872,CHF,chf,nur_arbeitnehmende,97,1914,Silent Generation,1,pop_weighted
2011,ahv_einnahmen,75+,75,100,sum_einkommen,701067.9554015838,CHF,chf,nur_arbeitnehmende,98,1913,Silent Generation,1,pop_weighted
2011,ahv_einnahmen,75+,75,100,sum_einkommen,1165783.651241711,CHF,chf,nur_arbeitnehmende,99,1912,Silent Generation,1,pop_weighted
2011,ahv_einnahmen,75+,75,100,sum_einkommen,0.0,CHF,chf,nur_arbeitnehmende,100,1911,Silent Generation,1,pop_weighted
2011,ahv_einnahmen,75+,75,100,sum_beitrag_ahv,1849346.3411865747,CHF,chf,nur_arbeitnehmende,75,1936,Silent Generation,1,pop_weighted
2011,ahv_einnahmen,75+,75,100,sum_beitrag_ahv,1805694.6313720373,CHF,chf,nur_arbeitnehmende,76,1935,Silent Generation,1,pop_weighted
2011,ahv_einnahmen,75+,75,100,sum_beitrag_ahv,1732827.2102643054,CHF,chf,nur_arbeitnehmende,77,1934,Silent Generation,1,pop_weighted
2011,ahv_einnahmen,75+,75,100,sum_beitrag_ahv,1636849.0976462145,CHF,chf,nur_arbeitnehmende,78,1933,Silent Generation,1,pop_weighted
2011,ahv_einnahmen,75+,75,100,sum_beitrag_ahv,1583917.1030679564,CHF,chf,nur_arbeitnehmende,79,1932,Silent Generation,1,pop_weighted
2011,ahv_einnahmen,75+,75,100,sum_beitrag_ahv,1496139.0304262748,CHF,chf,nur_arbeitnehmende,80,1931,Silent Generation,1,pop_weighted
2011,ahv_einnahmen,75+,75,100,sum_beitrag_ahv,1445809.4437447214,CHF,chf,nur_arbeitnehmende,81,1930,Silent Generation,1,pop_weighted
2011,ahv_einnahmen,75+,75,100,sum_beitrag_ahv,1331909.088064419,CHF,chf,nur_arbeitnehmende,82,1929,Silent Generation,1,pop_weighted
2011,ahv_einnahmen,75+,75,100,sum_beitrag_ahv,1233050.3226801646,CHF,chf,nur_arbeitnehmende,83,1928,Silent Generation,1,pop_weighted
2011,ahv_einnahmen,75+,75,100,sum_beitrag_ahv,1124158.374650124,CHF,chf,nur_arbeitnehmende,84,1927,Silent Generation,1,pop_weighted
2011,ahv_einnahmen,75+,75,100,sum_beitrag_ahv,1050619.892386638,CHF,chf,nur_arbeitnehmende,85,1926,Silent Generation,1,pop_weighted
2011,ahv_einnahmen,75+,75,100,sum_beitrag_ahv,954248.9634822522,CHF,chf,nur_arbeitnehmende,86,1925,Silent Generation,1,pop_weighted
2011,ahv_einnahmen,75+,75,100,sum_beitrag_ahv,845144.2399638019,CHF,chf,nur_arbeitnehmende,87,1924,Silent Generation,1,pop_weighted
2011,ahv_einnahmen,75+,75,100,sum_beitrag_ahv,743895.8421712525,CHF,chf,nur_arbeitnehmende,88,1923,Silent Generation,1,pop_weighted
2011,ahv_einnahmen,75+,75,100,sum_beitrag_ahv,639292.1385999329,CHF,chf,nur_arbeitnehmende,89,1922,Silent Generation,1,pop_weighted
2011,ahv_einnahmen,75+,75,100,sum_beitrag_ahv,561940.0648903325,CHF,chf,nur_arbeitnehmende,90,1921,Silent Generation,1,pop_weighted
2011,ahv_einnahmen,75+,75,100,sum_beitrag_ahv,453670.0759802591,CHF,chf,nur_arbeitnehmende,91,1920,Silent Generation,1,pop_weighted
2011,ahv_einnahmen,75+,75,100,sum_beitrag_ahv,316724.498170647,CHF,chf,nur_arbeitnehmende,92,1919,Silent Generation,1,pop_weighted
2011,ahv_einnahmen,75+,75,100,sum_beitrag_ahv,239454.2611873581,CHF,chf,nur_arbeitnehmende,93,1918,Silent Generation,1,pop_weighted
2011,ahv_einnahmen,75+,75,100,sum_beitrag_ahv,191661.61302146022,CHF,chf,nur_arbeitnehmende,94,1917,Silent Generation,1,pop_weighted
2011,ahv_einnahmen,75+,75,100,sum_beitrag_ahv,145391.1279649557,CHF,chf,nur_arbeitnehmende,95,1916,Silent Generation,1,pop_weighted
2011,ahv_einnahmen,75+,75,100,sum_beitrag_ahv,107500.72368274558,CHF,chf,nur_arbeitnehmende,96,1915,Silent Generation,1,pop_weighted
2011,ahv_einnahmen,75+,75,100,sum_beitrag_ahv,86583.25643753412,CHF,chf,nur_arbeitnehmende,97,1914,Silent Generation,1,pop_weighted
2011,ahv_einnahmen,75+,75,100,sum_beitrag_ahv,58889.708253733035,CHF,chf,nur_arbeitnehmende,98,1913,Silent Generation,1,pop_weighted
2011,ahv_einnahmen,75+,75,100,sum_beitrag_ahv,97925.82670430372,CHF,chf,nur_arbeitnehmende,99,1912,Silent Generation,1,pop_weighted
2011,ahv_einnahmen,75+,75,100,sum_beitrag_ahv,0.0,CHF,chf,nur_arbeitnehmende,100,1911,Silent Generation,1,pop_weighted
2012,ahv_einnahmen,<20,0,19,n_personen,3752.5851237732054,Anzahl,count,nur_arbeitnehmende,0,2012,Generation Z,5,pop_weighted
2012,ahv_einnahmen,<20,0,19,n_personen,7522.561437190755,Anzahl,count,nur_arbeitnehmende,1,2011,Generation Z,5,pop_weighted
2012,ahv_einnahmen,<20,0,19,n_personen,7739.927742447434,Anzahl,count,nur_arbeitnehmende,2,2010,Generation Z,5,pop_weighted
2012,ahv_einnahmen,<20,0,19,n_personen,7592.5503711253095,Anzahl,count,nur_arbeitnehmende,3,2009,Generation Z,5,pop_weighted
2012,ahv_einnahmen,<20,0,19,n_personen,7526.991713143515,Anzahl,count,nur_arbeitnehmende,4,2008,Generation Z,5,pop_weighted
2012,ahv_einnahmen,<20,0,19,n_personen,7412.134452538457,Anzahl,count,nur_arbeitnehmende,5,2007,Generation Z,5,pop_weighted
2012,ahv_einnahmen,<20,0,19,n_personen,7331.44687348394,Anzahl,count,nur_arbeitnehmende,6,2006,Generation Z,5,pop_weighted
2012,ahv_einnahmen,<20,0,19,n_personen,7327.535034078844,Anzahl,count,nur_arbeitnehmende,7,2005,Generation Z,5,pop_weighted
2012,ahv_einnahmen,<20,0,19,n_personen,7330.7870451505505,Anzahl,count,nur_arbeitnehmende,8,2004,Generation Z,5,pop_weighted
2012,ahv_einnahmen,<20,0,19,n_personen,7216.54248228364,Anzahl,count,nur_arbeitnehmende,9,2003,Generation Z,5,pop_weighted
2012,ahv_einnahmen,<20,0,19,n_personen,7308.918448958204,Anzahl,count,nur_arbeitnehmende,10,2002,Generation Z,5,pop_weighted
2012,ahv_einnahmen,<20,0,19,n_personen,7351.194592890391,Anzahl,count,nur_arbeitnehmende,11,2001,Generation Z,5,pop_weighted
2012,ahv_einnahmen,<20,0,19,n_personen,7806.758926500766,Anzahl,count,nur_arbeitnehmende,12,2000,Generation Z,5,pop_weighted
2012,ahv_einnahmen,<20,0,19,n_personen,7774.380207569427,Anzahl,count,nur_arbeitnehmende,13,1999,Generation Z,5,pop_weighted
2012,ahv_einnahmen,<20,0,19,n_personen,7895.505837341688,Anzahl,count,nur_arbeitnehmende,14,1998,Generation Z,5,pop_weighted
2012,ahv_einnahmen,<20,0,19,n_personen,8029.2624666388365,Anzahl,count,nur_arbeitnehmende,15,1997,Generation Z,5,pop_weighted
2012,ahv_einnahmen,<20,0,19,n_personen,8255.960629753457,Anzahl,count,nur_arbeitnehmende,16,1996,Millennials,4,pop_weighted
2012,ahv_einnahmen,<20,0,19,n_personen,8224.241739155506,Anzahl,count,nur_arbeitnehmende,17,1995,Millennials,4,pop_weighted
2012,ahv_einnahmen,<20,0,19,n_personen,8387.266468098016,Anzahl,count,nur_arbeitnehmende,18,1994,Millennials,4,pop_weighted
2012,ahv_einnahmen,<20,0,19,n_personen,8599.44840787806,Anzahl,count,nur_arbeitnehmende,19,1993,Millennials,4,pop_weighted
2012,ahv_einnahmen,<20,0,19,sum_einkommen,46172319.224239975,CHF,chf,nur_arbeitnehmende,0,2012,Generation Z,5,pop_weighted
2012,ahv_einnahmen,<20,0,19,sum_einkommen,92558622.01806267,CHF,chf,nur_arbeitnehmende,1,2011,Generation Z,5,pop_weighted
2012,ahv_einnahmen,<20,0,19,sum_einkommen,95233126.68721019,CHF,chf,nur_arbeitnehmende,2,2010,Generation Z,5,pop_weighted
2012,ahv_einnahmen,<20,0,19,sum_einkommen,93419775.40784672,CHF,chf,nur_arbeitnehmende,3,2009,Generation Z,5,pop_weighted
2012,ahv_einnahmen,<20,0,19,sum_einkommen,92613132.73768537,CHF,chf,nur_arbeitnehmende,4,2008,Generation Z,5,pop_weighted
2012,ahv_einnahmen,<20,0,19,sum_einkommen,91199913.33640337,CHF,chf,nur_arbeitnehmende,5,2007,Generation Z,5,pop_weighted
2012,ahv_einnahmen,<20,0,19,sum_einkommen,90207122.35774323,CHF,chf,nur_arbeitnehmende,6,2006,Generation Z,5,pop_weighted
2012,ahv_einnahmen,<20,0,19,sum_einkommen,90158990.55211894,CHF,chf,nur_arbeitnehmende,7,2005,Generation Z,5,pop_weighted
2012,ahv_einnahmen,<20,0,19,sum_einkommen,90199003.7399271,CHF,chf,nur_arbeitnehmende,8,2004,Generation Z,5,pop_weighted
2012,ahv_einnahmen,<20,0,19,sum_einkommen,88793323.05518867,CHF,chf,nur_arbeitnehmende,9,2003,Generation Z,5,pop_weighted
2012,ahv_einnahmen,<20,0,19,sum_einkommen,89929929.54944912,CHF,chf,nur_arbeitnehmende,10,2002,Generation Z,5,pop_weighted
2012,ahv_einnahmen,<20,0,19,sum_einkommen,90450100.99095504,CHF,chf,nur_arbeitnehmende,11,2001,Generation Z,5,pop_weighted
2012,ahv_einnahmen,<20,0,19,sum_einkommen,96055426.69173126,CHF,chf,nur_arbeitnehmende,12,2000,Generation Z,5,pop_weighted
2012,ahv_einnahmen,<20,0,19,sum_einkommen,95657034.51746751,CHF,chf,nur_arbeitnehmende,13,1999,Generation Z,5,pop_weighted
2012,ahv_einnahmen,<20,0,19,sum_einkommen,97147380.7880029,CHF,chf,nur_arbeitnehmende,14,1998,Generation Z,5,pop_weighted
2012,ahv_einnahmen,<20,0,19,sum_einkommen,98793140.5995902,CHF,chf,nur_arbeitnehmende,15,1997,Generation Z,5,pop_weighted
2012,ahv_einnahmen,<20,0,19,sum_einkommen,101582465.72070894,CHF,chf,nur_arbeitnehmende,16,1996,Millennials,4,pop_weighted
2012,ahv_einnahmen,<20,0,19,sum_einkommen,101192192.16426134,CHF,chf,nur_arbeitnehmende,17,1995,Millennials,4,pop_weighted
2012,ahv_einnahmen,<20,0,19,sum_einkommen,103198070.66612197,CHF,chf,nur_arbeitnehmende,18,1994,Millennials,4,pop_weighted
2012,ahv_einnahmen,<20,0,19,sum_einkommen,105808786.1952855,CHF,chf,nur_arbeitnehmende,19,1993,Millennials,4,pop_weighted
2012,ahv_einnahmen,<20,0,19,sum_beitrag_ahv,3878474.814836158,CHF,chf,nur_arbeitnehmende,0,2012,Generation Z,5,pop_weighted
2012,ahv_einnahmen,<20,0,19,sum_beitrag_ahv,7774924.249517264,CHF,chf,nur_arbeitnehmende,1,2011,Generation Z,5,pop_weighted
2012,ahv_einnahmen,<20,0,19,sum_beitrag_ahv,7999582.641725657,CHF,chf,nur_arbeitnehmende,2,2010,Generation Z,5,pop_weighted
2012,ahv_einnahmen,<20,0,19,sum_beitrag_ahv,7847261.134259124,CHF,chf,nur_arbeitnehmende,3,2009,Generation Z,5,pop_weighted
2012,ahv_einnahmen,<20,0,19,sum_beitrag_ahv,7779503.149965571,CHF,chf,nur_arbeitnehmende,4,2008,Generation Z,5,pop_weighted
2012,ahv_einnahmen,<20,0,19,sum_beitrag_ahv,7660792.720257883,CHF,chf,nur_arbeitnehmende,5,2007,Generation Z,5,pop_weighted
2012,ahv_einnahmen,<20,0,19,sum_beitrag_ahv,7577398.278050432,CHF,chf,nur_arbeitnehmende,6,2006,Generation Z,5,pop_weighted
2012,ahv_einnahmen,<20,0,19,sum_beitrag_ahv,7573355.2063779915,CHF,chf,nur_arbeitnehmende,7,2005,Generation Z,5,pop_weighted
2012,ahv_einnahmen,<20,0,19,sum_beitrag_ahv,7576716.314153876,CHF,chf,nur_arbeitnehmende,8,2004,Generation Z,5,pop_weighted
2012,ahv_einnahmen,<20,0,19,sum_beitrag_ahv,7458639.136635849,CHF,chf,nur_arbeitnehmende,9,2003,Generation Z,5,pop_weighted
2012,ahv_einnahmen,<20,0,19,sum_beitrag_ahv,7554114.082153725,CHF,chf,nur_arbeitnehmende,10,2002,Generation Z,5,pop_weighted
2012,ahv_einnahmen,<20,0,19,sum_beitrag_ahv,7597808.4832402235,CHF,chf,nur_arbeitnehmende,11,2001,Generation Z,5,pop_weighted
2012,ahv_einnahmen,<20,0,19,sum_beitrag_ahv,8068655.842105426,CHF,chf,nur_arbeitnehmende,12,2000,Generation Z,5,pop_weighted
2012,ahv_einnahmen,<20,0,19,sum_beitrag_ahv,8035190.899467272,CHF,chf,nur_arbeitnehmende,13,1999,Generation Z,5,pop_weighted
2012,ahv_einnahmen,<20,0,19,sum_beitrag_ahv,8160379.986192243,CHF,chf,nur_arbeitnehmende,14,1998,Generation Z,5,pop_weighted
2012,ahv_einnahmen,<20,0,19,sum_beitrag_ahv,8298623.810365577,CHF,chf,nur_arbeitnehmende,15,1997,Generation Z,5,pop_weighted
2012,ahv_einnahmen,<20,0,19,sum_beitrag_ahv,8532927.12053955,CHF,chf,nur_arbeitnehmende,16,1996,Millennials,4,pop_weighted
2012,ahv_einnahmen,<20,0,19,sum_beitrag_ahv,8500144.141797952,CHF,chf,nur_arbeitnehmende,17,1995,Millennials,4,pop_weighted
2012,ahv_einnahmen,<20,0,19,sum_beitrag_ahv,8668637.935954247,CHF,chf,nur_arbeitnehmende,18,1994,Millennials,4,pop_weighted
2012,ahv_einnahmen,<20,0,19,sum_beitrag_ahv,8887938.040403983,CHF,chf,nur_arbeitnehmende,19,1993,Millennials,4,pop_weighted
2012,ahv_einnahmen,20-24,20,24,n_personen,96099.99887587214,Anzahl,count,nur_arbeitnehmende,20,1992,Millennials,4,pop_weighted
2012,ahv_einnahmen,20-24,20,24,n_personen,98019.51041187924,Anzahl,count,nur_arbeitnehmende,21,1991,Millennials,4,pop_weighted
2012,ahv_einnahmen,20-24,20,24,n_personen,99081.11166911681,Anzahl,count,nur_arbeitnehmende,22,1990,Millennials,4,pop_weighted
2012,ahv_einnahmen,20-24,20,24,n_personen,99306.8775319509,Anzahl,count,nur_arbeitnehmende,23,1989,Millennials,4,pop_weighted
2012,ahv_einnahmen,20-24,20,24,n_personen,101996.50151118092,Anzahl,count,nur_arbeitnehmende,24,1988,Millennials,4,pop_weighted
2012,ahv_einnahmen,20-24,20,24,sum_einkommen,2903843885.871616,CHF,chf,nur_arbeitnehmende,20,1992,Millennials,4,pop_weighted
2012,ahv_einnahmen,20-24,20,24,sum_einkommen,2961845570.6051803,CHF,chf,nur_arbeitnehmende,21,1991,Millennials,4,pop_weighted
2012,ahv_einnahmen,20-24,20,24,sum_einkommen,2993923867.7552648,CHF,chf,nur_arbeitnehmende,22,1990,Millennials,4,pop_weighted
2012,ahv_einnahmen,20-24,20,24,sum_einkommen,3000745811.8561807,CHF,chf,nur_arbeitnehmende,23,1989,Millennials,4,pop_weighted
2012,ahv_einnahmen,20-24,20,24,sum_einkommen,3082017905.911758,CHF,chf,nur_arbeitnehmende,24,1988,Millennials,4,pop_weighted
2012,ahv_einnahmen,20-24,20,24,sum_beitrag_ahv,243922886.4132158,CHF,chf,nur_arbeitnehmende,20,1992,Millennials,4,pop_weighted
2012,ahv_einnahmen,20-24,20,24,sum_beitrag_ahv,248795027.9308352,CHF,chf,nur_arbeitnehmende,21,1991,Millennials,4,pop_weighted
2012,ahv_einnahmen,20-24,20,24,sum_beitrag_ahv,251489604.89144227,CHF,chf,nur_arbeitnehmende,22,1990,Millennials,4,pop_weighted
2012,ahv_einnahmen,20-24,20,24,sum_beitrag_ahv,252062648.1959192,CHF,chf,nur_arbeitnehmende,23,1989,Millennials,4,pop_weighted
2012,ahv_einnahmen,20-24,20,24,sum_beitrag_ahv,258889504.09658772,CHF,chf,nur_arbeitnehmende,24,1988,Millennials,4,pop_weighted
2012,ahv_einnahmen,25-29,25,29,n_personen,107782.06065018693,Anzahl,count,nur_arbeitnehmende,25,1987,Millennials,4,pop_weighted
2012,ahv_einnahmen,25-29,25,29,n_personen,111003.4135719112,Anzahl,count,nur_arbeitnehmende,26,1986,Millennials,4,pop_weighted
2012,ahv_einnahmen,25-29,25,29,n_personen,112689.43547733837,Anzahl,count,nur_arbeitnehmende,27,1985,Millennials,4,pop_weighted
2012,ahv_einnahmen,25-29,25,29,n_personen,115544.5183731699,Anzahl,count,nur_arbeitnehmende,28,1984,Millennials,4,pop_weighted
2012,ahv_einnahmen,25-29,25,29,n_personen,115700.5719273936,Anzahl,count,nur_arbeitnehmende,29,1983,Millennials,4,pop_weighted
2012,ahv_einnahmen,25-29,25,29,sum_einkommen,5402265970.105252,CHF,chf,nur_arbeitnehmende,25,1987,Millennials,4,pop_weighted
2012,ahv_einnahmen,25-29,25,29,sum_einkommen,5563727025.514197,CHF,chf,nur_arbeitnehmende,26,1986,Millennials,4,pop_weighted
2012,ahv_einnahmen,25-29,25,29,sum_einkommen,5648234027.046697,CHF,chf,nur_arbeitnehmende,27,1985,Millennials,4,pop_weighted
2012,ahv_einnahmen,25-29,25,29,sum_einkommen,5791336850.252494,CHF,chf,nur_arbeitnehmende,28,1984,Millennials,4,pop_weighted
2012,ahv_einnahmen,25-29,25,29,sum_einkommen,5799158586.081361,CHF,chf,nur_arbeitnehmende,29,1983,Millennials,4,pop_weighted
2012,ahv_einnahmen,25-29,25,29,sum_beitrag_ahv,453790341.4888412,CHF,chf,nur_arbeitnehmende,25,1987,Millennials,4,pop_weighted
2012,ahv_einnahmen,25-29,25,29,sum_beitrag_ahv,467353070.14319265,CHF,chf,nur_arbeitnehmende,26,1986,Millennials,4,pop_weighted
2012,ahv_einnahmen,25-29,25,29,sum_beitrag_ahv,474451658.2719225,CHF,chf,nur_arbeitnehmende,27,1985,Millennials,4,pop_weighted
2012,ahv_einnahmen,25-29,25,29,sum_beitrag_ahv,486472295.4212095,CHF,chf,nur_arbeitnehmende,28,1984,Millennials,4,pop_weighted
2012,ahv_einnahmen,25-29,25,29,sum_beitrag_ahv,487129321.23083436,CHF,chf,nur_arbeitnehmende,29,1983,Millennials,4,pop_weighted
2012,ahv_einnahmen,30-34,30,34,n_personen,114502.5816466309,Anzahl,count,nur_arbeitnehmende,30,1982,Millennials,4,pop_weighted
2012,ahv_einnahmen,30-34,30,34,n_personen,114788.13324189096,Anzahl,count,nur_arbeitnehmende,31,1981,Millennials,4,pop_weighted
2012,ahv_einnahmen,30-34,30,34,n_personen,116004.04698416253,Anzahl,count,nur_arbeitnehmende,32,1980,Generation X,3,pop_weighted
2012,ahv_einnahmen,30-34,30,34,n_personen,113321.71755865119,Anzahl,count,nur_arbeitnehmende,33,1979,Generation X,3,pop_weighted
2012,ahv_einnahmen,30-34,30,34,n_personen,112196.5205686644,Anzahl,count,nur_arbeitnehmende,34,1978,Generation X,3,pop_weighted
2012,ahv_einnahmen,30-34,30,34,sum_einkommen,7204460475.613443,CHF,chf,nur_arbeitnehmende,30,1982,Millennials,4,pop_weighted
2012,ahv_einnahmen,30-34,30,34,sum_einkommen,7222427277.341533,CHF,chf,nur_arbeitnehmende,31,1981,Millennials,4,pop_weighted
2012,ahv_einnahmen,30-34,30,34,sum_einkommen,7298932124.41114,CHF,chf,nur_arbeitnehmende,32,1980,Generation X,3,pop_weighted
2012,ahv_einnahmen,30-34,30,34,sum_einkommen,7130160939.947284,CHF,chf,nur_arbeitnehmende,33,1979,Generation X,3,pop_weighted
2012,ahv_einnahmen,30-34,30,34,sum_einkommen,7059363957.6866,CHF,chf,nur_arbeitnehmende,34,1978,Generation X,3,pop_weighted
2012,ahv_einnahmen,30-34,30,34,sum_beitrag_ahv,605174679.9515291,CHF,chf,nur_arbeitnehmende,30,1982,Millennials,4,pop_weighted
2012,ahv_einnahmen,30-34,30,34,sum_beitrag_ahv,606683891.2966888,CHF,chf,nur_arbeitnehmende,31,1981,Millennials,4,pop_weighted
2012,ahv_einnahmen,30-34,30,34,sum_beitrag_ahv,613110298.4505358,CHF,chf,nur_arbeitnehmende,32,1980,Generation X,3,pop_weighted
2012,ahv_einnahmen,30-34,30,34,sum_beitrag_ahv,598933518.9555718,CHF,chf,nur_arbeitnehmende,33,1979,Generation X,3,pop_weighted
2012,ahv_einnahmen,30-34,30,34,sum_beitrag_ahv,592986572.4456743,CHF,chf,nur_arbeitnehmende,34,1978,Generation X,3,pop_weighted
2012,ahv_einnahmen,35-39,35,39,n_personen,107253.7965875069,Anzahl,count,nur_arbeitnehmende,35,1977,Generation X,3,pop_weighted
2012,ahv_einnahmen,35-39,35,39,n_personen,106899.11353661018,Anzahl,count,nur_arbeitnehmende,36,1976,Generation X,3,pop_weighted
2012,ahv_einnahmen,35-39,35,39,n_personen,106710.9644943755,Anzahl,count,nur_arbeitnehmende,37,1975,Generation X,3,pop_weighted
2012,ahv_einnahmen,35-39,35,39,n_personen,109646.67905415226,Anzahl,count,nur_arbeitnehmende,38,1974,Generation X,3,pop_weighted
2012,ahv_einnahmen,35-39,35,39,n_personen,110305.44632735518,Anzahl,count,nur_arbeitnehmende,39,1973,Generation X,3,pop_weighted
2012,ahv_einnahmen,35-39,35,39,sum_einkommen,7722206614.783907,CHF,chf,nur_arbeitnehmende,35,1977,Generation X,3,pop_weighted
2012,ahv_einnahmen,35-39,35,39,sum_einkommen,7696669655.823655,CHF,chf,nur_arbeitnehmende,36,1976,Generation X,3,pop_weighted
2012,ahv_einnahmen,35-39,35,39,sum_einkommen,7683123041.859975,CHF,chf,nur_arbeitnehmende,37,1975,Generation X,3,pop_weighted
2012,ahv_einnahmen,35-39,35,39,sum_einkommen,7894492663.39248,CHF,chf,nur_arbeitnehmende,38,1974,Generation X,3,pop_weighted
2012,ahv_einnahmen,35-39,35,39,sum_einkommen,7941923497.139984,CHF,chf,nur_arbeitnehmende,39,1973,Generation X,3,pop_weighted
2012,ahv_einnahmen,35-39,35,39,sum_beitrag_ahv,648665355.6418482,CHF,chf,nur_arbeitnehmende,35,1977,Generation X,3,pop_weighted
2012,ahv_einnahmen,35-39,35,39,sum_beitrag_ahv,646520251.0891869,CHF,chf,nur_arbeitnehmende,36,1976,Generation X,3,pop_weighted
2012,ahv_einnahmen,35-39,35,39,sum_beitrag_ahv,645382335.5162379,CHF,chf,nur_arbeitnehmende,37,1975,Generation X,3,pop_weighted
2012,ahv_einnahmen,35-39,35,39,sum_beitrag_ahv,663137383.7249683,CHF,chf,nur_arbeitnehmende,38,1974,Generation X,3,pop_weighted
2012,ahv_einnahmen,35-39,35,39,sum_beitrag_ahv,667121573.7597587,CHF,chf,nur_arbeitnehmende,39,1973,Generation X,3,pop_weighted
2012,ahv_einnahmen,40-44,40,44,n_personen,110238.94755521405,Anzahl,count,nur_arbeitnehmende,40,1972,Generation X,3,pop_weighted
2012,ahv_einnahmen,40-44,40,44,n_personen,114281.07240961339,Anzahl,count,nur_arbeitnehmende,41,1971,Generation X,3,pop_weighted
2012,ahv_einnahmen,40-44,40,44,n_personen,116164.73492115541,Anzahl,count,nur_arbeitnehmende,42,1970,Generation X,3,pop_weighted
2012,ahv_einnahmen,40-44,40,44,n_personen,119547.91069907892,Anzahl,count,nur_arbeitnehmende,43,1969,Generation X,3,pop_weighted
2012,ahv_einnahmen,40-44,40,44,n_personen,122626.33441493822,Anzahl,count,nur_arbeitnehmende,44,1968,Generation X,3,pop_weighted
2012,ahv_einnahmen,40-44,40,44,sum_einkommen,8668754519.618734,CHF,chf,nur_arbeitnehmende,40,1972,Generation X,3,pop_weighted
2012,ahv_einnahmen,40-44,40,44,sum_einkommen,8986611219.791668,CHF,chf,nur_arbeitnehmende,41,1971,Generation X,3,pop_weighted
2012,ahv_einnahmen,40-44,40,44,sum_einkommen,9134734984.32768,CHF,chf,nur_arbeitnehmende,42,1970,Generation X,3,pop_weighted
2012,ahv_einnahmen,40-44,40,44,sum_einkommen,9400774537.18943,CHF,chf,nur_arbeitnehmende,43,1969,Generation X,3,pop_weighted
2012,ahv_einnahmen,40-44,40,44,sum_einkommen,9642849594.072487,CHF,chf,nur_arbeitnehmende,44,1968,Generation X,3,pop_weighted
2012,ahv_einnahmen,40-44,40,44,sum_beitrag_ahv,728175379.6479738,CHF,chf,nur_arbeitnehmende,40,1972,Generation X,3,pop_weighted
2012,ahv_einnahmen,40-44,40,44,sum_beitrag_ahv,754875342.4625002,CHF,chf,nur_arbeitnehmende,41,1971,Generation X,3,pop_weighted
2012,ahv_einnahmen,40-44,40,44,sum_beitrag_ahv,767317738.6835251,CHF,chf,nur_arbeitnehmende,42,1970,Generation X,3,pop_weighted
2012,ahv_einnahmen,40-44,40,44,sum_beitrag_ahv,789665061.1239121,CHF,chf,nur_arbeitnehmende,43,1969,Generation X,3,pop_weighted
2012,ahv_einnahmen,40-44,40,44,sum_beitrag_ahv,809999365.902089,CHF,chf,nur_arbeitnehmende,44,1968,Generation X,3,pop_weighted
2012,ahv_einnahmen,45-49,45,49,n_personen,120697.7021231894,Anzahl,count,nur_arbeitnehmende,45,1967,Generation X,3,pop_weighted
2012,ahv_einnahmen,45-49,45,49,n_personen,123575.2515742336,Anzahl,count,nur_arbeitnehmende,46,1966,Generation X,3,pop_weighted
2012,ahv_einnahmen,45-49,45,49,n_personen,124223.40673153689,Anzahl,count,nur_arbeitnehmende,47,1965,Generation X,3,pop_weighted
2012,ahv_einnahmen,45-49,45,49,n_personen,126233.66064686143,Anzahl,count,nur_arbeitnehmende,48,1964,Babyboomers,2,pop_weighted
2012,ahv_einnahmen,45-49,45,49,n_personen,122713.97892417866,Anzahl,count,nur_arbeitnehmende,49,1963,Babyboomers,2,pop_weighted
2012,ahv_einnahmen,45-49,45,49,sum_einkommen,9916364293.846949,CHF,chf,nur_arbeitnehmende,45,1967,Generation X,3,pop_weighted
2012,ahv_einnahmen,45-49,45,49,sum_einkommen,10152779968.115458,CHF,chf,nur_arbeitnehmende,46,1966,Generation X,3,pop_weighted
2012,ahv_einnahmen,45-49,45,49,sum_einkommen,10206031542.467678,CHF,chf,nur_arbeitnehmende,47,1965,Generation X,3,pop_weighted
2012,ahv_einnahmen,45-49,45,49,sum_einkommen,10371191357.417131,CHF,chf,nur_arbeitnehmende,48,1964,Babyboomers,2,pop_weighted
2012,ahv_einnahmen,45-49,45,49,sum_einkommen,10082018941.152784,CHF,chf,nur_arbeitnehmende,49,1963,Babyboomers,2,pop_weighted
2012,ahv_einnahmen,45-49,45,49,sum_beitrag_ahv,832974600.6831436,CHF,chf,nur_arbeitnehmende,45,1967,Generation X,3,pop_weighted
2012,ahv_einnahmen,45-49,45,49,sum_beitrag_ahv,852833517.3216983,CHF,chf,nur_arbeitnehmende,46,1966,Generation X,3,pop_weighted
2012,ahv_einnahmen,45-49,45,49,sum_beitrag_ahv,857306649.567285,CHF,chf,nur_arbeitnehmende,47,1965,Generation X,3,pop_weighted
2012,ahv_einnahmen,45-49,45,49,sum_beitrag_ahv,871180074.0230391,CHF,chf,nur_arbeitnehmende,48,1964,Babyboomers,2,pop_weighted
2012,ahv_einnahmen,45-49,45,49,sum_beitrag_ahv,846889591.0568339,CHF,chf,nur_arbeitnehmende,49,1963,Babyboomers,2,pop_weighted
2012,ahv_einnahmen,50-54,50,54,n_personen,111725.621585855,Anzahl,count,nur_arbeitnehmende,50,1962,Babyboomers,2,pop_weighted
2012,ahv_einnahmen,50-54,50,54,n_personen,108057.73183851944,Anzahl,count,nur_arbeitnehmende,51,1961,Babyboomers,2,pop_weighted
2012,ahv_einnahmen,50-54,50,54,n_personen,105267.82238904106,Anzahl,count,nur_arbeitnehmende,52,1960,Babyboomers,2,pop_weighted
2012,ahv_einnahmen,50-54,50,54,n_personen,102220.30195396389,Anzahl,count,nur_arbeitnehmende,53,1959,Babyboomers,2,pop_weighted
2012,ahv_einnahmen,50-54,50,54,n_personen,98452.52223262061,Anzahl,count,nur_arbeitnehmende,54,1958,Babyboomers,2,pop_weighted
2012,ahv_einnahmen,50-54,50,54,sum_einkommen,9202282265.551247,CHF,chf,nur_arbeitnehmende,50,1962,Babyboomers,2,pop_weighted
2012,ahv_einnahmen,50-54,50,54,sum_einkommen,8900176479.11831,CHF,chf,nur_arbeitnehmende,51,1961,Babyboomers,2,pop_weighted
2012,ahv_einnahmen,50-54,50,54,sum_einkommen,8670385551.262968,CHF,chf,nur_arbeitnehmende,52,1960,Babyboomers,2,pop_weighted
2012,ahv_einnahmen,50-54,50,54,sum_einkommen,8419376491.250128,CHF,chf,nur_arbeitnehmende,53,1959,Babyboomers,2,pop_weighted
2012,ahv_einnahmen,50-54,50,54,sum_einkommen,8109043265.817347,CHF,chf,nur_arbeitnehmende,54,1958,Babyboomers,2,pop_weighted
2012,ahv_einnahmen,50-54,50,54,sum_beitrag_ahv,772991710.3063048,CHF,chf,nur_arbeitnehmende,50,1962,Babyboomers,2,pop_weighted
2012,ahv_einnahmen,50-54,50,54,sum_beitrag_ahv,747614824.2459382,CHF,chf,nur_arbeitnehmende,51,1961,Babyboomers,2,pop_weighted
2012,ahv_einnahmen,50-54,50,54,sum_beitrag_ahv,728312386.3060893,CHF,chf,nur_arbeitnehmende,52,1960,Babyboomers,2,pop_weighted
2012,ahv_einnahmen,50-54,50,54,sum_beitrag_ahv,707227625.2650108,CHF,chf,nur_arbeitnehmende,53,1959,Babyboomers,2,pop_weighted
2012,ahv_einnahmen,50-54,50,54,sum_beitrag_ahv,681159634.3286572,CHF,chf,nur_arbeitnehmende,54,1958,Babyboomers,2,pop_weighted
2012,ahv_einnahmen,55-59,55,59,n_personen,88026.10072801818,Anzahl,count,nur_arbeitnehmende,55,1957,Babyboomers,2,pop_weighted
2012,ahv_einnahmen,55-59,55,59,n_personen,85478.9590782074,Anzahl,count,nur_arbeitnehmende,56,1956,Babyboomers,2,pop_weighted
2012,ahv_einnahmen,55-59,55,59,n_personen,82084.50951431679,Anzahl,count,nur_arbeitnehmende,57,1955,Babyboomers,2,pop_weighted
2012,ahv_einnahmen,55-59,55,59,n_personen,79554.62709724187,Anzahl,count,nur_arbeitnehmende,58,1954,Babyboomers,2,pop_weighted
2012,ahv_einnahmen,55-59,55,59,n_personen,76808.80358221577,Anzahl,count,nur_arbeitnehmende,59,1953,Babyboomers,2,pop_weighted
2012,ahv_einnahmen,55-59,55,59,sum_einkommen,7205903210.72456,CHF,chf,nur_arbeitnehmende,55,1957,Babyboomers,2,pop_weighted
2012,ahv_einnahmen,55-59,55,59,sum_einkommen,6997391689.246934,CHF,chf,nur_arbeitnehmende,56,1956,Babyboomers,2,pop_weighted
2012,ahv_einnahmen,55-59,55,59,sum_einkommen,6719518708.292588,CHF,chf,nur_arbeitnehmende,57,1955,Babyboomers,2,pop_weighted
2012,ahv_einnahmen,55-59,55,59,sum_einkommen,6512420044.587344,CHF,chf,nur_arbeitnehmende,58,1954,Babyboomers,2,pop_weighted
2012,ahv_einnahmen,55-59,55,59,sum_einkommen,6287644230.148574,CHF,chf,nur_arbeitnehmende,59,1953,Babyboomers,2,pop_weighted
2012,ahv_einnahmen,55-59,55,59,sum_beitrag_ahv,605295869.700863,CHF,chf,nur_arbeitnehmende,55,1957,Babyboomers,2,pop_weighted
2012,ahv_einnahmen,55-59,55,59,sum_beitrag_ahv,587780901.8967425,CHF,chf,nur_arbeitnehmende,56,1956,Babyboomers,2,pop_weighted
2012,ahv_einnahmen,55-59,55,59,sum_beitrag_ahv,564439571.4965774,CHF,chf,nur_arbeitnehmende,57,1955,Babyboomers,2,pop_weighted
2012,ahv_einnahmen,55-59,55,59,sum_beitrag_ahv,547043283.7453369,CHF,chf,nur_arbeitnehmende,58,1954,Babyboomers,2,pop_weighted
2012,ahv_einnahmen,55-59,55,59,sum_beitrag_ahv,528162115.3324802,CHF,chf,nur_arbeitnehmende,59,1953,Babyboomers,2,pop_weighted
2012,ahv_einnahmen,60-64,60,64,n_personen,58718.40886663134,Anzahl,count,nur_arbeitnehmende,60,1952,Babyboomers,2,pop_weighted
2012,ahv_einnahmen,60-64,60,64,n_personen,56204.99844506024,Anzahl,count,nur_arbeitnehmende,61,1951,Babyboomers,2,pop_weighted
2012,ahv_einnahmen,60-64,60,64,n_personen,57450.398729119064,Anzahl,count,nur_arbeitnehmende,62,1950,Babyboomers,2,pop_weighted
2012,ahv_einnahmen,60-64,60,64,n_personen,56226.369402434044,Anzahl,count,nur_arbeitnehmende,63,1949,Babyboomers,2,pop_weighted
2012,ahv_einnahmen,60-64,60,64,n_personen,56635.8245567553,Anzahl,count,nur_arbeitnehmende,64,1948,Babyboomers,2,pop_weighted
2012,ahv_einnahmen,60-64,60,64,sum_einkommen,4150719879.1984863,CHF,chf,nur_arbeitnehmende,60,1952,Babyboomers,2,pop_weighted
2012,ahv_einnahmen,60-64,60,64,sum_einkommen,3973050511.060543,CHF,chf,nur_arbeitnehmende,61,1951,Babyboomers,2,pop_weighted
2012,ahv_einnahmen,60-64,60,64,sum_einkommen,4061086066.1169405,CHF,chf,nur_arbeitnehmende,62,1950,Babyboomers,2,pop_weighted
2012,ahv_einnahmen,60-64,60,64,sum_einkommen,3974561193.30349,CHF,chf,nur_arbeitnehmende,63,1949,Babyboomers,2,pop_weighted
2012,ahv_einnahmen,60-64,60,64,sum_einkommen,4003504989.3205404,CHF,chf,nur_arbeitnehmende,64,1948,Babyboomers,2,pop_weighted
2012,ahv_einnahmen,60-64,60,64,sum_beitrag_ahv,348660469.8526729,CHF,chf,nur_arbeitnehmende,60,1952,Babyboomers,2,pop_weighted
2012,ahv_einnahmen,60-64,60,64,sum_beitrag_ahv,333736242.9290856,CHF,chf,nur_arbeitnehmende,61,1951,Babyboomers,2,pop_weighted
2012,ahv_einnahmen,60-64,60,64,sum_beitrag_ahv,341131229.55382305,CHF,chf,nur_arbeitnehmende,62,1950,Babyboomers,2,pop_weighted
2012,ahv_einnahmen,60-64,60,64,sum_beitrag_ahv,333863140.2374932,CHF,chf,nur_arbeitnehmende,63,1949,Babyboomers,2,pop_weighted
2012,ahv_einnahmen,60-64,60,64,sum_beitrag_ahv,336294419.1029254,CHF,chf,nur_arbeitnehmende,64,1948,Babyboomers,2,pop_weighted
2012,ahv_einnahmen,65-69,65,69,n_personen,11146.921250782005,Anzahl,count,nur_arbeitnehmende,65,1947,Babyboomers,2,pop_weighted
2012,ahv_einnahmen,65-69,65,69,n_personen,11021.768271121817,Anzahl,count,nur_arbeitnehmende,66,1946,Babyboomers,2,pop_weighted
2012,ahv_einnahmen,65-69,65,69,n_personen,10488.993785352828,Anzahl,count,nur_arbeitnehmende,67,1945,Silent Generation,1,pop_weighted
2012,ahv_einnahmen,65-69,65,69,n_personen,10285.526516025038,Anzahl,count,nur_arbeitnehmende,68,1944,Silent Generation,1,pop_weighted
2012,ahv_einnahmen,65-69,65,69,n_personen,9864.790176718312,Anzahl,count,nur_arbeitnehmende,69,1943,Silent Generation,1,pop_weighted
2012,ahv_einnahmen,65-69,65,69,sum_einkommen,534606593.32198614,CHF,chf,nur_arbeitnehmende,65,1947,Babyboomers,2,pop_weighted
2012,ahv_einnahmen,65-69,65,69,sum_einkommen,528604253.609078,CHF,chf,nur_arbeitnehmende,66,1946,Babyboomers,2,pop_weighted
2012,ahv_einnahmen,65-69,65,69,sum_einkommen,503052377.316254,CHF,chf,nur_arbeitnehmende,67,1945,Silent Generation,1,pop_weighted
2012,ahv_einnahmen,65-69,65,69,sum_einkommen,493294082.5135321,CHF,chf,nur_arbeitnehmende,68,1944,Silent Generation,1,pop_weighted
2012,ahv_einnahmen,65-69,65,69,sum_einkommen,473115558.2391498,CHF,chf,nur_arbeitnehmende,69,1943,Silent Generation,1,pop_weighted
2012,ahv_einnahmen,65-69,65,69,sum_beitrag_ahv,44906953.839046836,CHF,chf,nur_arbeitnehmende,65,1947,Babyboomers,2,pop_weighted
2012,ahv_einnahmen,65-69,65,69,sum_beitrag_ahv,44402757.30316255,CHF,chf,nur_arbeitnehmende,66,1946,Babyboomers,2,pop_weighted
2012,ahv_einnahmen,65-69,65,69,sum_beitrag_ahv,42256399.69456534,CHF,chf,nur_arbeitnehmende,67,1945,Silent Generation,1,pop_weighted
2012,ahv_einnahmen,65-69,65,69,sum_beitrag_ahv,41436702.9311367,CHF,chf,nur_arbeitnehmende,68,1944,Silent Generation,1,pop_weighted
2012,ahv_einnahmen,65-69,65,69,sum_beitrag_ahv,39741706.892088585,CHF,chf,nur_arbeitnehmende,69,1943,Silent Generation,1,pop_weighted
2012,ahv_einnahmen,70-74,70,74,n_personen,2513.817260287717,Anzahl,count,nur_arbeitnehmende,70,1942,Silent Generation,1,pop_weighted
2012,ahv_einnahmen,70-74,70,74,n_personen,2335.356192393117,Anzahl,count,nur_arbeitnehmende,71,1941,Silent Generation,1,pop_weighted
2012,ahv_einnahmen,70-74,70,74,n_personen,2136.652430301657,Anzahl,count,nur_arbeitnehmende,72,1940,Silent Generation,1,pop_weighted
2012,ahv_einnahmen,70-74,70,74,n_personen,2066.6163980182396,Anzahl,count,nur_arbeitnehmende,73,1939,Silent Generation,1,pop_weighted
2012,ahv_einnahmen,70-74,70,74,n_personen,1979.557718999269,Anzahl,count,nur_arbeitnehmende,74,1938,Silent Generation,1,pop_weighted
2012,ahv_einnahmen,70-74,70,74,sum_einkommen,115369029.76622038,CHF,chf,nur_arbeitnehmende,70,1942,Silent Generation,1,pop_weighted
2012,ahv_einnahmen,70-74,70,74,sum_einkommen,107178744.58547217,CHF,chf,nur_arbeitnehmende,71,1941,Silent Generation,1,pop_weighted
2012,ahv_einnahmen,70-74,70,74,sum_einkommen,98059441.99910763,CHF,chf,nur_arbeitnehmende,72,1940,Silent Generation,1,pop_weighted
2012,ahv_einnahmen,70-74,70,74,sum_einkommen,94845211.10776241,CHF,chf,nur_arbeitnehmende,73,1939,Silent Generation,1,pop_weighted
2012,ahv_einnahmen,70-74,70,74,sum_einkommen,90849743.54143743,CHF,chf,nur_arbeitnehmende,74,1938,Silent Generation,1,pop_weighted
2012,ahv_einnahmen,70-74,70,74,sum_beitrag_ahv,9690998.500362512,CHF,chf,nur_arbeitnehmende,70,1942,Silent Generation,1,pop_weighted
2012,ahv_einnahmen,70-74,70,74,sum_beitrag_ahv,9003014.545179661,CHF,chf,nur_arbeitnehmende,71,1941,Silent Generation,1,pop_weighted
2012,ahv_einnahmen,70-74,70,74,sum_beitrag_ahv,8236993.12792504,CHF,chf,nur_arbeitnehmende,72,1940,Silent Generation,1,pop_weighted
2012,ahv_einnahmen,70-74,70,74,sum_beitrag_ahv,7966997.733052042,CHF,chf,nur_arbeitnehmende,73,1939,Silent Generation,1,pop_weighted
2012,ahv_einnahmen,70-74,70,74,sum_beitrag_ahv,7631378.457480744,CHF,chf,nur_arbeitnehmende,74,1938,Silent Generation,1,pop_weighted
2012,ahv_einnahmen,75+,75,100,n_personen,434.4037582224539,Anzahl,count,nur_arbeitnehmende,75,1937,Silent Generation,1,pop_weighted
2012,ahv_einnahmen,75+,75,100,n_personen,429.0181223551508,Anzahl,count,nur_arbeitnehmende,76,1936,Silent Generation,1,pop_weighted
2012,ahv_einnahmen,75+,75,100,n_personen,417.7808979860265,Anzahl,count,nur_arbeitnehmende,77,1935,Silent Generation,1,pop_weighted
2012,ahv_einnahmen,75+,75,100,n_personen,399.52720352878623,Anzahl,count,nur_arbeitnehmende,78,1934,Silent Generation,1,pop_weighted
2012,ahv_einnahmen,75+,75,100,n_personen,376.276167066341,Anzahl,count,nur_arbeitnehmende,79,1933,Silent Generation,1,pop_weighted
2012,ahv_einnahmen,75+,75,100,n_personen,362.5266814094408,Anzahl,count,nur_arbeitnehmende,80,1932,Silent Generation,1,pop_weighted
2012,ahv_einnahmen,75+,75,100,n_personen,340.55313175329894,Anzahl,count,nur_arbeitnehmende,81,1931,Silent Generation,1,pop_weighted
2012,ahv_einnahmen,75+,75,100,n_personen,327.30066223988456,Anzahl,count,nur_arbeitnehmende,82,1930,Silent Generation,1,pop_weighted
2012,ahv_einnahmen,75+,75,100,n_personen,299.3629188619131,Anzahl,count,nur_arbeitnehmende,83,1929,Silent Generation,1,pop_weighted
2012,ahv_einnahmen,75+,75,100,n_personen,274.8771079179954,Anzahl,count,nur_arbeitnehmende,84,1928,Silent Generation,1,pop_weighted
2012,ahv_einnahmen,75+,75,100,n_personen,248.7177504284341,Anzahl,count,nur_arbeitnehmende,85,1927,Silent Generation,1,pop_weighted
2012,ahv_einnahmen,75+,75,100,n_personen,229.55544833388385,Anzahl,count,nur_arbeitnehmende,86,1926,Silent Generation,1,pop_weighted
2012,ahv_einnahmen,75+,75,100,n_personen,206.12191375625247,Anzahl,count,nur_arbeitnehmende,87,1925,Silent Generation,1,pop_weighted
2012,ahv_einnahmen,75+,75,100,n_personen,180.31202074257962,Anzahl,count,nur_arbeitnehmende,88,1924,Silent Generation,1,pop_weighted
2012,ahv_einnahmen,75+,75,100,n_personen,156.2766306786959,Anzahl,count,nur_arbeitnehmende,89,1923,Silent Generation,1,pop_weighted
2012,ahv_einnahmen,75+,75,100,n_personen,132.18687947411843,Anzahl,count,nur_arbeitnehmende,90,1922,Silent Generation,1,pop_weighted
2012,ahv_einnahmen,75+,75,100,n_personen,113.78175041065982,Anzahl,count,nur_arbeitnehmende,91,1921,Silent Generation,1,pop_weighted
2012,ahv_einnahmen,75+,75,100,n_personen,89.58715986331582,Anzahl,count,nur_arbeitnehmende,92,1920,Silent Generation,1,pop_weighted
2012,ahv_einnahmen,75+,75,100,n_personen,61.38149372049655,Anzahl,count,nur_arbeitnehmende,93,1919,Silent Generation,1,pop_weighted
2012,ahv_einnahmen,75+,75,100,n_personen,45.298361952385676,Anzahl,count,nur_arbeitnehmende,94,1918,Silent Generation,1,pop_weighted
2012,ahv_einnahmen,75+,75,100,n_personen,35.18330684472541,Anzahl,count,nur_arbeitnehmende,95,1917,Silent Generation,1,pop_weighted
2012,ahv_einnahmen,75+,75,100,n_personen,26.038986392310846,Anzahl,count,nur_arbeitnehmende,96,1916,Silent Generation,1,pop_weighted
2012,ahv_einnahmen,75+,75,100,n_personen,18.502202528983176,Anzahl,count,nur_arbeitnehmende,97,1915,Silent Generation,1,pop_weighted
2012,ahv_einnahmen,75+,75,100,n_personen,14.44064873143514,Anzahl,count,nur_arbeitnehmende,98,1914,Silent Generation,1,pop_weighted
2012,ahv_einnahmen,75+,75,100,n_personen,23.988794800431915,Anzahl,count,nur_arbeitnehmende,99,1913,Silent Generation,1,pop_weighted
2012,ahv_einnahmen,75+,75,100,n_personen,0.0,Anzahl,count,nur_arbeitnehmende,100,1912,Silent Generation,1,pop_weighted
2012,ahv_einnahmen,75+,75,100,sum_einkommen,23124914.778828762,CHF,chf,nur_arbeitnehmende,75,1937,Silent Generation,1,pop_weighted
2012,ahv_einnahmen,75+,75,100,sum_einkommen,22838217.511358503,CHF,chf,nur_arbeitnehmende,76,1936,Silent Generation,1,pop_weighted
2012,ahv_einnahmen,75+,75,100,sum_einkommen,22240018.598554656,CHF,chf,nur_arbeitnehmende,77,1935,Silent Generation,1,pop_weighted
2012,ahv_einnahmen,75+,75,100,sum_einkommen,21268307.09575891,CHF,chf,nur_arbeitnehmende,78,1934,Silent Generation,1,pop_weighted
2012,ahv_einnahmen,75+,75,100,sum_einkommen,20030568.640379008,CHF,chf,nur_arbeitnehmende,79,1933,Silent Generation,1,pop_weighted
2012,ahv_einnahmen,75+,75,100,sum_einkommen,19298632.790262066,CHF,chf,nur_arbeitnehmende,80,1932,Silent Generation,1,pop_weighted
2012,ahv_einnahmen,75+,75,100,sum_einkommen,18128899.670857444,CHF,chf,nur_arbeitnehmende,81,1931,Silent Generation,1,pop_weighted
2012,ahv_einnahmen,75+,75,100,sum_einkommen,17423421.82379472,CHF,chf,nur_arbeitnehmende,82,1930,Silent Generation,1,pop_weighted
2012,ahv_einnahmen,75+,75,100,sum_einkommen,15936192.66773954,CHF,chf,nur_arbeitnehmende,83,1929,Silent Generation,1,pop_weighted
2012,ahv_einnahmen,75+,75,100,sum_einkommen,14632722.611021828,CHF,chf,nur_arbeitnehmende,84,1928,Silent Generation,1,pop_weighted
2012,ahv_einnahmen,75+,75,100,sum_einkommen,13240163.497145006,CHF,chf,nur_arbeitnehmende,85,1927,Silent Generation,1,pop_weighted
2012,ahv_einnahmen,75+,75,100,sum_einkommen,12220083.457515778,CHF,chf,nur_arbeitnehmende,86,1926,Silent Generation,1,pop_weighted
2012,ahv_einnahmen,75+,75,100,sum_einkommen,10972629.954139406,CHF,chf,nur_arbeitnehmende,87,1925,Silent Generation,1,pop_weighted
2012,ahv_einnahmen,75+,75,100,sum_einkommen,9598674.123660078,CHF,chf,nur_arbeitnehmende,88,1924,Silent Generation,1,pop_weighted
2012,ahv_einnahmen,75+,75,100,sum_einkommen,8319181.632210246,CHF,chf,nur_arbeitnehmende,89,1923,Silent Generation,1,pop_weighted
2012,ahv_einnahmen,75+,75,100,sum_einkommen,7036795.296676358,CHF,chf,nur_arbeitnehmende,90,1922,Silent Generation,1,pop_weighted
2012,ahv_einnahmen,75+,75,100,sum_einkommen,6057022.371075032,CHF,chf,nur_arbeitnehmende,91,1921,Silent Generation,1,pop_weighted
2012,ahv_einnahmen,75+,75,100,sum_einkommen,4769055.050521897,CHF,chf,nur_arbeitnehmende,92,1920,Silent Generation,1,pop_weighted
2012,ahv_einnahmen,75+,75,100,sum_einkommen,3267563.377195308,CHF,chf,nur_arbeitnehmende,93,1919,Silent Generation,1,pop_weighted
2012,ahv_einnahmen,75+,75,100,sum_einkommen,2411398.9346128837,CHF,chf,nur_arbeitnehmende,94,1918,Silent Generation,1,pop_weighted
2012,ahv_einnahmen,75+,75,100,sum_einkommen,1872937.2318298763,CHF,chf,nur_arbeitnehmende,95,1917,Silent Generation,1,pop_weighted
2012,ahv_einnahmen,75+,75,100,sum_einkommen,1386151.316262129,CHF,chf,nur_arbeitnehmende,96,1916,Silent Generation,1,pop_weighted
2012,ahv_einnahmen,75+,75,100,sum_einkommen,984940.5043228519,CHF,chf,nur_arbeitnehmende,97,1915,Silent Generation,1,pop_weighted
2012,ahv_einnahmen,75+,75,100,sum_einkommen,768729.0106142049,CHF,chf,nur_arbeitnehmende,98,1914,Silent Generation,1,pop_weighted
2012,ahv_einnahmen,75+,75,100,sum_einkommen,1277012.0536635004,CHF,chf,nur_arbeitnehmende,99,1913,Silent Generation,1,pop_weighted
2012,ahv_einnahmen,75+,75,100,sum_einkommen,0.0,CHF,chf,nur_arbeitnehmende,100,1912,Silent Generation,1,pop_weighted
2012,ahv_einnahmen,75+,75,100,sum_beitrag_ahv,1942492.841421616,CHF,chf,nur_arbeitnehmende,75,1937,Silent Generation,1,pop_weighted
2012,ahv_einnahmen,75+,75,100,sum_beitrag_ahv,1918410.2709541144,CHF,chf,nur_arbeitnehmende,76,1936,Silent Generation,1,pop_weighted
2012,ahv_einnahmen,75+,75,100,sum_beitrag_ahv,1868161.562278591,CHF,chf,nur_arbeitnehmende,77,1935,Silent Generation,1,pop_weighted
2012,ahv_einnahmen,75+,75,100,sum_beitrag_ahv,1786537.7960437485,CHF,chf,nur_arbeitnehmende,78,1934,Silent Generation,1,pop_weighted
2012,ahv_einnahmen,75+,75,100,sum_beitrag_ahv,1682567.7657918364,CHF,chf,nur_arbeitnehmende,79,1933,Silent Generation,1,pop_weighted
2012,ahv_einnahmen,75+,75,100,sum_beitrag_ahv,1621085.1543820137,CHF,chf,nur_arbeitnehmende,80,1932,Silent Generation,1,pop_weighted
2012,ahv_einnahmen,75+,75,100,sum_beitrag_ahv,1522827.5723520252,CHF,chf,nur_arbeitnehmende,81,1931,Silent Generation,1,pop_weighted
2012,ahv_einnahmen,75+,75,100,sum_beitrag_ahv,1463567.4331987563,CHF,chf,nur_arbeitnehmende,82,1930,Silent Generation,1,pop_weighted
2012,ahv_einnahmen,75+,75,100,sum_beitrag_ahv,1338640.1840901214,CHF,chf,nur_arbeitnehmende,83,1929,Silent Generation,1,pop_weighted
2012,ahv_einnahmen,75+,75,100,sum_beitrag_ahv,1229148.6993258335,CHF,chf,nur_arbeitnehmende,84,1928,Silent Generation,1,pop_weighted
2012,ahv_einnahmen,75+,75,100,sum_beitrag_ahv,1112173.7337601804,CHF,chf,nur_arbeitnehmende,85,1927,Silent Generation,1,pop_weighted
2012,ahv_einnahmen,75+,75,100,sum_beitrag_ahv,1026487.0104313254,CHF,chf,nur_arbeitnehmende,86,1926,Silent Generation,1,pop_weighted
2012,ahv_einnahmen,75+,75,100,sum_beitrag_ahv,921700.91614771,CHF,chf,nur_arbeitnehmende,87,1925,Silent Generation,1,pop_weighted
2012,ahv_einnahmen,75+,75,100,sum_beitrag_ahv,806288.6263874467,CHF,chf,nur_arbeitnehmende,88,1924,Silent Generation,1,pop_weighted
2012,ahv_einnahmen,75+,75,100,sum_beitrag_ahv,698811.2571056606,CHF,chf,nur_arbeitnehmende,89,1923,Silent Generation,1,pop_weighted
2012,ahv_einnahmen,75+,75,100,sum_beitrag_ahv,591090.8049208141,CHF,chf,nur_arbeitnehmende,90,1922,Silent Generation,1,pop_weighted
2012,ahv_einnahmen,75+,75,100,sum_beitrag_ahv,508789.8791703027,CHF,chf,nur_arbeitnehmende,91,1921,Silent Generation,1,pop_weighted
2012,ahv_einnahmen,75+,75,100,sum_beitrag_ahv,400600.62424383935,CHF,chf,nur_arbeitnehmende,92,1920,Silent Generation,1,pop_weighted
2012,ahv_einnahmen,75+,75,100,sum_beitrag_ahv,274475.3236844059,CHF,chf,nur_arbeitnehmende,93,1919,Silent Generation,1,pop_weighted
2012,ahv_einnahmen,75+,75,100,sum_beitrag_ahv,202557.51050748222,CHF,chf,nur_arbeitnehmende,94,1918,Silent Generation,1,pop_weighted
2012,ahv_einnahmen,75+,75,100,sum_beitrag_ahv,157326.72747370962,CHF,chf,nur_arbeitnehmende,95,1917,Silent Generation,1,pop_weighted
2012,ahv_einnahmen,75+,75,100,sum_beitrag_ahv,116436.71056601884,CHF,chf,nur_arbeitnehmende,96,1916,Silent Generation,1,pop_weighted
2012,ahv_einnahmen,75+,75,100,sum_beitrag_ahv,82735.00236311955,CHF,chf,nur_arbeitnehmende,97,1915,Silent Generation,1,pop_weighted
2012,ahv_einnahmen,75+,75,100,sum_beitrag_ahv,64573.23689159322,CHF,chf,nur_arbeitnehmende,98,1914,Silent Generation,1,pop_weighted
2012,ahv_einnahmen,75+,75,100,sum_beitrag_ahv,107269.01250773403,CHF,chf,nur_arbeitnehmende,99,1913,Silent Generation,1,pop_weighted
2012,ahv_einnahmen,75+,75,100,sum_beitrag_ahv,0.0,CHF,chf,nur_arbeitnehmende,100,1912,Silent Generation,1,pop_weighted
2013,ahv_einnahmen,<20,0,19,n_personen,3756.9093510354674,Anzahl,count,nur_arbeitnehmende,0,2013,Generation Alpha,6,pop_weighted
2013,ahv_einnahmen,<20,0,19,n_personen,7497.805146508168,Anzahl,count,nur_arbeitnehmende,1,2012,Generation Z,5,pop_weighted
2013,ahv_einnahmen,<20,0,19,n_personen,7541.692441436674,Anzahl,count,nur_arbeitnehmende,2,2011,Generation Z,5,pop_weighted
2013,ahv_einnahmen,<20,0,19,n_personen,7656.094759131485,Anzahl,count,nur_arbeitnehmende,3,2010,Generation Z,5,pop_weighted
2013,ahv_einnahmen,<20,0,19,n_personen,7507.127158680154,Anzahl,count,nur_arbeitnehmende,4,2009,Generation Z,5,pop_weighted
2013,ahv_einnahmen,<20,0,19,n_personen,7446.257188111595,Anzahl,count,nur_arbeitnehmende,5,2008,Generation Z,5,pop_weighted
2013,ahv_einnahmen,<20,0,19,n_personen,7326.547784279266,Anzahl,count,nur_arbeitnehmende,6,2007,Generation Z,5,pop_weighted
2013,ahv_einnahmen,<20,0,19,n_personen,7250.448783924791,Anzahl,count,nur_arbeitnehmende,7,2006,Generation Z,5,pop_weighted
2013,ahv_einnahmen,<20,0,19,n_personen,7241.819000379439,Anzahl,count,nur_arbeitnehmende,8,2005,Generation Z,5,pop_weighted
2013,ahv_einnahmen,<20,0,19,n_personen,7244.818657761512,Anzahl,count,nur_arbeitnehmende,9,2004,Generation Z,5,pop_weighted
2013,ahv_einnahmen,<20,0,19,n_personen,7130.416340066701,Anzahl,count,nur_arbeitnehmende,10,2003,Generation Z,5,pop_weighted
2013,ahv_einnahmen,<20,0,19,n_personen,7223.405718911011,Anzahl,count,nur_arbeitnehmende,11,2002,Generation Z,5,pop_weighted
2013,ahv_einnahmen,<20,0,19,n_personen,7263.878019281464,Anzahl,count,nur_arbeitnehmende,12,2001,Generation Z,5,pop_weighted
2013,ahv_einnahmen,<20,0,19,n_personen,7709.488660532412,Anzahl,count,nur_arbeitnehmende,13,2000,Generation Z,5,pop_weighted
2013,ahv_einnahmen,<20,0,19,n_personen,7673.354326222191,Anzahl,count,nur_arbeitnehmende,14,1999,Generation Z,5,pop_weighted
2013,ahv_einnahmen,<20,0,19,n_personen,7797.770884715621,Anzahl,count,nur_arbeitnehmende,15,1998,Generation Z,5,pop_weighted
2013,ahv_einnahmen,<20,0,19,n_personen,7930.494186728642,Anzahl,count,nur_arbeitnehmende,16,1997,Generation Z,5,pop_weighted
2013,ahv_einnahmen,<20,0,19,n_personen,8154.776261757599,Anzahl,count,nur_arbeitnehmende,17,1996,Millennials,4,pop_weighted
2013,ahv_einnahmen,<20,0,19,n_personen,8169.589954367536,Anzahl,count,nur_arbeitnehmende,18,1995,Millennials,4,pop_weighted
2013,ahv_einnahmen,<20,0,19,n_personen,8371.305376168271,Anzahl,count,nur_arbeitnehmende,19,1994,Millennials,4,pop_weighted
2013,ahv_einnahmen,<20,0,19,sum_einkommen,46501475.85476932,CHF,chf,nur_arbeitnehmende,0,2013,Generation Alpha,6,pop_weighted
2013,ahv_einnahmen,<20,0,19,sum_einkommen,92804742.51741485,CHF,chf,nur_arbeitnehmende,1,2012,Generation Z,5,pop_weighted
2013,ahv_einnahmen,<20,0,19,sum_einkommen,93347961.36960423,CHF,chf,nur_arbeitnehmende,2,2011,Generation Z,5,pop_weighted
2013,ahv_einnahmen,<20,0,19,sum_einkommen,94763986.11679402,CHF,chf,nur_arbeitnehmende,3,2010,Generation Z,5,pop_weighted
2013,ahv_einnahmen,<20,0,19,sum_einkommen,92920126.54280104,CHF,chf,nur_arbeitnehmende,4,2009,Generation Z,5,pop_weighted
2013,ahv_einnahmen,<20,0,19,sum_einkommen,92166703.12951207,CHF,chf,nur_arbeitnehmende,5,2008,Generation Z,5,pop_weighted
2013,ahv_einnahmen,<20,0,19,sum_einkommen,90684989.45697866,CHF,chf,nur_arbeitnehmende,6,2007,Generation Z,5,pop_weighted
2013,ahv_einnahmen,<20,0,19,sum_einkommen,89743067.38835585,CHF,chf,nur_arbeitnehmende,7,2006,Generation Z,5,pop_weighted
2013,ahv_einnahmen,<20,0,19,sum_einkommen,89636251.48366667,CHF,chf,nur_arbeitnehmende,8,2005,Generation Z,5,pop_weighted
2013,ahv_einnahmen,<20,0,19,sum_einkommen,89673380.00668697,CHF,chf,nur_arbeitnehmende,9,2004,Generation Z,5,pop_weighted
2013,ahv_einnahmen,<20,0,19,sum_einkommen,88257355.2594972,CHF,chf,nur_arbeitnehmende,10,2003,Generation Z,5,pop_weighted
2013,ahv_einnahmen,<20,0,19,sum_einkommen,89408339.47312663,CHF,chf,nur_arbeitnehmende,11,2002,Generation Z,5,pop_weighted
2013,ahv_einnahmen,<20,0,19,sum_einkommen,89909288.92987753,CHF,chf,nur_arbeitnehmende,12,2001,Generation Z,5,pop_weighted
2013,ahv_einnahmen,<20,0,19,sum_einkommen,95424873.82655545,CHF,chf,nur_arbeitnehmende,13,2000,Generation Z,5,pop_weighted
2013,ahv_einnahmen,<20,0,19,sum_einkommen,94977617.92617239,CHF,chf,nur_arbeitnehmende,14,1999,Generation Z,5,pop_weighted
2013,ahv_einnahmen,<20,0,19,sum_einkommen,96517594.81944534,CHF,chf,nur_arbeitnehmende,15,1998,Generation Z,5,pop_weighted
2013,ahv_einnahmen,<20,0,19,sum_einkommen,98160389.16108222,CHF,chf,nur_arbeitnehmende,16,1997,Generation Z,5,pop_weighted
2013,ahv_einnahmen,<20,0,19,sum_einkommen,100936460.2669081,CHF,chf,nur_arbeitnehmende,17,1996,Millennials,4,pop_weighted
2013,ahv_einnahmen,<20,0,19,sum_einkommen,101119818.04982376,CHF,chf,nur_arbeitnehmende,18,1995,Millennials,4,pop_weighted
2013,ahv_einnahmen,<20,0,19,sum_einkommen,103616568.42092764,CHF,chf,nur_arbeitnehmende,19,1994,Millennials,4,pop_weighted
2013,ahv_einnahmen,<20,0,19,sum_beitrag_ahv,3906123.9718006225,CHF,chf,nur_arbeitnehmende,0,2013,Generation Alpha,6,pop_weighted
2013,ahv_einnahmen,<20,0,19,sum_beitrag_ahv,7795598.371462847,CHF,chf,nur_arbeitnehmende,1,2012,Generation Z,5,pop_weighted
2013,ahv_einnahmen,<20,0,19,sum_beitrag_ahv,7841228.755046756,CHF,chf,nur_arbeitnehmende,2,2011,Generation Z,5,pop_weighted
2013,ahv_einnahmen,<20,0,19,sum_beitrag_ahv,7960174.833810697,CHF,chf,nur_arbeitnehmende,3,2010,Generation Z,5,pop_weighted
2013,ahv_einnahmen,<20,0,19,sum_beitrag_ahv,7805290.629595286,CHF,chf,nur_arbeitnehmende,4,2009,Generation Z,5,pop_weighted
2013,ahv_einnahmen,<20,0,19,sum_beitrag_ahv,7742003.062879013,CHF,chf,nur_arbeitnehmende,5,2008,Generation Z,5,pop_weighted
2013,ahv_einnahmen,<20,0,19,sum_beitrag_ahv,7617539.114386207,CHF,chf,nur_arbeitnehmende,6,2007,Generation Z,5,pop_weighted
2013,ahv_einnahmen,<20,0,19,sum_beitrag_ahv,7538417.660621892,CHF,chf,nur_arbeitnehmende,7,2006,Generation Z,5,pop_weighted
2013,ahv_einnahmen,<20,0,19,sum_beitrag_ahv,7529445.124628,CHF,chf,nur_arbeitnehmende,8,2005,Generation Z,5,pop_weighted
2013,ahv_einnahmen,<20,0,19,sum_beitrag_ahv,7532563.920561706,CHF,chf,nur_arbeitnehmende,9,2004,Generation Z,5,pop_weighted
2013,ahv_einnahmen,<20,0,19,sum_beitrag_ahv,7413617.841797764,CHF,chf,nur_arbeitnehmende,10,2003,Generation Z,5,pop_weighted
2013,ahv_einnahmen,<20,0,19,sum_beitrag_ahv,7510300.515742638,CHF,chf,nur_arbeitnehmende,11,2002,Generation Z,5,pop_weighted
2013,ahv_einnahmen,<20,0,19,sum_beitrag_ahv,7552380.270109712,CHF,chf,nur_arbeitnehmende,12,2001,Generation Z,5,pop_weighted
2013,ahv_einnahmen,<20,0,19,sum_beitrag_ahv,8015689.401430657,CHF,chf,nur_arbeitnehmende,13,2000,Generation Z,5,pop_weighted
2013,ahv_einnahmen,<20,0,19,sum_beitrag_ahv,7978119.905798481,CHF,chf,nur_arbeitnehmende,14,1999,Generation Z,5,pop_weighted
2013,ahv_einnahmen,<20,0,19,sum_beitrag_ahv,8107477.964833409,CHF,chf,nur_arbeitnehmende,15,1998,Generation Z,5,pop_weighted
2013,ahv_einnahmen,<20,0,19,sum_beitrag_ahv,8245472.689530906,CHF,chf,nur_arbeitnehmende,16,1997,Generation Z,5,pop_weighted
2013,ahv_einnahmen,<20,0,19,sum_beitrag_ahv,8478662.66242028,CHF,chf,nur_arbeitnehmende,17,1996,Millennials,4,pop_weighted
2013,ahv_einnahmen,<20,0,19,sum_beitrag_ahv,8494064.716185195,CHF,chf,nur_arbeitnehmende,18,1995,Millennials,4,pop_weighted
2013,ahv_einnahmen,<20,0,19,sum_beitrag_ahv,8703791.747357922,CHF,chf,nur_arbeitnehmende,19,1994,Millennials,4,pop_weighted
2013,ahv_einnahmen,20-24,20,24,n_personen,93062.08070184336,Anzahl,count,nur_arbeitnehmende,20,1993,Millennials,4,pop_weighted
2013,ahv_einnahmen,20-24,20,24,n_personen,97493.89412104769,Anzahl,count,nur_arbeitnehmende,21,1992,Millennials,4,pop_weighted
2013,ahv_einnahmen,20-24,20,24,n_personen,99601.28091280206,Anzahl,count,nur_arbeitnehmende,22,1991,Millennials,4,pop_weighted
2013,ahv_einnahmen,20-24,20,24,n_personen,101121.05985445878,Anzahl,count,nur_arbeitnehmende,23,1990,Millennials,4,pop_weighted
2013,ahv_einnahmen,20-24,20,24,n_personen,101799.68440984812,Anzahl,count,nur_arbeitnehmende,24,1989,Millennials,4,pop_weighted
2013,ahv_einnahmen,20-24,20,24,sum_einkommen,2806557832.329207,CHF,chf,nur_arbeitnehmende,20,1993,Millennials,4,pop_weighted
2013,ahv_einnahmen,20-24,20,24,sum_einkommen,2940212061.519929,CHF,chf,nur_arbeitnehmende,21,1992,Millennials,4,pop_weighted
2013,ahv_einnahmen,20-24,20,24,sum_einkommen,3003766442.225154,CHF,chf,nur_arbeitnehmende,22,1991,Millennials,4,pop_weighted
2013,ahv_einnahmen,20-24,20,24,sum_einkommen,3049599798.410056,CHF,chf,nur_arbeitnehmende,23,1990,Millennials,4,pop_weighted
2013,ahv_einnahmen,20-24,20,24,sum_einkommen,3070065696.515654,CHF,chf,nur_arbeitnehmende,24,1989,Millennials,4,pop_weighted
2013,ahv_einnahmen,20-24,20,24,sum_beitrag_ahv,235750857.91565338,CHF,chf,nur_arbeitnehmende,20,1993,Millennials,4,pop_weighted
2013,ahv_einnahmen,20-24,20,24,sum_beitrag_ahv,246977813.16767403,CHF,chf,nur_arbeitnehmende,21,1992,Millennials,4,pop_weighted
2013,ahv_einnahmen,20-24,20,24,sum_beitrag_ahv,252316381.1469129,CHF,chf,nur_arbeitnehmende,22,1991,Millennials,4,pop_weighted
2013,ahv_einnahmen,20-24,20,24,sum_beitrag_ahv,256166383.0664447,CHF,chf,nur_arbeitnehmende,23,1990,Millennials,4,pop_weighted
2013,ahv_einnahmen,20-24,20,24,sum_beitrag_ahv,257885518.50731492,CHF,chf,nur_arbeitnehmende,24,1989,Millennials,4,pop_weighted
2013,ahv_einnahmen,25-29,25,29,n_personen,113055.67894730445,Anzahl,count,nur_arbeitnehmende,25,1988,Millennials,4,pop_weighted
2013,ahv_einnahmen,25-29,25,29,n_personen,111845.35392137886,Anzahl,count,nur_arbeitnehmende,26,1987,Millennials,4,pop_weighted
2013,ahv_einnahmen,25-29,25,29,n_personen,115360.95725949055,Anzahl,count,nur_arbeitnehmende,27,1986,Millennials,4,pop_weighted
2013,ahv_einnahmen,25-29,25,29,n_personen,116860.2507548576,Anzahl,count,nur_arbeitnehmende,28,1985,Millennials,4,pop_weighted
2013,ahv_einnahmen,25-29,25,29,n_personen,119416.75911696856,Anzahl,count,nur_arbeitnehmende,29,1984,Millennials,4,pop_weighted
2013,ahv_einnahmen,25-29,25,29,sum_einkommen,5627764083.3484125,CHF,chf,nur_arbeitnehmende,25,1988,Millennials,4,pop_weighted
2013,ahv_einnahmen,25-29,25,29,sum_einkommen,5567515683.85619,CHF,chf,nur_arbeitnehmende,26,1987,Millennials,4,pop_weighted
2013,ahv_einnahmen,25-29,25,29,sum_einkommen,5742517827.771017,CHF,chf,nur_arbeitnehmende,27,1986,Millennials,4,pop_weighted
2013,ahv_einnahmen,25-29,25,29,sum_einkommen,5817150700.371406,CHF,chf,nur_arbeitnehmende,28,1985,Millennials,4,pop_weighted
2013,ahv_einnahmen,25-29,25,29,sum_einkommen,5944410348.652975,CHF,chf,nur_arbeitnehmende,29,1984,Millennials,4,pop_weighted
2013,ahv_einnahmen,25-29,25,29,sum_beitrag_ahv,472732183.0012667,CHF,chf,nur_arbeitnehmende,25,1988,Millennials,4,pop_weighted
2013,ahv_einnahmen,25-29,25,29,sum_beitrag_ahv,467671317.44391996,CHF,chf,nur_arbeitnehmende,26,1987,Millennials,4,pop_weighted
2013,ahv_einnahmen,25-29,25,29,sum_beitrag_ahv,482371497.5327655,CHF,chf,nur_arbeitnehmende,27,1986,Millennials,4,pop_weighted
2013,ahv_einnahmen,25-29,25,29,sum_beitrag_ahv,488640658.83119816,CHF,chf,nur_arbeitnehmende,28,1985,Millennials,4,pop_weighted
2013,ahv_einnahmen,25-29,25,29,sum_beitrag_ahv,499330469.28685,CHF,chf,nur_arbeitnehmende,29,1984,Millennials,4,pop_weighted
2013,ahv_einnahmen,30-34,30,34,n_personen,114805.8556753612,Anzahl,count,nur_arbeitnehmende,30,1983,Millennials,4,pop_weighted
2013,ahv_einnahmen,30-34,30,34,n_personen,118022.40799182524,Anzahl,count,nur_arbeitnehmende,31,1982,Millennials,4,pop_weighted
2013,ahv_einnahmen,30-34,30,34,n_personen,118028.11569879105,Anzahl,count,nur_arbeitnehmende,32,1981,Millennials,4,pop_weighted
2013,ahv_einnahmen,30-34,30,34,n_personen,119063.80507186125,Anzahl,count,nur_arbeitnehmende,33,1980,Generation X,3,pop_weighted
2013,ahv_einnahmen,30-34,30,34,n_personen,116068.81556216125,Anzahl,count,nur_arbeitnehmende,34,1979,Generation X,3,pop_weighted
2013,ahv_einnahmen,30-34,30,34,sum_einkommen,7215729836.497828,CHF,chf,nur_arbeitnehmende,30,1983,Millennials,4,pop_weighted
2013,ahv_einnahmen,30-34,30,34,sum_einkommen,7417895243.340807,CHF,chf,nur_arbeitnehmende,31,1982,Millennials,4,pop_weighted
2013,ahv_einnahmen,30-34,30,34,sum_einkommen,7418253981.76237,CHF,chf,nur_arbeitnehmende,32,1981,Millennials,4,pop_weighted
2013,ahv_einnahmen,30-34,30,34,sum_einkommen,7483348698.984274,CHF,chf,nur_arbeitnehmende,33,1980,Generation X,3,pop_weighted
2013,ahv_einnahmen,30-34,30,34,sum_einkommen,7295108865.41472,CHF,chf,nur_arbeitnehmende,34,1979,Generation X,3,pop_weighted
2013,ahv_einnahmen,30-34,30,34,sum_beitrag_ahv,606121306.2658175,CHF,chf,nur_arbeitnehmende,30,1983,Millennials,4,pop_weighted
2013,ahv_einnahmen,30-34,30,34,sum_beitrag_ahv,623103200.4406278,CHF,chf,nur_arbeitnehmende,31,1982,Millennials,4,pop_weighted
2013,ahv_einnahmen,30-34,30,34,sum_beitrag_ahv,623133334.4680392,CHF,chf,nur_arbeitnehmende,32,1981,Millennials,4,pop_weighted
2013,ahv_einnahmen,30-34,30,34,sum_beitrag_ahv,628601290.7146791,CHF,chf,nur_arbeitnehmende,33,1980,Generation X,3,pop_weighted
2013,ahv_einnahmen,30-34,30,34,sum_beitrag_ahv,612789144.6948365,CHF,chf,nur_arbeitnehmende,34,1979,Generation X,3,pop_weighted
2013,ahv_einnahmen,35-39,35,39,n_personen,109583.16450794932,Anzahl,count,nur_arbeitnehmende,35,1978,Generation X,3,pop_weighted
2013,ahv_einnahmen,35-39,35,39,n_personen,109822.13846286839,Anzahl,count,nur_arbeitnehmende,36,1977,Generation X,3,pop_weighted
2013,ahv_einnahmen,35-39,35,39,n_personen,109362.00227637826,Anzahl,count,nur_arbeitnehmende,37,1976,Generation X,3,pop_weighted
2013,ahv_einnahmen,35-39,35,39,n_personen,108931.55229546814,Anzahl,count,nur_arbeitnehmende,38,1975,Generation X,3,pop_weighted
2013,ahv_einnahmen,35-39,35,39,n_personen,111761.14245733593,Anzahl,count,nur_arbeitnehmende,39,1974,Generation X,3,pop_weighted
2013,ahv_einnahmen,35-39,35,39,sum_einkommen,7855800735.048163,CHF,chf,nur_arbeitnehmende,35,1978,Generation X,3,pop_weighted
2013,ahv_einnahmen,35-39,35,39,sum_einkommen,7872932306.116951,CHF,chf,nur_arbeitnehmende,36,1977,Generation X,3,pop_weighted
2013,ahv_einnahmen,35-39,35,39,sum_einkommen,7839946051.264007,CHF,chf,nur_arbeitnehmende,37,1976,Generation X,3,pop_weighted
2013,ahv_einnahmen,35-39,35,39,sum_einkommen,7809087941.885445,CHF,chf,nur_arbeitnehmende,38,1975,Generation X,3,pop_weighted
2013,ahv_einnahmen,35-39,35,39,sum_einkommen,8011935674.685436,CHF,chf,nur_arbeitnehmende,39,1974,Generation X,3,pop_weighted
2013,ahv_einnahmen,35-39,35,39,sum_beitrag_ahv,659887261.7440457,CHF,chf,nur_arbeitnehmende,35,1978,Generation X,3,pop_weighted
2013,ahv_einnahmen,35-39,35,39,sum_beitrag_ahv,661326313.7138239,CHF,chf,nur_arbeitnehmende,36,1977,Generation X,3,pop_weighted
2013,ahv_einnahmen,35-39,35,39,sum_beitrag_ahv,658555468.3061765,CHF,chf,nur_arbeitnehmende,37,1976,Generation X,3,pop_weighted
2013,ahv_einnahmen,35-39,35,39,sum_beitrag_ahv,655963387.1183774,CHF,chf,nur_arbeitnehmende,38,1975,Generation X,3,pop_weighted
2013,ahv_einnahmen,35-39,35,39,sum_beitrag_ahv,673002596.6735767,CHF,chf,nur_arbeitnehmende,39,1974,Generation X,3,pop_weighted
2013,ahv_einnahmen,40-44,40,44,n_personen,108972.2153146877,Anzahl,count,nur_arbeitnehmende,40,1973,Generation X,3,pop_weighted
2013,ahv_einnahmen,40-44,40,44,n_personen,112341.70896297581,Anzahl,count,nur_arbeitnehmende,41,1972,Generation X,3,pop_weighted
2013,ahv_einnahmen,40-44,40,44,n_personen,116384.43003152813,Anzahl,count,nur_arbeitnehmende,42,1971,Generation X,3,pop_weighted
2013,ahv_einnahmen,40-44,40,44,n_personen,118231.0103701588,Anzahl,count,nur_arbeitnehmende,43,1970,Generation X,3,pop_weighted
2013,ahv_einnahmen,40-44,40,44,n_personen,121550.63532064957,Anzahl,count,nur_arbeitnehmende,44,1969,Generation X,3,pop_weighted
2013,ahv_einnahmen,40-44,40,44,sum_einkommen,8583984531.525687,CHF,chf,nur_arbeitnehmende,40,1973,Generation X,3,pop_weighted
2013,ahv_einnahmen,40-44,40,44,sum_einkommen,8849407063.979984,CHF,chf,nur_arbeitnehmende,41,1972,Generation X,3,pop_weighted
2013,ahv_einnahmen,40-44,40,44,sum_einkommen,9167861222.38644,CHF,chf,nur_arbeitnehmende,42,1971,Generation X,3,pop_weighted
2013,ahv_einnahmen,40-44,40,44,sum_einkommen,9313320475.62132,CHF,chf,nur_arbeitnehmende,43,1970,Generation X,3,pop_weighted
2013,ahv_einnahmen,40-44,40,44,sum_einkommen,9574814739.486568,CHF,chf,nur_arbeitnehmende,44,1969,Generation X,3,pop_weighted
2013,ahv_einnahmen,40-44,40,44,sum_beitrag_ahv,721054700.6481577,CHF,chf,nur_arbeitnehmende,40,1973,Generation X,3,pop_weighted
2013,ahv_einnahmen,40-44,40,44,sum_beitrag_ahv,743350193.3743186,CHF,chf,nur_arbeitnehmende,41,1972,Generation X,3,pop_weighted
2013,ahv_einnahmen,40-44,40,44,sum_beitrag_ahv,770100342.6804609,CHF,chf,nur_arbeitnehmende,42,1971,Generation X,3,pop_weighted
2013,ahv_einnahmen,40-44,40,44,sum_beitrag_ahv,782318919.9521909,CHF,chf,nur_arbeitnehmende,43,1970,Generation X,3,pop_weighted
2013,ahv_einnahmen,40-44,40,44,sum_beitrag_ahv,804284438.1168717,CHF,chf,nur_arbeitnehmende,44,1969,Generation X,3,pop_weighted
2013,ahv_einnahmen,45-49,45,49,n_personen,121306.12286125257,Anzahl,count,nur_arbeitnehmende,45,1968,Generation X,3,pop_weighted
2013,ahv_einnahmen,45-49,45,49,n_personen,122535.83093587529,Anzahl,count,nur_arbeitnehmende,46,1967,Generation X,3,pop_weighted
2013,ahv_einnahmen,45-49,45,49,n_personen,125272.30517336208,Anzahl,count,nur_arbeitnehmende,47,1966,Generation X,3,pop_weighted
2013,ahv_einnahmen,45-49,45,49,n_personen,125794.65077648828,Anzahl,count,nur_arbeitnehmende,48,1965,Generation X,3,pop_weighted
2013,ahv_einnahmen,45-49,45,49,n_personen,127762.0902530218,Anzahl,count,nur_arbeitnehmende,49,1964,Babyboomers,2,pop_weighted
2013,ahv_einnahmen,45-49,45,49,sum_einkommen,10015486467.595825,CHF,chf,nur_arbeitnehmende,45,1968,Generation X,3,pop_weighted
2013,ahv_einnahmen,45-49,45,49,sum_einkommen,10117015758.038681,CHF,chf,nur_arbeitnehmende,46,1967,Generation X,3,pop_weighted
2013,ahv_einnahmen,45-49,45,49,sum_einkommen,10342949289.24074,CHF,chf,nur_arbeitnehmende,47,1966,Generation X,3,pop_weighted
2013,ahv_einnahmen,45-49,45,49,sum_einkommen,10386076092.70393,CHF,chf,nur_arbeitnehmende,48,1965,Generation X,3,pop_weighted
2013,ahv_einnahmen,45-49,45,49,sum_einkommen,10548515242.420826,CHF,chf,nur_arbeitnehmende,49,1964,Babyboomers,2,pop_weighted
2013,ahv_einnahmen,45-49,45,49,sum_beitrag_ahv,841300863.2780491,CHF,chf,nur_arbeitnehmende,45,1968,Generation X,3,pop_weighted
2013,ahv_einnahmen,45-49,45,49,sum_beitrag_ahv,849829323.6752492,CHF,chf,nur_arbeitnehmende,46,1967,Generation X,3,pop_weighted
2013,ahv_einnahmen,45-49,45,49,sum_beitrag_ahv,868807740.2962221,CHF,chf,nur_arbeitnehmende,47,1966,Generation X,3,pop_weighted
2013,ahv_einnahmen,45-49,45,49,sum_beitrag_ahv,872430391.78713,CHF,chf,nur_arbeitnehmende,48,1965,Generation X,3,pop_weighted
2013,ahv_einnahmen,45-49,45,49,sum_beitrag_ahv,886075280.3633493,CHF,chf,nur_arbeitnehmende,49,1964,Babyboomers,2,pop_weighted
2013,ahv_einnahmen,50-54,50,54,n_personen,117619.47485897658,Anzahl,count,nur_arbeitnehmende,50,1963,Babyboomers,2,pop_weighted
2013,ahv_einnahmen,50-54,50,54,n_personen,113158.09077519597,Anzahl,count,nur_arbeitnehmende,51,1962,Babyboomers,2,pop_weighted
2013,ahv_einnahmen,50-54,50,54,n_personen,109358.14440315183,Anzahl,count,nur_arbeitnehmende,52,1961,Babyboomers,2,pop_weighted
2013,ahv_einnahmen,50-54,50,54,n_personen,106441.4431682658,Anzahl,count,nur_arbeitnehmende,53,1960,Babyboomers,2,pop_weighted
2013,ahv_einnahmen,50-54,50,54,n_personen,103210.8467944098,Anzahl,count,nur_arbeitnehmende,54,1959,Babyboomers,2,pop_weighted
2013,ahv_einnahmen,50-54,50,54,sum_einkommen,9765691113.20832,CHF,chf,nur_arbeitnehmende,50,1963,Babyboomers,2,pop_weighted
2013,ahv_einnahmen,50-54,50,54,sum_einkommen,9395272022.731823,CHF,chf,nur_arbeitnehmende,51,1962,Babyboomers,2,pop_weighted
2013,ahv_einnahmen,50-54,50,54,sum_einkommen,9079770677.732344,CHF,chf,nur_arbeitnehmende,52,1961,Babyboomers,2,pop_weighted
2013,ahv_einnahmen,50-54,50,54,sum_einkommen,8837603269.966227,CHF,chf,nur_arbeitnehmende,53,1960,Babyboomers,2,pop_weighted
2013,ahv_einnahmen,50-54,50,54,sum_einkommen,8569373826.361285,CHF,chf,nur_arbeitnehmende,54,1959,Babyboomers,2,pop_weighted
2013,ahv_einnahmen,50-54,50,54,sum_beitrag_ahv,820318053.509499,CHF,chf,nur_arbeitnehmende,50,1963,Babyboomers,2,pop_weighted
2013,ahv_einnahmen,50-54,50,54,sum_beitrag_ahv,789202849.9094732,CHF,chf,nur_arbeitnehmende,51,1962,Babyboomers,2,pop_weighted
2013,ahv_einnahmen,50-54,50,54,sum_beitrag_ahv,762700736.9295168,CHF,chf,nur_arbeitnehmende,52,1961,Babyboomers,2,pop_weighted
2013,ahv_einnahmen,50-54,50,54,sum_beitrag_ahv,742358674.6771631,CHF,chf,nur_arbeitnehmende,53,1960,Babyboomers,2,pop_weighted
2013,ahv_einnahmen,50-54,50,54,sum_beitrag_ahv,719827401.414348,CHF,chf,nur_arbeitnehmende,54,1959,Babyboomers,2,pop_weighted
2013,ahv_einnahmen,55-59,55,59,n_personen,91179.94975992061,Anzahl,count,nur_arbeitnehmende,55,1958,Babyboomers,2,pop_weighted
2013,ahv_einnahmen,55-59,55,59,n_personen,88967.92330905239,Anzahl,count,nur_arbeitnehmende,56,1957,Babyboomers,2,pop_weighted
2013,ahv_einnahmen,55-59,55,59,n_personen,86225.95335424658,Anzahl,count,nur_arbeitnehmende,57,1956,Babyboomers,2,pop_weighted
2013,ahv_einnahmen,55-59,55,59,n_personen,82719.95442137128,Anzahl,count,nur_arbeitnehmende,58,1955,Babyboomers,2,pop_weighted
2013,ahv_einnahmen,55-59,55,59,n_personen,80107.21915540916,Anzahl,count,nur_arbeitnehmende,59,1954,Babyboomers,2,pop_weighted
2013,ahv_einnahmen,55-59,55,59,sum_einkommen,7531590646.7261,CHF,chf,nur_arbeitnehmende,55,1958,Babyboomers,2,pop_weighted
2013,ahv_einnahmen,55-59,55,59,sum_einkommen,7348874185.798711,CHF,chf,nur_arbeitnehmende,56,1957,Babyboomers,2,pop_weighted
2013,ahv_einnahmen,55-59,55,59,sum_einkommen,7122383654.496653,CHF,chf,nur_arbeitnehmende,57,1956,Babyboomers,2,pop_weighted
2013,ahv_einnahmen,55-59,55,59,sum_einkommen,6832783267.132957,CHF,chf,nur_arbeitnehmende,58,1955,Babyboomers,2,pop_weighted
2013,ahv_einnahmen,55-59,55,59,sum_einkommen,6616967700.845581,CHF,chf,nur_arbeitnehmende,59,1954,Babyboomers,2,pop_weighted
2013,ahv_einnahmen,55-59,55,59,sum_beitrag_ahv,632653614.3249924,CHF,chf,nur_arbeitnehmende,55,1958,Babyboomers,2,pop_weighted
2013,ahv_einnahmen,55-59,55,59,sum_beitrag_ahv,617305431.6070917,CHF,chf,nur_arbeitnehmende,56,1957,Babyboomers,2,pop_weighted
2013,ahv_einnahmen,55-59,55,59,sum_beitrag_ahv,598280226.9777187,CHF,chf,nur_arbeitnehmende,57,1956,Babyboomers,2,pop_weighted
2013,ahv_einnahmen,55-59,55,59,sum_beitrag_ahv,573953794.4391683,CHF,chf,nur_arbeitnehmende,58,1955,Babyboomers,2,pop_weighted
2013,ahv_einnahmen,55-59,55,59,sum_beitrag_ahv,555825286.8710288,CHF,chf,nur_arbeitnehmende,59,1954,Babyboomers,2,pop_weighted
2013,ahv_einnahmen,60-64,60,64,n_personen,60364.372347317825,Anzahl,count,nur_arbeitnehmende,60,1953,Babyboomers,2,pop_weighted
2013,ahv_einnahmen,60-64,60,64,n_personen,59675.05081537929,Anzahl,count,nur_arbeitnehmende,61,1952,Babyboomers,2,pop_weighted
2013,ahv_einnahmen,60-64,60,64,n_personen,57136.84891472675,Anzahl,count,nur_arbeitnehmende,62,1951,Babyboomers,2,pop_weighted
2013,ahv_einnahmen,60-64,60,64,n_personen,58377.05614814541,Anzahl,count,nur_arbeitnehmende,63,1950,Babyboomers,2,pop_weighted
2013,ahv_einnahmen,60-64,60,64,n_personen,57026.671774430724,Anzahl,count,nur_arbeitnehmende,64,1949,Babyboomers,2,pop_weighted
2013,ahv_einnahmen,60-64,60,64,sum_einkommen,4366135554.053061,CHF,chf,nur_arbeitnehmende,60,1953,Babyboomers,2,pop_weighted
2013,ahv_einnahmen,60-64,60,64,sum_einkommen,4316277150.300356,CHF,chf,nur_arbeitnehmende,61,1952,Babyboomers,2,pop_weighted
2013,ahv_einnahmen,60-64,60,64,sum_einkommen,4132689826.6710973,CHF,chf,nur_arbeitnehmende,62,1951,Babyboomers,2,pop_weighted
2013,ahv_einnahmen,60-64,60,64,sum_einkommen,4222393615.274535,CHF,chf,nur_arbeitnehmende,63,1950,Babyboomers,2,pop_weighted
2013,ahv_einnahmen,60-64,60,64,sum_einkommen,4124720749.7009506,CHF,chf,nur_arbeitnehmende,64,1949,Babyboomers,2,pop_weighted
2013,ahv_einnahmen,60-64,60,64,sum_beitrag_ahv,366755386.54045707,CHF,chf,nur_arbeitnehmende,60,1953,Babyboomers,2,pop_weighted
2013,ahv_einnahmen,60-64,60,64,sum_beitrag_ahv,362567280.6252299,CHF,chf,nur_arbeitnehmende,61,1952,Babyboomers,2,pop_weighted
2013,ahv_einnahmen,60-64,60,64,sum_beitrag_ahv,347145945.44037217,CHF,chf,nur_arbeitnehmende,62,1951,Babyboomers,2,pop_weighted
2013,ahv_einnahmen,60-64,60,64,sum_beitrag_ahv,354681063.68306094,CHF,chf,nur_arbeitnehmende,63,1950,Babyboomers,2,pop_weighted
2013,ahv_einnahmen,60-64,60,64,sum_beitrag_ahv,346476542.97487986,CHF,chf,nur_arbeitnehmende,64,1949,Babyboomers,2,pop_weighted
2013,ahv_einnahmen,65-69,65,69,n_personen,12517.439728005693,Anzahl,count,nur_arbeitnehmende,65,1948,Babyboomers,2,pop_weighted
2013,ahv_einnahmen,65-69,65,69,n_personen,12220.900120695149,Anzahl,count,nur_arbeitnehmende,66,1947,Babyboomers,2,pop_weighted
2013,ahv_einnahmen,65-69,65,69,n_personen,12109.498340732402,Anzahl,count,nur_arbeitnehmende,67,1946,Babyboomers,2,pop_weighted
2013,ahv_einnahmen,65-69,65,69,n_personen,11516.488492101329,Anzahl,count,nur_arbeitnehmende,68,1945,Silent Generation,1,pop_weighted
2013,ahv_einnahmen,65-69,65,69,n_personen,11291.673318465428,Anzahl,count,nur_arbeitnehmende,69,1944,Silent Generation,1,pop_weighted
2013,ahv_einnahmen,65-69,65,69,sum_einkommen,616370072.727065,CHF,chf,nur_arbeitnehmende,65,1948,Babyboomers,2,pop_weighted
2013,ahv_einnahmen,65-69,65,69,sum_einkommen,601768193.8048506,CHF,chf,nur_arbeitnehmende,66,1947,Babyboomers,2,pop_weighted
2013,ahv_einnahmen,65-69,65,69,sum_einkommen,596282669.2319672,CHF,chf,nur_arbeitnehmende,67,1946,Babyboomers,2,pop_weighted
2013,ahv_einnahmen,65-69,65,69,sum_einkommen,567082327.0317308,CHF,chf,nur_arbeitnehmende,68,1945,Silent Generation,1,pop_weighted
2013,ahv_einnahmen,65-69,65,69,sum_einkommen,556012224.2043865,CHF,chf,nur_arbeitnehmende,69,1944,Silent Generation,1,pop_weighted
2013,ahv_einnahmen,65-69,65,69,sum_beitrag_ahv,51775086.10907346,CHF,chf,nur_arbeitnehmende,65,1948,Babyboomers,2,pop_weighted
2013,ahv_einnahmen,65-69,65,69,sum_beitrag_ahv,50548528.27960745,CHF,chf,nur_arbeitnehmende,66,1947,Babyboomers,2,pop_weighted
2013,ahv_einnahmen,65-69,65,69,sum_beitrag_ahv,50087744.215485245,CHF,chf,nur_arbeitnehmende,67,1946,Babyboomers,2,pop_weighted
2013,ahv_einnahmen,65-69,65,69,sum_beitrag_ahv,47634915.47066538,CHF,chf,nur_arbeitnehmende,68,1945,Silent Generation,1,pop_weighted
2013,ahv_einnahmen,65-69,65,69,sum_beitrag_ahv,46705026.83316846,CHF,chf,nur_arbeitnehmende,69,1944,Silent Generation,1,pop_weighted
2013,ahv_einnahmen,70-74,70,74,n_personen,3051.5871223582535,Anzahl,count,nur_arbeitnehmende,70,1943,Silent Generation,1,pop_weighted
2013,ahv_einnahmen,70-74,70,74,n_personen,2893.076587375477,Anzahl,count,nur_arbeitnehmende,71,1942,Silent Generation,1,pop_weighted
2013,ahv_einnahmen,70-74,70,74,n_personen,2686.7917326133506,Anzahl,count,nur_arbeitnehmende,72,1941,Silent Generation,1,pop_weighted
2013,ahv_einnahmen,70-74,70,74,n_personen,2453.7133326738667,Anzahl,count,nur_arbeitnehmende,73,1940,Silent Generation,1,pop_weighted
2013,ahv_einnahmen,70-74,70,74,n_personen,2368.8312249790524,Anzahl,count,nur_arbeitnehmende,74,1939,Silent Generation,1,pop_weighted
2013,ahv_einnahmen,70-74,70,74,sum_einkommen,135485140.7703659,CHF,chf,nur_arbeitnehmende,70,1943,Silent Generation,1,pop_weighted
2013,ahv_einnahmen,70-74,70,74,sum_einkommen,128447549.7449027,CHF,chf,nur_arbeitnehmende,71,1942,Silent Generation,1,pop_weighted
2013,ahv_einnahmen,70-74,70,74,sum_einkommen,119288862.325668,CHF,chf,nur_arbeitnehmende,72,1941,Silent Generation,1,pop_weighted
2013,ahv_einnahmen,70-74,70,74,sum_einkommen,108940588.27674332,CHF,chf,nur_arbeitnehmende,73,1940,Silent Generation,1,pop_weighted
2013,ahv_einnahmen,70-74,70,74,sum_einkommen,105171970.88232009,CHF,chf,nur_arbeitnehmende,74,1939,Silent Generation,1,pop_weighted
2013,ahv_einnahmen,70-74,70,74,sum_beitrag_ahv,11380751.824710734,CHF,chf,nur_arbeitnehmende,70,1943,Silent Generation,1,pop_weighted
2013,ahv_einnahmen,70-74,70,74,sum_beitrag_ahv,10789594.178571828,CHF,chf,nur_arbeitnehmende,71,1942,Silent Generation,1,pop_weighted
2013,ahv_einnahmen,70-74,70,74,sum_beitrag_ahv,10020264.435356112,CHF,chf,nur_arbeitnehmende,72,1941,Silent Generation,1,pop_weighted
2013,ahv_einnahmen,70-74,70,74,sum_beitrag_ahv,9151009.41524644,CHF,chf,nur_arbeitnehmende,73,1940,Silent Generation,1,pop_weighted
2013,ahv_einnahmen,70-74,70,74,sum_beitrag_ahv,8834445.554114887,CHF,chf,nur_arbeitnehmende,74,1939,Silent Generation,1,pop_weighted
2013,ahv_einnahmen,75+,75,100,n_personen,524.8469381743171,Anzahl,count,nur_arbeitnehmende,75,1938,Silent Generation,1,pop_weighted
2013,ahv_einnahmen,75+,75,100,n_personen,496.84676215088996,Anzahl,count,nur_arbeitnehmende,76,1937,Silent Generation,1,pop_weighted
2013,ahv_einnahmen,75+,75,100,n_personen,488.8156336443323,Anzahl,count,nur_arbeitnehmende,77,1936,Silent Generation,1,pop_weighted
2013,ahv_einnahmen,75+,75,100,n_personen,474.4212407905925,Anzahl,count,nur_arbeitnehmende,78,1935,Silent Generation,1,pop_weighted
2013,ahv_einnahmen,75+,75,100,n_personen,452.48066906359173,Anzahl,count,nur_arbeitnehmende,79,1934,Silent Generation,1,pop_weighted
2013,ahv_einnahmen,75+,75,100,n_personen,424.1541717915912,Anzahl,count,nur_arbeitnehmende,80,1933,Silent Generation,1,pop_weighted
2013,ahv_einnahmen,75+,75,100,n_personen,406.5464210873156,Anzahl,count,nur_arbeitnehmende,81,1932,Silent Generation,1,pop_weighted
2013,ahv_einnahmen,75+,75,100,n_personen,379.68383719433206,Anzahl,count,nur_arbeitnehmende,82,1931,Silent Generation,1,pop_weighted
2013,ahv_einnahmen,75+,75,100,n_personen,362.0307640944213,Anzahl,count,nur_arbeitnehmende,83,1930,Silent Generation,1,pop_weighted
2013,ahv_einnahmen,75+,75,100,n_personen,328.4423366891739,Anzahl,count,nur_arbeitnehmende,84,1929,Silent Generation,1,pop_weighted
2013,ahv_einnahmen,75+,75,100,n_personen,299.2229882231599,Anzahl,count,nur_arbeitnehmende,85,1928,Silent Generation,1,pop_weighted
2013,ahv_einnahmen,75+,75,100,n_personen,267.27069930034327,Anzahl,count,nur_arbeitnehmende,86,1927,Silent Generation,1,pop_weighted
2013,ahv_einnahmen,75+,75,100,n_personen,244.21519664071656,Anzahl,count,nur_arbeitnehmende,87,1926,Silent Generation,1,pop_weighted
2013,ahv_einnahmen,75+,75,100,n_personen,216.1651659820907,Anzahl,count,nur_arbeitnehmende,88,1925,Silent Generation,1,pop_weighted
2013,ahv_einnahmen,75+,75,100,n_personen,186.65122194444788,Anzahl,count,nur_arbeitnehmende,89,1924,Silent Generation,1,pop_weighted
2013,ahv_einnahmen,75+,75,100,n_personen,158.70996503534653,Anzahl,count,nur_arbeitnehmende,90,1923,Silent Generation,1,pop_weighted
2013,ahv_einnahmen,75+,75,100,n_personen,131.21739984303366,Anzahl,count,nur_arbeitnehmende,91,1922,Silent Generation,1,pop_weighted
2013,ahv_einnahmen,75+,75,100,n_personen,110.99907915017053,Anzahl,count,nur_arbeitnehmende,92,1921,Silent Generation,1,pop_weighted
2013,ahv_einnahmen,75+,75,100,n_personen,84.53533233877673,Anzahl,count,nur_arbeitnehmende,93,1920,Silent Generation,1,pop_weighted
2013,ahv_einnahmen,75+,75,100,n_personen,56.494366159277924,Anzahl,count,nur_arbeitnehmende,94,1919,Silent Generation,1,pop_weighted
2013,ahv_einnahmen,75+,75,100,n_personen,40.80375279037138,Anzahl,count,nur_arbeitnehmende,95,1918,Silent Generation,1,pop_weighted
2013,ahv_einnahmen,75+,75,100,n_personen,30.524633460307808,Anzahl,count,nur_arbeitnehmende,96,1917,Silent Generation,1,pop_weighted
2013,ahv_einnahmen,75+,75,100,n_personen,22.04934547652524,Anzahl,count,nur_arbeitnehmende,97,1916,Silent Generation,1,pop_weighted
2013,ahv_einnahmen,75+,75,100,n_personen,15.001712955251499,Anzahl,count,nur_arbeitnehmende,98,1915,Silent Generation,1,pop_weighted
2013,ahv_einnahmen,75+,75,100,n_personen,28.870366019622974,Anzahl,count,nur_arbeitnehmende,99,1914,Silent Generation,1,pop_weighted
2013,ahv_einnahmen,75+,75,100,n_personen,0.0,Anzahl,count,nur_arbeitnehmende,100,1913,Silent Generation,1,pop_weighted
2013,ahv_einnahmen,75+,75,100,sum_einkommen,26771390.432374638,CHF,chf,nur_arbeitnehmende,75,1938,Silent Generation,1,pop_weighted
2013,ahv_einnahmen,75+,75,100,sum_einkommen,25343157.57060758,CHF,chf,nur_arbeitnehmende,76,1937,Silent Generation,1,pop_weighted
2013,ahv_einnahmen,75+,75,100,sum_einkommen,24933505.801256455,CHF,chf,nur_arbeitnehmende,77,1936,Silent Generation,1,pop_weighted
2013,ahv_einnahmen,75+,75,100,sum_einkommen,24199276.670636166,CHF,chf,nur_arbeitnehmende,78,1935,Silent Generation,1,pop_weighted
2013,ahv_einnahmen,75+,75,100,sum_einkommen,23080132.079536404,CHF,chf,nur_arbeitnehmende,79,1934,Silent Generation,1,pop_weighted
2013,ahv_einnahmen,75+,75,100,sum_einkommen,21635254.224883746,CHF,chf,nur_arbeitnehmende,80,1933,Silent Generation,1,pop_weighted
2013,ahv_einnahmen,75+,75,100,sum_einkommen,20737118.150431655,CHF,chf,nur_arbeitnehmende,81,1932,Silent Generation,1,pop_weighted
2013,ahv_einnahmen,75+,75,100,sum_einkommen,19366911.583307452,CHF,chf,nur_arbeitnehmende,82,1931,Silent Generation,1,pop_weighted
2013,ahv_einnahmen,75+,75,100,sum_einkommen,18466463.704287916,CHF,chf,nur_arbeitnehmende,83,1930,Silent Generation,1,pop_weighted
2013,ahv_einnahmen,75+,75,100,sum_einkommen,16753185.339354983,CHF,chf,nur_arbeitnehmende,84,1929,Silent Generation,1,pop_weighted
2013,ahv_einnahmen,75+,75,100,sum_einkommen,15262764.934723677,CHF,chf,nur_arbeitnehmende,85,1928,Silent Generation,1,pop_weighted
2013,ahv_einnahmen,75+,75,100,sum_einkommen,13632942.71467548,CHF,chf,nur_arbeitnehmende,86,1927,Silent Generation,1,pop_weighted
2013,ahv_einnahmen,75+,75,100,sum_einkommen,12456927.73121659,CHF,chf,nur_arbeitnehmende,87,1926,Silent Generation,1,pop_weighted
2013,ahv_einnahmen,75+,75,100,sum_einkommen,11026151.884425346,CHF,chf,nur_arbeitnehmende,88,1925,Silent Generation,1,pop_weighted
2013,ahv_einnahmen,75+,75,100,sum_einkommen,9520704.750105651,CHF,chf,nur_arbeitnehmende,89,1924,Silent Generation,1,pop_weighted
2013,ahv_einnahmen,75+,75,100,sum_einkommen,8095477.234276271,CHF,chf,nur_arbeitnehmende,90,1923,Silent Generation,1,pop_weighted
2013,ahv_einnahmen,75+,75,100,sum_einkommen,6693136.58366459,CHF,chf,nur_arbeitnehmende,91,1922,Silent Generation,1,pop_weighted
2013,ahv_einnahmen,75+,75,100,sum_einkommen,5661840.56612771,CHF,chf,nur_arbeitnehmende,92,1921,Silent Generation,1,pop_weighted
2013,ahv_einnahmen,75+,75,100,sum_einkommen,4311977.879197014,CHF,chf,nur_arbeitnehmende,93,1920,Silent Generation,1,pop_weighted
2013,ahv_einnahmen,75+,75,100,sum_einkommen,2881664.393319256,CHF,chf,nur_arbeitnehmende,94,1919,Silent Generation,1,pop_weighted
2013,ahv_einnahmen,75+,75,100,sum_einkommen,2081317.6520700573,CHF,chf,nur_arbeitnehmende,95,1918,Silent Generation,1,pop_weighted
2013,ahv_einnahmen,75+,75,100,sum_einkommen,1557000.3761737016,CHF,chf,nur_arbeitnehmende,96,1917,Silent Generation,1,pop_weighted
2013,ahv_einnahmen,75+,75,100,sum_einkommen,1124692.922061627,CHF,chf,nur_arbeitnehmende,97,1916,Silent Generation,1,pop_weighted
2013,ahv_einnahmen,75+,75,100,sum_einkommen,765207.3118240464,CHF,chf,nur_arbeitnehmende,98,1915,Silent Generation,1,pop_weighted
2013,ahv_einnahmen,75+,75,100,sum_einkommen,1472619.5094619866,CHF,chf,nur_arbeitnehmende,99,1914,Silent Generation,1,pop_weighted
2013,ahv_einnahmen,75+,75,100,sum_einkommen,0.0,CHF,chf,nur_arbeitnehmende,100,1913,Silent Generation,1,pop_weighted
2013,ahv_einnahmen,75+,75,100,sum_beitrag_ahv,2248796.7963194693,CHF,chf,nur_arbeitnehmende,75,1938,Silent Generation,1,pop_weighted
2013,ahv_einnahmen,75+,75,100,sum_beitrag_ahv,2128825.235931037,CHF,chf,nur_arbeitnehmende,76,1937,Silent Generation,1,pop_weighted
2013,ahv_einnahmen,75+,75,100,sum_beitrag_ahv,2094414.4873055425,CHF,chf,nur_arbeitnehmende,77,1936,Silent Generation,1,pop_weighted
2013,ahv_einnahmen,75+,75,100,sum_beitrag_ahv,2032739.240333438,CHF,chf,nur_arbeitnehmende,78,1935,Silent Generation,1,pop_weighted
2013,ahv_einnahmen,75+,75,100,sum_beitrag_ahv,1938731.094681058,CHF,chf,nur_arbeitnehmende,79,1934,Silent Generation,1,pop_weighted
2013,ahv_einnahmen,75+,75,100,sum_beitrag_ahv,1817361.3548902348,CHF,chf,nur_arbeitnehmende,80,1933,Silent Generation,1,pop_weighted
2013,ahv_einnahmen,75+,75,100,sum_beitrag_ahv,1741917.9246362592,CHF,chf,nur_arbeitnehmende,81,1932,Silent Generation,1,pop_weighted
2013,ahv_einnahmen,75+,75,100,sum_beitrag_ahv,1626820.572997826,CHF,chf,nur_arbeitnehmende,82,1931,Silent Generation,1,pop_weighted
2013,ahv_einnahmen,75+,75,100,sum_beitrag_ahv,1551182.951160185,CHF,chf,nur_arbeitnehmende,83,1930,Silent Generation,1,pop_weighted
2013,ahv_einnahmen,75+,75,100,sum_beitrag_ahv,1407267.5685058185,CHF,chf,nur_arbeitnehmende,84,1929,Silent Generation,1,pop_weighted
2013,ahv_einnahmen,75+,75,100,sum_beitrag_ahv,1282072.2545167888,CHF,chf,nur_arbeitnehmende,85,1928,Silent Generation,1,pop_weighted
2013,ahv_einnahmen,75+,75,100,sum_beitrag_ahv,1145167.1880327405,CHF,chf,nur_arbeitnehmende,86,1927,Silent Generation,1,pop_weighted
2013,ahv_einnahmen,75+,75,100,sum_beitrag_ahv,1046381.9294221937,CHF,chf,nur_arbeitnehmende,87,1926,Silent Generation,1,pop_weighted
2013,ahv_einnahmen,75+,75,100,sum_beitrag_ahv,926196.758291729,CHF,chf,nur_arbeitnehmende,88,1925,Silent Generation,1,pop_weighted
2013,ahv_einnahmen,75+,75,100,sum_beitrag_ahv,799739.1990088747,CHF,chf,nur_arbeitnehmende,89,1924,Silent Generation,1,pop_weighted
2013,ahv_einnahmen,75+,75,100,sum_beitrag_ahv,680020.0876792067,CHF,chf,nur_arbeitnehmende,90,1923,Silent Generation,1,pop_weighted
2013,ahv_einnahmen,75+,75,100,sum_beitrag_ahv,562223.4730278256,CHF,chf,nur_arbeitnehmende,91,1922,Silent Generation,1,pop_weighted
2013,ahv_einnahmen,75+,75,100,sum_beitrag_ahv,475594.6075547277,CHF,chf,nur_arbeitnehmende,92,1921,Silent Generation,1,pop_weighted
2013,ahv_einnahmen,75+,75,100,sum_beitrag_ahv,362206.1418525491,CHF,chf,nur_arbeitnehmende,93,1920,Silent Generation,1,pop_weighted
2013,ahv_einnahmen,75+,75,100,sum_beitrag_ahv,242059.80903881753,CHF,chf,nur_arbeitnehmende,94,1919,Silent Generation,1,pop_weighted
2013,ahv_einnahmen,75+,75,100,sum_beitrag_ahv,174830.68277388482,CHF,chf,nur_arbeitnehmende,95,1918,Silent Generation,1,pop_weighted
2013,ahv_einnahmen,75+,75,100,sum_beitrag_ahv,130788.03159859094,CHF,chf,nur_arbeitnehmende,96,1917,Silent Generation,1,pop_weighted
2013,ahv_einnahmen,75+,75,100,sum_beitrag_ahv,94474.20545317668,CHF,chf,nur_arbeitnehmende,97,1916,Silent Generation,1,pop_weighted
2013,ahv_einnahmen,75+,75,100,sum_beitrag_ahv,64277.4141932199,CHF,chf,nur_arbeitnehmende,98,1915,Silent Generation,1,pop_weighted
2013,ahv_einnahmen,75+,75,100,sum_beitrag_ahv,123700.03879480687,CHF,chf,nur_arbeitnehmende,99,1914,Silent Generation,1,pop_weighted
2013,ahv_einnahmen,75+,75,100,sum_beitrag_ahv,0.0,CHF,chf,nur_arbeitnehmende,100,1913,Silent Generation,1,pop_weighted
2014,ahv_einnahmen,<20,0,19,n_personen,3843.6375518869663,Anzahl,count,nur_arbeitnehmende,0,2014,Generation Alpha,6,pop_weighted
2014,ahv_einnahmen,<20,0,19,n_personen,7569.895655306538,Anzahl,count,nur_arbeitnehmende,1,2013,Generation Alpha,6,pop_weighted
2014,ahv_einnahmen,<20,0,19,n_personen,7654.544737423815,Anzahl,count,nur_arbeitnehmende,2,2012,Generation Z,5,pop_weighted
2014,ahv_einnahmen,<20,0,19,n_personen,7584.126249371807,Anzahl,count,nur_arbeitnehmende,3,2011,Generation Z,5,pop_weighted
2014,ahv_einnahmen,<20,0,19,n_personen,7690.901610003469,Anzahl,count,nur_arbeitnehmende,4,2010,Generation Z,5,pop_weighted
2014,ahv_einnahmen,<20,0,19,n_personen,7547.2644202285455,Anzahl,count,nur_arbeitnehmende,5,2009,Generation Z,5,pop_weighted
2014,ahv_einnahmen,<20,0,19,n_personen,7494.152170765591,Anzahl,count,nur_arbeitnehmende,6,2008,Generation Z,5,pop_weighted
2014,ahv_einnahmen,<20,0,19,n_personen,7362.358507664343,Anzahl,count,nur_arbeitnehmende,7,2007,Generation Z,5,pop_weighted
2014,ahv_einnahmen,<20,0,19,n_personen,7289.323426510013,Anzahl,count,nur_arbeitnehmende,8,2006,Generation Z,5,pop_weighted
2014,ahv_einnahmen,<20,0,19,n_personen,7277.433994694191,Anzahl,count,nur_arbeitnehmende,9,2005,Generation Z,5,pop_weighted
2014,ahv_einnahmen,<20,0,19,n_personen,7277.388089552044,Anzahl,count,nur_arbeitnehmende,10,2004,Generation Z,5,pop_weighted
2014,ahv_einnahmen,<20,0,19,n_personen,7162.671139329119,Anzahl,count,nur_arbeitnehmende,11,2003,Generation Z,5,pop_weighted
2014,ahv_einnahmen,<20,0,19,n_personen,7260.724522953036,Anzahl,count,nur_arbeitnehmende,12,2002,Generation Z,5,pop_weighted
2014,ahv_einnahmen,<20,0,19,n_personen,7293.500794445301,Anzahl,count,nur_arbeitnehmende,13,2001,Generation Z,5,pop_weighted
2014,ahv_einnahmen,<20,0,19,n_personen,7740.754594374056,Anzahl,count,nur_arbeitnehmende,14,2000,Generation Z,5,pop_weighted
2014,ahv_einnahmen,<20,0,19,n_personen,7700.908930991303,Anzahl,count,nur_arbeitnehmende,15,1999,Generation Z,5,pop_weighted
2014,ahv_einnahmen,<20,0,19,n_personen,7828.617036441555,Anzahl,count,nur_arbeitnehmende,16,1998,Generation Z,5,pop_weighted
2014,ahv_einnahmen,<20,0,19,n_personen,7963.624059493024,Anzahl,count,nur_arbeitnehmende,17,1997,Generation Z,5,pop_weighted
2014,ahv_einnahmen,<20,0,19,n_personen,8224.778413161781,Anzahl,count,nur_arbeitnehmende,18,1996,Millennials,4,pop_weighted
2014,ahv_einnahmen,<20,0,19,n_personen,8301.394095403502,Anzahl,count,nur_arbeitnehmende,19,1995,Millennials,4,pop_weighted
2014,ahv_einnahmen,<20,0,19,sum_einkommen,47689385.276515014,CHF,chf,nur_arbeitnehmende,0,2014,Generation Alpha,6,pop_weighted
2014,ahv_einnahmen,<20,0,19,sum_einkommen,93922401.77060978,CHF,chf,nur_arbeitnehmende,1,2013,Generation Alpha,6,pop_weighted
2014,ahv_einnahmen,<20,0,19,sum_einkommen,94972673.19602354,CHF,chf,nur_arbeitnehmende,2,2012,Generation Z,5,pop_weighted
2014,ahv_einnahmen,<20,0,19,sum_einkommen,94098965.83887348,CHF,chf,nur_arbeitnehmende,3,2011,Generation Z,5,pop_weighted
2014,ahv_einnahmen,<20,0,19,sum_einkommen,95423765.91236176,CHF,chf,nur_arbeitnehmende,4,2010,Generation Z,5,pop_weighted
2014,ahv_einnahmen,<20,0,19,sum_einkommen,93641607.94591942,CHF,chf,nur_arbeitnehmende,5,2009,Generation Z,5,pop_weighted
2014,ahv_einnahmen,<20,0,19,sum_einkommen,92982625.27823846,CHF,chf,nur_arbeitnehmende,6,2008,Generation Z,5,pop_weighted
2014,ahv_einnahmen,<20,0,19,sum_einkommen,91347414.18151237,CHF,chf,nur_arbeitnehmende,7,2007,Generation Z,5,pop_weighted
2014,ahv_einnahmen,<20,0,19,sum_einkommen,90441241.81826223,CHF,chf,nur_arbeitnehmende,8,2006,Generation Z,5,pop_weighted
2014,ahv_einnahmen,<20,0,19,sum_einkommen,90293725.38703546,CHF,chf,nur_arbeitnehmende,9,2005,Generation Z,5,pop_weighted
2014,ahv_einnahmen,<20,0,19,sum_einkommen,90293155.82552493,CHF,chf,nur_arbeitnehmende,10,2004,Generation Z,5,pop_weighted
2014,ahv_einnahmen,<20,0,19,sum_einkommen,88869821.61071528,CHF,chf,nur_arbeitnehmende,11,2003,Generation Z,5,pop_weighted
2014,ahv_einnahmen,<20,0,19,sum_einkommen,90086404.99720325,CHF,chf,nur_arbeitnehmende,12,2002,Generation Z,5,pop_weighted
2014,ahv_einnahmen,<20,0,19,sum_einkommen,90493071.91572028,CHF,chf,nur_arbeitnehmende,13,2001,Generation Z,5,pop_weighted
2014,ahv_einnahmen,<20,0,19,sum_einkommen,96042309.71279524,CHF,chf,nur_arbeitnehmende,14,2000,Generation Z,5,pop_weighted
2014,ahv_einnahmen,<20,0,19,sum_einkommen,95547930.32165687,CHF,chf,nur_arbeitnehmende,15,1999,Generation Z,5,pop_weighted
2014,ahv_einnahmen,<20,0,19,sum_einkommen,97132450.44394596,CHF,chf,nur_arbeitnehmende,16,1998,Generation Z,5,pop_weighted
2014,ahv_einnahmen,<20,0,19,sum_einkommen,98807530.846409,CHF,chf,nur_arbeitnehmende,17,1997,Generation Z,5,pop_weighted
2014,ahv_einnahmen,<20,0,19,sum_einkommen,102047766.27980316,CHF,chf,nur_arbeitnehmende,18,1996,Millennials,4,pop_weighted
2014,ahv_einnahmen,<20,0,19,sum_einkommen,102998364.44087452,CHF,chf,nur_arbeitnehmende,19,1995,Millennials,4,pop_weighted
2014,ahv_einnahmen,<20,0,19,sum_beitrag_ahv,4005908.3632272617,CHF,chf,nur_arbeitnehmende,0,2014,Generation Alpha,6,pop_weighted
2014,ahv_einnahmen,<20,0,19,sum_beitrag_ahv,7889481.748731222,CHF,chf,nur_arbeitnehmende,1,2013,Generation Alpha,6,pop_weighted
2014,ahv_einnahmen,<20,0,19,sum_beitrag_ahv,7977704.548465977,CHF,chf,nur_arbeitnehmende,2,2012,Generation Z,5,pop_weighted
2014,ahv_einnahmen,<20,0,19,sum_beitrag_ahv,7904313.130465372,CHF,chf,nur_arbeitnehmende,3,2011,Generation Z,5,pop_weighted
2014,ahv_einnahmen,<20,0,19,sum_beitrag_ahv,8015596.336638388,CHF,chf,nur_arbeitnehmende,4,2010,Generation Z,5,pop_weighted
2014,ahv_einnahmen,<20,0,19,sum_beitrag_ahv,7865895.067457233,CHF,chf,nur_arbeitnehmende,5,2009,Generation Z,5,pop_weighted
2014,ahv_einnahmen,<20,0,19,sum_beitrag_ahv,7810540.523372031,CHF,chf,nur_arbeitnehmende,6,2008,Generation Z,5,pop_weighted
2014,ahv_einnahmen,<20,0,19,sum_beitrag_ahv,7673182.79124704,CHF,chf,nur_arbeitnehmende,7,2007,Generation Z,5,pop_weighted
2014,ahv_einnahmen,<20,0,19,sum_beitrag_ahv,7597064.312734028,CHF,chf,nur_arbeitnehmende,8,2006,Generation Z,5,pop_weighted
2014,ahv_einnahmen,<20,0,19,sum_beitrag_ahv,7584672.9325109795,CHF,chf,nur_arbeitnehmende,9,2005,Generation Z,5,pop_weighted
2014,ahv_einnahmen,<20,0,19,sum_beitrag_ahv,7584625.0893440945,CHF,chf,nur_arbeitnehmende,10,2004,Generation Z,5,pop_weighted
2014,ahv_einnahmen,<20,0,19,sum_beitrag_ahv,7465065.015300085,CHF,chf,nur_arbeitnehmende,11,2003,Generation Z,5,pop_weighted
2014,ahv_einnahmen,<20,0,19,sum_beitrag_ahv,7567258.0197650725,CHF,chf,nur_arbeitnehmende,12,2002,Generation Z,5,pop_weighted
2014,ahv_einnahmen,<20,0,19,sum_beitrag_ahv,7601418.040920504,CHF,chf,nur_arbeitnehmende,13,2001,Generation Z,5,pop_weighted
2014,ahv_einnahmen,<20,0,19,sum_beitrag_ahv,8067554.0158748,CHF,chf,nur_arbeitnehmende,14,2000,Generation Z,5,pop_weighted
2014,ahv_einnahmen,<20,0,19,sum_beitrag_ahv,8026026.147019179,CHF,chf,nur_arbeitnehmende,15,1999,Generation Z,5,pop_weighted
2014,ahv_einnahmen,<20,0,19,sum_beitrag_ahv,8159125.8372914605,CHF,chf,nur_arbeitnehmende,16,1998,Generation Z,5,pop_weighted
2014,ahv_einnahmen,<20,0,19,sum_beitrag_ahv,8299832.591098356,CHF,chf,nur_arbeitnehmende,17,1997,Generation Z,5,pop_weighted
2014,ahv_einnahmen,<20,0,19,sum_beitrag_ahv,8572012.367503466,CHF,chf,nur_arbeitnehmende,18,1996,Millennials,4,pop_weighted
2014,ahv_einnahmen,<20,0,19,sum_beitrag_ahv,8651862.61303346,CHF,chf,nur_arbeitnehmende,19,1995,Millennials,4,pop_weighted
2014,ahv_einnahmen,20-24,20,24,n_personen,92200.20850953305,Anzahl,count,nur_arbeitnehmende,20,1994,Millennials,4,pop_weighted
2014,ahv_einnahmen,20-24,20,24,n_personen,94472.27867016225,Anzahl,count,nur_arbeitnehmende,21,1993,Millennials,4,pop_weighted
2014,ahv_einnahmen,20-24,20,24,n_personen,99131.01902145239,Anzahl,count,nur_arbeitnehmende,22,1992,Millennials,4,pop_weighted
2014,ahv_einnahmen,20-24,20,24,n_personen,101635.2788081459,Anzahl,count,nur_arbeitnehmende,23,1991,Millennials,4,pop_weighted
2014,ahv_einnahmen,20-24,20,24,n_personen,103659.2149907064,Anzahl,count,nur_arbeitnehmende,24,1990,Millennials,4,pop_weighted
2014,ahv_einnahmen,20-24,20,24,sum_einkommen,2784446873.7343736,CHF,chf,nur_arbeitnehmende,20,1994,Millennials,4,pop_weighted
2014,ahv_einnahmen,20-24,20,24,sum_einkommen,2853063406.798016,CHF,chf,nur_arbeitnehmende,21,1993,Millennials,4,pop_weighted
2014,ahv_einnahmen,20-24,20,24,sum_einkommen,2993757394.549126,CHF,chf,nur_arbeitnehmende,22,1992,Millennials,4,pop_weighted
2014,ahv_einnahmen,20-24,20,24,sum_einkommen,3069386055.772343,CHF,chf,nur_arbeitnehmende,23,1991,Millennials,4,pop_weighted
2014,ahv_einnahmen,20-24,20,24,sum_einkommen,3130508941.146141,CHF,chf,nur_arbeitnehmende,24,1990,Millennials,4,pop_weighted
2014,ahv_einnahmen,20-24,20,24,sum_beitrag_ahv,233893537.39368737,CHF,chf,nur_arbeitnehmende,20,1994,Millennials,4,pop_weighted
2014,ahv_einnahmen,20-24,20,24,sum_beitrag_ahv,239657326.17103335,CHF,chf,nur_arbeitnehmende,21,1993,Millennials,4,pop_weighted
2014,ahv_einnahmen,20-24,20,24,sum_beitrag_ahv,251475621.1421266,CHF,chf,nur_arbeitnehmende,22,1992,Millennials,4,pop_weighted
2014,ahv_einnahmen,20-24,20,24,sum_beitrag_ahv,257828428.6848768,CHF,chf,nur_arbeitnehmende,23,1991,Millennials,4,pop_weighted
2014,ahv_einnahmen,20-24,20,24,sum_beitrag_ahv,262962751.05627584,CHF,chf,nur_arbeitnehmende,24,1990,Millennials,4,pop_weighted
2014,ahv_einnahmen,25-29,25,29,n_personen,112830.49993460788,Anzahl,count,nur_arbeitnehmende,25,1989,Millennials,4,pop_weighted
2014,ahv_einnahmen,25-29,25,29,n_personen,116517.95042910114,Anzahl,count,nur_arbeitnehmende,26,1988,Millennials,4,pop_weighted
2014,ahv_einnahmen,25-29,25,29,n_personen,115503.18900528479,Anzahl,count,nur_arbeitnehmende,27,1987,Millennials,4,pop_weighted
2014,ahv_einnahmen,25-29,25,29,n_personen,118848.08357663493,Anzahl,count,nur_arbeitnehmende,28,1986,Millennials,4,pop_weighted
2014,ahv_einnahmen,25-29,25,29,n_personen,120182.27705437122,Anzahl,count,nur_arbeitnehmende,29,1985,Millennials,4,pop_weighted
2014,ahv_einnahmen,25-29,25,29,sum_einkommen,5623543123.497704,CHF,chf,nur_arbeitnehmende,25,1989,Millennials,4,pop_weighted
2014,ahv_einnahmen,25-29,25,29,sum_einkommen,5807327976.738306,CHF,chf,nur_arbeitnehmende,26,1988,Millennials,4,pop_weighted
2014,ahv_einnahmen,25-29,25,29,sum_einkommen,5756751628.763243,CHF,chf,nur_arbeitnehmende,27,1987,Millennials,4,pop_weighted
2014,ahv_einnahmen,25-29,25,29,sum_einkommen,5923463279.2162895,CHF,chf,nur_arbeitnehmende,28,1986,Millennials,4,pop_weighted
2014,ahv_einnahmen,25-29,25,29,sum_einkommen,5989960321.784458,CHF,chf,nur_arbeitnehmende,29,1985,Millennials,4,pop_weighted
2014,ahv_einnahmen,25-29,25,29,sum_beitrag_ahv,472377622.3738071,CHF,chf,nur_arbeitnehmende,25,1989,Millennials,4,pop_weighted
2014,ahv_einnahmen,25-29,25,29,sum_beitrag_ahv,487815550.0460177,CHF,chf,nur_arbeitnehmende,26,1988,Millennials,4,pop_weighted
2014,ahv_einnahmen,25-29,25,29,sum_beitrag_ahv,483567136.81611234,CHF,chf,nur_arbeitnehmende,27,1987,Millennials,4,pop_weighted
2014,ahv_einnahmen,25-29,25,29,sum_beitrag_ahv,497570915.45416826,CHF,chf,nur_arbeitnehmende,28,1986,Millennials,4,pop_weighted
2014,ahv_einnahmen,25-29,25,29,sum_beitrag_ahv,503156667.0298945,CHF,chf,nur_arbeitnehmende,29,1985,Millennials,4,pop_weighted
2014,ahv_einnahmen,30-34,30,34,n_personen,118032.13383211817,Anzahl,count,nur_arbeitnehmende,30,1984,Millennials,4,pop_weighted
2014,ahv_einnahmen,30-34,30,34,n_personen,117767.35741774735,Anzahl,count,nur_arbeitnehmende,31,1983,Millennials,4,pop_weighted
2014,ahv_einnahmen,30-34,30,34,n_personen,120816.95870797143,Anzahl,count,nur_arbeitnehmende,32,1982,Millennials,4,pop_weighted
2014,ahv_einnahmen,30-34,30,34,n_personen,120502.86119680603,Anzahl,count,nur_arbeitnehmende,33,1981,Millennials,4,pop_weighted
2014,ahv_einnahmen,30-34,30,34,n_personen,121310.68884535703,Anzahl,count,nur_arbeitnehmende,34,1980,Generation X,3,pop_weighted
2014,ahv_einnahmen,30-34,30,34,sum_einkommen,7425769790.050426,CHF,chf,nur_arbeitnehmende,30,1984,Millennials,4,pop_weighted
2014,ahv_einnahmen,30-34,30,34,sum_einkommen,7409111879.7414465,CHF,chf,nur_arbeitnehmende,31,1983,Millennials,4,pop_weighted
2014,ahv_einnahmen,30-34,30,34,sum_einkommen,7600971811.417803,CHF,chf,nur_arbeitnehmende,32,1982,Millennials,4,pop_weighted
2014,ahv_einnahmen,30-34,30,34,sum_einkommen,7581210957.031662,CHF,chf,nur_arbeitnehmende,33,1981,Millennials,4,pop_weighted
2014,ahv_einnahmen,30-34,30,34,sum_einkommen,7632033914.758663,CHF,chf,nur_arbeitnehmende,34,1980,Generation X,3,pop_weighted
2014,ahv_einnahmen,30-34,30,34,sum_beitrag_ahv,623764662.3642358,CHF,chf,nur_arbeitnehmende,30,1984,Millennials,4,pop_weighted
2014,ahv_einnahmen,30-34,30,34,sum_beitrag_ahv,622365397.8982816,CHF,chf,nur_arbeitnehmende,31,1983,Millennials,4,pop_weighted
2014,ahv_einnahmen,30-34,30,34,sum_beitrag_ahv,638481632.1590954,CHF,chf,nur_arbeitnehmende,32,1982,Millennials,4,pop_weighted
2014,ahv_einnahmen,30-34,30,34,sum_beitrag_ahv,636821720.3906596,CHF,chf,nur_arbeitnehmende,33,1981,Millennials,4,pop_weighted
2014,ahv_einnahmen,30-34,30,34,sum_beitrag_ahv,641090848.8397276,CHF,chf,nur_arbeitnehmende,34,1980,Generation X,3,pop_weighted
2014,ahv_einnahmen,35-39,35,39,n_personen,112802.06072919101,Anzahl,count,nur_arbeitnehmende,35,1979,Generation X,3,pop_weighted
2014,ahv_einnahmen,35-39,35,39,n_personen,111644.50611272578,Anzahl,count,nur_arbeitnehmende,36,1978,Generation X,3,pop_weighted
2014,ahv_einnahmen,35-39,35,39,n_personen,111829.49663198095,Anzahl,count,nur_arbeitnehmende,37,1977,Generation X,3,pop_weighted
2014,ahv_einnahmen,35-39,35,39,n_personen,111213.02688550868,Anzahl,count,nur_arbeitnehmende,38,1976,Generation X,3,pop_weighted
2014,ahv_einnahmen,35-39,35,39,n_personen,110675.90964059357,Anzahl,count,nur_arbeitnehmende,39,1975,Generation X,3,pop_weighted
2014,ahv_einnahmen,35-39,35,39,sum_einkommen,8082699741.150347,CHF,chf,nur_arbeitnehmende,35,1979,Generation X,3,pop_weighted
2014,ahv_einnahmen,35-39,35,39,sum_einkommen,7999756518.851131,CHF,chf,nur_arbeitnehmende,36,1978,Generation X,3,pop_weighted
2014,ahv_einnahmen,35-39,35,39,sum_einkommen,8013011798.164588,CHF,chf,nur_arbeitnehmende,37,1977,Generation X,3,pop_weighted
2014,ahv_einnahmen,35-39,35,39,sum_einkommen,7968839379.433686,CHF,chf,nur_arbeitnehmende,38,1976,Generation X,3,pop_weighted
2014,ahv_einnahmen,35-39,35,39,sum_einkommen,7930352871.400246,CHF,chf,nur_arbeitnehmende,39,1975,Generation X,3,pop_weighted
2014,ahv_einnahmen,35-39,35,39,sum_beitrag_ahv,678946778.2566291,CHF,chf,nur_arbeitnehmende,35,1979,Generation X,3,pop_weighted
2014,ahv_einnahmen,35-39,35,39,sum_beitrag_ahv,671979547.583495,CHF,chf,nur_arbeitnehmende,36,1978,Generation X,3,pop_weighted
2014,ahv_einnahmen,35-39,35,39,sum_beitrag_ahv,673092991.0458254,CHF,chf,nur_arbeitnehmende,37,1977,Generation X,3,pop_weighted
2014,ahv_einnahmen,35-39,35,39,sum_beitrag_ahv,669382507.8724296,CHF,chf,nur_arbeitnehmende,38,1976,Generation X,3,pop_weighted
2014,ahv_einnahmen,35-39,35,39,sum_beitrag_ahv,666149641.1976206,CHF,chf,nur_arbeitnehmende,39,1975,Generation X,3,pop_weighted
2014,ahv_einnahmen,40-44,40,44,n_personen,110056.24303994983,Anzahl,count,nur_arbeitnehmende,40,1974,Generation X,3,pop_weighted
2014,ahv_einnahmen,40-44,40,44,n_personen,110713.34553207445,Anzahl,count,nur_arbeitnehmende,41,1973,Generation X,3,pop_weighted
2014,ahv_einnahmen,40-44,40,44,n_personen,114083.58329571143,Anzahl,count,nur_arbeitnehmende,42,1972,Generation X,3,pop_weighted
2014,ahv_einnahmen,40-44,40,44,n_personen,117990.57510969198,Anzahl,count,nur_arbeitnehmende,43,1971,Generation X,3,pop_weighted
2014,ahv_einnahmen,40-44,40,44,n_personen,119758.25302257229,Anzahl,count,nur_arbeitnehmende,44,1970,Generation X,3,pop_weighted
2014,ahv_einnahmen,40-44,40,44,sum_einkommen,8741741364.31378,CHF,chf,nur_arbeitnehmende,40,1974,Generation X,3,pop_weighted
2014,ahv_einnahmen,40-44,40,44,sum_einkommen,8793934859.90598,CHF,chf,nur_arbeitnehmende,41,1973,Generation X,3,pop_weighted
2014,ahv_einnahmen,40-44,40,44,sum_einkommen,9061632048.653948,CHF,chf,nur_arbeitnehmende,42,1972,Generation X,3,pop_weighted
2014,ahv_einnahmen,40-44,40,44,sum_einkommen,9371963484.717155,CHF,chf,nur_arbeitnehmende,43,1971,Generation X,3,pop_weighted
2014,ahv_einnahmen,40-44,40,44,sum_einkommen,9512369723.409136,CHF,chf,nur_arbeitnehmende,44,1970,Generation X,3,pop_weighted
2014,ahv_einnahmen,40-44,40,44,sum_beitrag_ahv,734306274.6023575,CHF,chf,nur_arbeitnehmende,40,1974,Generation X,3,pop_weighted
2014,ahv_einnahmen,40-44,40,44,sum_beitrag_ahv,738690528.2321022,CHF,chf,nur_arbeitnehmende,41,1973,Generation X,3,pop_weighted
2014,ahv_einnahmen,40-44,40,44,sum_beitrag_ahv,761177092.0869316,CHF,chf,nur_arbeitnehmende,42,1972,Generation X,3,pop_weighted
2014,ahv_einnahmen,40-44,40,44,sum_beitrag_ahv,787244932.7162411,CHF,chf,nur_arbeitnehmende,43,1971,Generation X,3,pop_weighted
2014,ahv_einnahmen,40-44,40,44,sum_beitrag_ahv,799039056.7663673,CHF,chf,nur_arbeitnehmende,44,1970,Generation X,3,pop_weighted
2014,ahv_einnahmen,45-49,45,49,n_personen,119976.22523140577,Anzahl,count,nur_arbeitnehmende,45,1969,Generation X,3,pop_weighted
2014,ahv_einnahmen,45-49,45,49,n_personen,122763.82452083258,Anzahl,count,nur_arbeitnehmende,46,1968,Generation X,3,pop_weighted
2014,ahv_einnahmen,45-49,45,49,n_personen,124009.17769175784,Anzahl,count,nur_arbeitnehmende,47,1967,Generation X,3,pop_weighted
2014,ahv_einnahmen,45-49,45,49,n_personen,126650.20957668497,Anzahl,count,nur_arbeitnehmende,48,1966,Generation X,3,pop_weighted
2014,ahv_einnahmen,45-49,45,49,n_personen,126986.56297931887,Anzahl,count,nur_arbeitnehmende,49,1965,Generation X,3,pop_weighted
2014,ahv_einnahmen,45-49,45,49,sum_einkommen,9990653668.2732,CHF,chf,nur_arbeitnehmende,45,1969,Generation X,3,pop_weighted
2014,ahv_einnahmen,45-49,45,49,sum_einkommen,10222782483.902061,CHF,chf,nur_arbeitnehmende,46,1968,Generation X,3,pop_weighted
2014,ahv_einnahmen,45-49,45,49,sum_einkommen,10326485465.066893,CHF,chf,nur_arbeitnehmende,47,1967,Generation X,3,pop_weighted
2014,ahv_einnahmen,45-49,45,49,sum_einkommen,10546409327.801214,CHF,chf,nur_arbeitnehmende,48,1966,Generation X,3,pop_weighted
2014,ahv_einnahmen,45-49,45,49,sum_einkommen,10574418129.956635,CHF,chf,nur_arbeitnehmende,49,1965,Generation X,3,pop_weighted
2014,ahv_einnahmen,45-49,45,49,sum_beitrag_ahv,839214908.1349488,CHF,chf,nur_arbeitnehmende,45,1969,Generation X,3,pop_weighted
2014,ahv_einnahmen,45-49,45,49,sum_beitrag_ahv,858713728.6477731,CHF,chf,nur_arbeitnehmende,46,1968,Generation X,3,pop_weighted
2014,ahv_einnahmen,45-49,45,49,sum_beitrag_ahv,867424779.065619,CHF,chf,nur_arbeitnehmende,47,1967,Generation X,3,pop_weighted
2014,ahv_einnahmen,45-49,45,49,sum_beitrag_ahv,885898383.535302,CHF,chf,nur_arbeitnehmende,48,1966,Generation X,3,pop_weighted
2014,ahv_einnahmen,45-49,45,49,sum_beitrag_ahv,888251122.9163573,CHF,chf,nur_arbeitnehmende,49,1965,Generation X,3,pop_weighted
2014,ahv_einnahmen,50-54,50,54,n_personen,122489.48679124839,Anzahl,count,nur_arbeitnehmende,50,1964,Babyboomers,2,pop_weighted
2014,ahv_einnahmen,50-54,50,54,n_personen,118921.54576841187,Anzahl,count,nur_arbeitnehmende,51,1963,Babyboomers,2,pop_weighted
2014,ahv_einnahmen,50-54,50,54,n_personen,114327.68776978977,Anzahl,count,nur_arbeitnehmende,52,1962,Babyboomers,2,pop_weighted
2014,ahv_einnahmen,50-54,50,54,n_personen,110389.64876047533,Anzahl,count,nur_arbeitnehmende,53,1961,Babyboomers,2,pop_weighted
2014,ahv_einnahmen,50-54,50,54,n_personen,107351.63091007461,Anzahl,count,nur_arbeitnehmende,54,1960,Babyboomers,2,pop_weighted
2014,ahv_einnahmen,50-54,50,54,sum_einkommen,10303555049.519775,CHF,chf,nur_arbeitnehmende,50,1964,Babyboomers,2,pop_weighted
2014,ahv_einnahmen,50-54,50,54,sum_einkommen,10003427440.977434,CHF,chf,nur_arbeitnehmende,51,1963,Babyboomers,2,pop_weighted
2014,ahv_einnahmen,50-54,50,54,sum_einkommen,9617001878.9278,CHF,chf,nur_arbeitnehmende,52,1962,Babyboomers,2,pop_weighted
2014,ahv_einnahmen,50-54,50,54,sum_einkommen,9285742415.094967,CHF,chf,nur_arbeitnehmende,53,1961,Babyboomers,2,pop_weighted
2014,ahv_einnahmen,50-54,50,54,sum_einkommen,9030190816.480024,CHF,chf,nur_arbeitnehmende,54,1960,Babyboomers,2,pop_weighted
2014,ahv_einnahmen,50-54,50,54,sum_beitrag_ahv,865498624.1596612,CHF,chf,nur_arbeitnehmende,50,1964,Babyboomers,2,pop_weighted
2014,ahv_einnahmen,50-54,50,54,sum_beitrag_ahv,840287905.0421045,CHF,chf,nur_arbeitnehmende,51,1963,Babyboomers,2,pop_weighted
2014,ahv_einnahmen,50-54,50,54,sum_beitrag_ahv,807828157.8299351,CHF,chf,nur_arbeitnehmende,52,1962,Babyboomers,2,pop_weighted
2014,ahv_einnahmen,50-54,50,54,sum_beitrag_ahv,780002362.8679773,CHF,chf,nur_arbeitnehmende,53,1961,Babyboomers,2,pop_weighted
2014,ahv_einnahmen,50-54,50,54,sum_beitrag_ahv,758536028.5843221,CHF,chf,nur_arbeitnehmende,54,1960,Babyboomers,2,pop_weighted
2014,ahv_einnahmen,55-59,55,59,n_personen,95566.44121463937,Anzahl,count,nur_arbeitnehmende,55,1959,Babyboomers,2,pop_weighted
2014,ahv_einnahmen,55-59,55,59,n_personen,91898.71690835098,Anzahl,count,nur_arbeitnehmende,56,1958,Babyboomers,2,pop_weighted
2014,ahv_einnahmen,55-59,55,59,n_personen,89591.87139804025,Anzahl,count,nur_arbeitnehmende,57,1957,Babyboomers,2,pop_weighted
2014,ahv_einnahmen,55-59,55,59,n_personen,86709.64830269918,Anzahl,count,nur_arbeitnehmende,58,1956,Babyboomers,2,pop_weighted
2014,ahv_einnahmen,55-59,55,59,n_personen,83081.32217627022,Anzahl,count,nur_arbeitnehmende,59,1955,Babyboomers,2,pop_weighted
2014,ahv_einnahmen,55-59,55,59,sum_einkommen,7975181060.198904,CHF,chf,nur_arbeitnehmende,55,1959,Babyboomers,2,pop_weighted
2014,ahv_einnahmen,55-59,55,59,sum_einkommen,7669103267.09739,CHF,chf,nur_arbeitnehmende,56,1958,Babyboomers,2,pop_weighted
2014,ahv_einnahmen,55-59,55,59,sum_einkommen,7476593109.883157,CHF,chf,nur_arbeitnehmende,57,1957,Babyboomers,2,pop_weighted
2014,ahv_einnahmen,55-59,55,59,sum_einkommen,7236066720.608018,CHF,chf,nur_arbeitnehmende,58,1956,Babyboomers,2,pop_weighted
2014,ahv_einnahmen,55-59,55,59,sum_einkommen,6933276772.21253,CHF,chf,nur_arbeitnehmende,59,1955,Babyboomers,2,pop_weighted
2014,ahv_einnahmen,55-59,55,59,sum_beitrag_ahv,669915209.0567079,CHF,chf,nur_arbeitnehmende,55,1959,Babyboomers,2,pop_weighted
2014,ahv_einnahmen,55-59,55,59,sum_beitrag_ahv,644204674.4361808,CHF,chf,nur_arbeitnehmende,56,1958,Babyboomers,2,pop_weighted
2014,ahv_einnahmen,55-59,55,59,sum_beitrag_ahv,628033821.2301852,CHF,chf,nur_arbeitnehmende,57,1957,Babyboomers,2,pop_weighted
2014,ahv_einnahmen,55-59,55,59,sum_beitrag_ahv,607829604.5310735,CHF,chf,nur_arbeitnehmende,58,1956,Babyboomers,2,pop_weighted
2014,ahv_einnahmen,55-59,55,59,sum_beitrag_ahv,582395248.8658525,CHF,chf,nur_arbeitnehmende,59,1955,Babyboomers,2,pop_weighted
2014,ahv_einnahmen,60-64,60,64,n_personen,62996.57721414588,Anzahl,count,nur_arbeitnehmende,60,1954,Babyboomers,2,pop_weighted
2014,ahv_einnahmen,60-64,60,64,n_personen,60701.97219558347,Anzahl,count,nur_arbeitnehmende,61,1953,Babyboomers,2,pop_weighted
2014,ahv_einnahmen,60-64,60,64,n_personen,59976.03909757803,Anzahl,count,nur_arbeitnehmende,62,1952,Babyboomers,2,pop_weighted
2014,ahv_einnahmen,60-64,60,64,n_personen,57377.03128171369,Anzahl,count,nur_arbeitnehmende,63,1951,Babyboomers,2,pop_weighted
2014,ahv_einnahmen,60-64,60,64,n_personen,58583.38021097893,Anzahl,count,nur_arbeitnehmende,64,1950,Babyboomers,2,pop_weighted
2014,ahv_einnahmen,60-64,60,64,sum_einkommen,4546772621.0645,CHF,chf,nur_arbeitnehmende,60,1954,Babyboomers,2,pop_weighted
2014,ahv_einnahmen,60-64,60,64,sum_einkommen,4381159698.332342,CHF,chf,nur_arbeitnehmende,61,1953,Babyboomers,2,pop_weighted
2014,ahv_einnahmen,60-64,60,64,sum_einkommen,4328765538.511314,CHF,chf,nur_arbeitnehmende,62,1952,Babyboomers,2,pop_weighted
2014,ahv_einnahmen,60-64,60,64,sum_einkommen,4141182369.683991,CHF,chf,nur_arbeitnehmende,63,1951,Babyboomers,2,pop_weighted
2014,ahv_einnahmen,60-64,60,64,sum_einkommen,4228250501.407853,CHF,chf,nur_arbeitnehmende,64,1950,Babyboomers,2,pop_weighted
2014,ahv_einnahmen,60-64,60,64,sum_beitrag_ahv,381928900.169418,CHF,chf,nur_arbeitnehmende,60,1954,Babyboomers,2,pop_weighted
2014,ahv_einnahmen,60-64,60,64,sum_beitrag_ahv,368017414.6599167,CHF,chf,nur_arbeitnehmende,61,1953,Babyboomers,2,pop_weighted
2014,ahv_einnahmen,60-64,60,64,sum_beitrag_ahv,363616305.2349504,CHF,chf,nur_arbeitnehmende,62,1952,Babyboomers,2,pop_weighted
2014,ahv_einnahmen,60-64,60,64,sum_beitrag_ahv,347859319.0534553,CHF,chf,nur_arbeitnehmende,63,1951,Babyboomers,2,pop_weighted
2014,ahv_einnahmen,60-64,60,64,sum_beitrag_ahv,355173042.11825967,CHF,chf,nur_arbeitnehmende,64,1950,Babyboomers,2,pop_weighted
2014,ahv_einnahmen,65-69,65,69,n_personen,12532.35303636435,Anzahl,count,nur_arbeitnehmende,65,1949,Babyboomers,2,pop_weighted
2014,ahv_einnahmen,65-69,65,69,n_personen,12572.69087878781,Anzahl,count,nur_arbeitnehmende,66,1948,Babyboomers,2,pop_weighted
2014,ahv_einnahmen,65-69,65,69,n_personen,12305.867707450849,Anzahl,count,nur_arbeitnehmende,67,1947,Babyboomers,2,pop_weighted
2014,ahv_einnahmen,65-69,65,69,n_personen,12201.52621312607,Anzahl,count,nur_arbeitnehmende,68,1946,Babyboomers,2,pop_weighted
2014,ahv_einnahmen,65-69,65,69,n_personen,11593.562164270925,Anzahl,count,nur_arbeitnehmende,69,1945,Silent Generation,1,pop_weighted
2014,ahv_einnahmen,65-69,65,69,sum_einkommen,616809580.3990245,CHF,chf,nur_arbeitnehmende,65,1949,Babyboomers,2,pop_weighted
2014,ahv_einnahmen,65-69,65,69,sum_einkommen,618794903.3138211,CHF,chf,nur_arbeitnehmende,66,1948,Babyboomers,2,pop_weighted
2014,ahv_einnahmen,65-69,65,69,sum_einkommen,605662565.924702,CHF,chf,nur_arbeitnehmende,67,1947,Babyboomers,2,pop_weighted
2014,ahv_einnahmen,65-69,65,69,sum_einkommen,600527150.9594574,CHF,chf,nur_arbeitnehmende,68,1946,Babyboomers,2,pop_weighted
2014,ahv_einnahmen,65-69,65,69,sum_einkommen,570604753.402995,CHF,chf,nur_arbeitnehmende,69,1945,Silent Generation,1,pop_weighted
2014,ahv_einnahmen,65-69,65,69,sum_beitrag_ahv,51812004.75351805,CHF,chf,nur_arbeitnehmende,65,1949,Babyboomers,2,pop_weighted
2014,ahv_einnahmen,65-69,65,69,sum_beitrag_ahv,51978771.87836098,CHF,chf,nur_arbeitnehmende,66,1948,Babyboomers,2,pop_weighted
2014,ahv_einnahmen,65-69,65,69,sum_beitrag_ahv,50875655.53767497,CHF,chf,nur_arbeitnehmende,67,1947,Babyboomers,2,pop_weighted
2014,ahv_einnahmen,65-69,65,69,sum_beitrag_ahv,50444280.68059443,CHF,chf,nur_arbeitnehmende,68,1946,Babyboomers,2,pop_weighted
2014,ahv_einnahmen,65-69,65,69,sum_beitrag_ahv,47930799.285851575,CHF,chf,nur_arbeitnehmende,69,1945,Silent Generation,1,pop_weighted
2014,ahv_einnahmen,70-74,70,74,n_personen,3247.6695953419458,Anzahl,count,nur_arbeitnehmende,70,1944,Silent Generation,1,pop_weighted
2014,ahv_einnahmen,70-74,70,74,n_personen,3108.116952229898,Anzahl,count,nur_arbeitnehmende,71,1943,Silent Generation,1,pop_weighted
2014,ahv_einnahmen,70-74,70,74,n_personen,2944.544608385333,Anzahl,count,nur_arbeitnehmende,72,1942,Silent Generation,1,pop_weighted
2014,ahv_einnahmen,70-74,70,74,n_personen,2730.4076632510382,Anzahl,count,nur_arbeitnehmende,73,1941,Silent Generation,1,pop_weighted
2014,ahv_einnahmen,70-74,70,74,n_personen,2489.261180791786,Anzahl,count,nur_arbeitnehmende,74,1940,Silent Generation,1,pop_weighted
2014,ahv_einnahmen,70-74,70,74,sum_einkommen,145693242.05140975,CHF,chf,nur_arbeitnehmende,70,1944,Silent Generation,1,pop_weighted
2014,ahv_einnahmen,70-74,70,74,sum_einkommen,139432790.85249496,CHF,chf,nur_arbeitnehmende,71,1943,Silent Generation,1,pop_weighted
2014,ahv_einnahmen,70-74,70,74,sum_einkommen,132094795.28827766,CHF,chf,nur_arbeitnehmende,72,1942,Silent Generation,1,pop_weighted
2014,ahv_einnahmen,70-74,70,74,sum_einkommen,122488428.36463885,CHF,chf,nur_arbeitnehmende,73,1941,Silent Generation,1,pop_weighted
2014,ahv_einnahmen,70-74,70,74,sum_einkommen,111670390.44317883,CHF,chf,nur_arbeitnehmende,74,1940,Silent Generation,1,pop_weighted
2014,ahv_einnahmen,70-74,70,74,sum_beitrag_ahv,12238232.332318418,CHF,chf,nur_arbeitnehmende,70,1944,Silent Generation,1,pop_weighted
2014,ahv_einnahmen,70-74,70,74,sum_beitrag_ahv,11712354.431609575,CHF,chf,nur_arbeitnehmende,71,1943,Silent Generation,1,pop_weighted
2014,ahv_einnahmen,70-74,70,74,sum_beitrag_ahv,11095962.804215321,CHF,chf,nur_arbeitnehmende,72,1942,Silent Generation,1,pop_weighted
2014,ahv_einnahmen,70-74,70,74,sum_beitrag_ahv,10289027.982629662,CHF,chf,nur_arbeitnehmende,73,1941,Silent Generation,1,pop_weighted
2014,ahv_einnahmen,70-74,70,74,sum_beitrag_ahv,9380312.797227021,CHF,chf,nur_arbeitnehmende,74,1940,Silent Generation,1,pop_weighted
2014,ahv_einnahmen,75+,75,100,n_personen,556.3915020413867,Anzahl,count,nur_arbeitnehmende,75,1939,Silent Generation,1,pop_weighted
2014,ahv_einnahmen,75+,75,100,n_personen,531.5191610848798,Anzahl,count,nur_arbeitnehmende,76,1938,Silent Generation,1,pop_weighted
2014,ahv_einnahmen,75+,75,100,n_personen,502.180390708446,Anzahl,count,nur_arbeitnehmende,77,1937,Silent Generation,1,pop_weighted
2014,ahv_einnahmen,75+,75,100,n_personen,492.1320961897442,Anzahl,count,nur_arbeitnehmende,78,1936,Silent Generation,1,pop_weighted
2014,ahv_einnahmen,75+,75,100,n_personen,476.2863481637502,Anzahl,count,nur_arbeitnehmende,79,1935,Silent Generation,1,pop_weighted
2014,ahv_einnahmen,75+,75,100,n_personen,452.43570879543205,Anzahl,count,nur_arbeitnehmende,80,1934,Silent Generation,1,pop_weighted
2014,ahv_einnahmen,75+,75,100,n_personen,421.77997444523197,Anzahl,count,nur_arbeitnehmende,81,1933,Silent Generation,1,pop_weighted
2014,ahv_einnahmen,75+,75,100,n_personen,401.913033929944,Anzahl,count,nur_arbeitnehmende,82,1932,Silent Generation,1,pop_weighted
2014,ahv_einnahmen,75+,75,100,n_personen,373.0944877566707,Anzahl,count,nur_arbeitnehmende,83,1931,Silent Generation,1,pop_weighted
2014,ahv_einnahmen,75+,75,100,n_personen,352.71669644728826,Anzahl,count,nur_arbeitnehmende,84,1930,Silent Generation,1,pop_weighted
2014,ahv_einnahmen,75+,75,100,n_personen,317.19147608732544,Anzahl,count,nur_arbeitnehmende,85,1929,Silent Generation,1,pop_weighted
2014,ahv_einnahmen,75+,75,100,n_personen,286.24516605608073,Anzahl,count,nur_arbeitnehmende,86,1928,Silent Generation,1,pop_weighted
2014,ahv_einnahmen,75+,75,100,n_personen,251.6385397845813,Anzahl,count,nur_arbeitnehmende,87,1927,Silent Generation,1,pop_weighted
2014,ahv_einnahmen,75+,75,100,n_personen,227.75978018906534,Anzahl,count,nur_arbeitnehmende,88,1926,Silent Generation,1,pop_weighted
2014,ahv_einnahmen,75+,75,100,n_personen,197.90547231400421,Anzahl,count,nur_arbeitnehmende,89,1925,Silent Generation,1,pop_weighted
2014,ahv_einnahmen,75+,75,100,n_personen,168.89477125487886,Anzahl,count,nur_arbeitnehmende,90,1924,Silent Generation,1,pop_weighted
2014,ahv_einnahmen,75+,75,100,n_personen,140.4839683759745,Anzahl,count,nur_arbeitnehmende,91,1923,Silent Generation,1,pop_weighted
2014,ahv_einnahmen,75+,75,100,n_personen,113.50261037962805,Anzahl,count,nur_arbeitnehmende,92,1922,Silent Generation,1,pop_weighted
2014,ahv_einnahmen,75+,75,100,n_personen,94.02466634057718,Anzahl,count,nur_arbeitnehmende,93,1921,Silent Generation,1,pop_weighted
2014,ahv_einnahmen,75+,75,100,n_personen,69.29761322459247,Anzahl,count,nur_arbeitnehmende,94,1920,Silent Generation,1,pop_weighted
2014,ahv_einnahmen,75+,75,100,n_personen,45.10015772083412,Anzahl,count,nur_arbeitnehmende,95,1919,Silent Generation,1,pop_weighted
2014,ahv_einnahmen,75+,75,100,n_personen,31.771170029048587,Anzahl,count,nur_arbeitnehmende,96,1918,Silent Generation,1,pop_weighted
2014,ahv_einnahmen,75+,75,100,n_personen,22.77738403026643,Anzahl,count,nur_arbeitnehmende,97,1917,Silent Generation,1,pop_weighted
2014,ahv_einnahmen,75+,75,100,n_personen,16.26286472942891,Anzahl,count,nur_arbeitnehmende,98,1916,Silent Generation,1,pop_weighted
2014,ahv_einnahmen,75+,75,100,n_personen,29.694959920939933,Anzahl,count,nur_arbeitnehmende,99,1915,Silent Generation,1,pop_weighted
2014,ahv_einnahmen,75+,75,100,n_personen,0.0,Anzahl,count,nur_arbeitnehmende,100,1914,Silent Generation,1,pop_weighted
2014,ahv_einnahmen,75+,75,100,sum_einkommen,26857726.815438103,CHF,chf,nur_arbeitnehmende,75,1939,Silent Generation,1,pop_weighted
2014,ahv_einnahmen,75+,75,100,sum_einkommen,25657107.222544666,CHF,chf,nur_arbeitnehmende,76,1938,Silent Generation,1,pop_weighted
2014,ahv_einnahmen,75+,75,100,sum_einkommen,24240887.38996262,CHF,chf,nur_arbeitnehmende,77,1937,Silent Generation,1,pop_weighted
2014,ahv_einnahmen,75+,75,100,sum_einkommen,23755843.408963278,CHF,chf,nur_arbeitnehmende,78,1936,Silent Generation,1,pop_weighted
2014,ahv_einnahmen,75+,75,100,sum_einkommen,22990948.95944892,CHF,chf,nur_arbeitnehmende,79,1935,Silent Generation,1,pop_weighted
2014,ahv_einnahmen,75+,75,100,sum_einkommen,21839648.20417575,CHF,chf,nur_arbeitnehmende,80,1934,Silent Generation,1,pop_weighted
2014,ahv_einnahmen,75+,75,100,sum_einkommen,20359856.842367582,CHF,chf,nur_arbeitnehmende,81,1933,Silent Generation,1,pop_weighted
2014,ahv_einnahmen,75+,75,100,sum_einkommen,19400854.307173446,CHF,chf,nur_arbeitnehmende,82,1932,Silent Generation,1,pop_weighted
2014,ahv_einnahmen,75+,75,100,sum_einkommen,18009746.35980172,CHF,chf,nur_arbeitnehmende,83,1931,Silent Generation,1,pop_weighted
2014,ahv_einnahmen,75+,75,100,sum_einkommen,17026084.40579745,CHF,chf,nur_arbeitnehmende,84,1930,Silent Generation,1,pop_weighted
2014,ahv_einnahmen,75+,75,100,sum_einkommen,15311236.749092678,CHF,chf,nur_arbeitnehmende,85,1929,Silent Generation,1,pop_weighted
2014,ahv_einnahmen,75+,75,100,sum_einkommen,13817418.928878741,CHF,chf,nur_arbeitnehmende,86,1928,Silent Generation,1,pop_weighted
2014,ahv_einnahmen,75+,75,100,sum_einkommen,12146912.979392191,CHF,chf,nur_arbeitnehmende,87,1927,Silent Generation,1,pop_weighted
2014,ahv_einnahmen,75+,75,100,sum_einkommen,10994254.824918466,CHF,chf,nur_arbeitnehmende,88,1926,Silent Generation,1,pop_weighted
2014,ahv_einnahmen,75+,75,100,sum_einkommen,9553149.340326194,CHF,chf,nur_arbeitnehmende,89,1925,Silent Generation,1,pop_weighted
2014,ahv_einnahmen,75+,75,100,sum_einkommen,8152765.831750658,CHF,chf,nur_arbeitnehmende,90,1924,Silent Generation,1,pop_weighted
2014,ahv_einnahmen,75+,75,100,sum_einkommen,6781340.172787024,CHF,chf,nur_arbeitnehmende,91,1923,Silent Generation,1,pop_weighted
2014,ahv_einnahmen,75+,75,100,sum_einkommen,5478915.639851748,CHF,chf,nur_arbeitnehmende,92,1922,Silent Generation,1,pop_weighted
2014,ahv_einnahmen,75+,75,100,sum_einkommen,4538690.46026533,CHF,chf,nur_arbeitnehmende,93,1921,Silent Generation,1,pop_weighted
2014,ahv_einnahmen,75+,75,100,sum_einkommen,3345084.096574777,CHF,chf,nur_arbeitnehmende,94,1920,Silent Generation,1,pop_weighted
2014,ahv_einnahmen,75+,75,100,sum_einkommen,2177042.08449473,CHF,chf,nur_arbeitnehmende,95,1919,Silent Generation,1,pop_weighted
2014,ahv_einnahmen,75+,75,100,sum_einkommen,1533634.8634302998,CHF,chf,nur_arbeitnehmende,96,1918,Silent Generation,1,pop_weighted
2014,ahv_einnahmen,75+,75,100,sum_einkommen,1099493.3524518744,CHF,chf,nur_arbeitnehmende,97,1917,Silent Generation,1,pop_weighted
2014,ahv_einnahmen,75+,75,100,sum_einkommen,785029.2043226346,CHF,chf,nur_arbeitnehmende,98,1916,Silent Generation,1,pop_weighted
2014,ahv_einnahmen,75+,75,100,sum_einkommen,1433413.5557891103,CHF,chf,nur_arbeitnehmende,99,1915,Silent Generation,1,pop_weighted
2014,ahv_einnahmen,75+,75,100,sum_einkommen,0.0,CHF,chf,nur_arbeitnehmende,100,1914,Silent Generation,1,pop_weighted
2014,ahv_einnahmen,75+,75,100,sum_beitrag_ahv,2256049.0524968007,CHF,chf,nur_arbeitnehmende,75,1939,Silent Generation,1,pop_weighted
2014,ahv_einnahmen,75+,75,100,sum_beitrag_ahv,2155197.006693752,CHF,chf,nur_arbeitnehmende,76,1938,Silent Generation,1,pop_weighted
2014,ahv_einnahmen,75+,75,100,sum_beitrag_ahv,2036234.5407568603,CHF,chf,nur_arbeitnehmende,77,1937,Silent Generation,1,pop_weighted
2014,ahv_einnahmen,75+,75,100,sum_beitrag_ahv,1995490.8463529155,CHF,chf,nur_arbeitnehmende,78,1936,Silent Generation,1,pop_weighted
2014,ahv_einnahmen,75+,75,100,sum_beitrag_ahv,1931239.7125937091,CHF,chf,nur_arbeitnehmende,79,1935,Silent Generation,1,pop_weighted
2014,ahv_einnahmen,75+,75,100,sum_beitrag_ahv,1834530.449150763,CHF,chf,nur_arbeitnehmende,80,1934,Silent Generation,1,pop_weighted
2014,ahv_einnahmen,75+,75,100,sum_beitrag_ahv,1710227.9747588767,CHF,chf,nur_arbeitnehmende,81,1933,Silent Generation,1,pop_weighted
2014,ahv_einnahmen,75+,75,100,sum_beitrag_ahv,1629671.7618025693,CHF,chf,nur_arbeitnehmende,82,1932,Silent Generation,1,pop_weighted
2014,ahv_einnahmen,75+,75,100,sum_beitrag_ahv,1512818.6942233446,CHF,chf,nur_arbeitnehmende,83,1931,Silent Generation,1,pop_weighted
2014,ahv_einnahmen,75+,75,100,sum_beitrag_ahv,1430191.0900869858,CHF,chf,nur_arbeitnehmende,84,1930,Silent Generation,1,pop_weighted
2014,ahv_einnahmen,75+,75,100,sum_beitrag_ahv,1286143.8869237849,CHF,chf,nur_arbeitnehmende,85,1929,Silent Generation,1,pop_weighted
2014,ahv_einnahmen,75+,75,100,sum_beitrag_ahv,1160663.1900258143,CHF,chf,nur_arbeitnehmende,86,1928,Silent Generation,1,pop_weighted
2014,ahv_einnahmen,75+,75,100,sum_beitrag_ahv,1020340.690268944,CHF,chf,nur_arbeitnehmende,87,1927,Silent Generation,1,pop_weighted
2014,ahv_einnahmen,75+,75,100,sum_beitrag_ahv,923517.405293151,CHF,chf,nur_arbeitnehmende,88,1926,Silent Generation,1,pop_weighted
2014,ahv_einnahmen,75+,75,100,sum_beitrag_ahv,802464.5445874003,CHF,chf,nur_arbeitnehmende,89,1925,Silent Generation,1,pop_weighted
2014,ahv_einnahmen,75+,75,100,sum_beitrag_ahv,684832.3298670553,CHF,chf,nur_arbeitnehmende,90,1924,Silent Generation,1,pop_weighted
2014,ahv_einnahmen,75+,75,100,sum_beitrag_ahv,569632.57451411,CHF,chf,nur_arbeitnehmende,91,1923,Silent Generation,1,pop_weighted
2014,ahv_einnahmen,75+,75,100,sum_beitrag_ahv,460228.9137475468,CHF,chf,nur_arbeitnehmende,92,1922,Silent Generation,1,pop_weighted
2014,ahv_einnahmen,75+,75,100,sum_beitrag_ahv,381249.9986622877,CHF,chf,nur_arbeitnehmende,93,1921,Silent Generation,1,pop_weighted
2014,ahv_einnahmen,75+,75,100,sum_beitrag_ahv,280987.06411228125,CHF,chf,nur_arbeitnehmende,94,1920,Silent Generation,1,pop_weighted
2014,ahv_einnahmen,75+,75,100,sum_beitrag_ahv,182871.53509755732,CHF,chf,nur_arbeitnehmende,95,1919,Silent Generation,1,pop_weighted
2014,ahv_einnahmen,75+,75,100,sum_beitrag_ahv,128825.32852814518,CHF,chf,nur_arbeitnehmende,96,1918,Silent Generation,1,pop_weighted
2014,ahv_einnahmen,75+,75,100,sum_beitrag_ahv,92357.44160595746,CHF,chf,nur_arbeitnehmende,97,1917,Silent Generation,1,pop_weighted
2014,ahv_einnahmen,75+,75,100,sum_beitrag_ahv,65942.45316310131,CHF,chf,nur_arbeitnehmende,98,1916,Silent Generation,1,pop_weighted
2014,ahv_einnahmen,75+,75,100,sum_beitrag_ahv,120406.73868628527,CHF,chf,nur_arbeitnehmende,99,1915,Silent Generation,1,pop_weighted
2014,ahv_einnahmen,75+,75,100,sum_beitrag_ahv,0.0,CHF,chf,nur_arbeitnehmende,100,1914,Silent Generation,1,pop_weighted
2015,ahv_einnahmen,<20,0,19,n_personen,3813.211679488356,Anzahl,count,nur_arbeitnehmende,0,2015,Generation Alpha,6,pop_weighted
2015,ahv_einnahmen,<20,0,19,n_personen,7606.976446496517,Anzahl,count,nur_arbeitnehmende,1,2014,Generation Alpha,6,pop_weighted
2015,ahv_einnahmen,<20,0,19,n_personen,7533.680000381787,Anzahl,count,nur_arbeitnehmende,2,2013,Generation Alpha,6,pop_weighted
2015,ahv_einnahmen,<20,0,19,n_personen,7567.543677079401,Anzahl,count,nur_arbeitnehmende,3,2012,Generation Z,5,pop_weighted
2015,ahv_einnahmen,<20,0,19,n_personen,7482.749749221185,Anzahl,count,nur_arbeitnehmende,4,2011,Generation Z,5,pop_weighted
2015,ahv_einnahmen,<20,0,19,n_personen,7597.949126846357,Anzahl,count,nur_arbeitnehmende,5,2010,Generation Z,5,pop_weighted
2015,ahv_einnahmen,<20,0,19,n_personen,7459.485313505847,Anzahl,count,nur_arbeitnehmende,6,2009,Generation Z,5,pop_weighted
2015,ahv_einnahmen,<20,0,19,n_personen,7408.644886421366,Anzahl,count,nur_arbeitnehmende,7,2008,Generation Z,5,pop_weighted
2015,ahv_einnahmen,<20,0,19,n_personen,7274.537540772725,Anzahl,count,nur_arbeitnehmende,8,2007,Generation Z,5,pop_weighted
2015,ahv_einnahmen,<20,0,19,n_personen,7203.2621363707185,Anzahl,count,nur_arbeitnehmende,9,2006,Generation Z,5,pop_weighted
2015,ahv_einnahmen,<20,0,19,n_personen,7187.363274897302,Anzahl,count,nur_arbeitnehmende,10,2005,Generation Z,5,pop_weighted
2015,ahv_einnahmen,<20,0,19,n_personen,7184.938024842036,Anzahl,count,nur_arbeitnehmende,11,2004,Generation Z,5,pop_weighted
2015,ahv_einnahmen,<20,0,19,n_personen,7070.861448168376,Anzahl,count,nur_arbeitnehmende,12,2003,Generation Z,5,pop_weighted
2015,ahv_einnahmen,<20,0,19,n_personen,7168.99425133056,Anzahl,count,nur_arbeitnehmende,13,2002,Generation Z,5,pop_weighted
2015,ahv_einnahmen,<20,0,19,n_personen,7200.74706223933,Anzahl,count,nur_arbeitnehmende,14,2001,Generation Z,5,pop_weighted
2015,ahv_einnahmen,<20,0,19,n_personen,7638.90890555753,Anzahl,count,nur_arbeitnehmende,15,2000,Generation Z,5,pop_weighted
2015,ahv_einnahmen,<20,0,19,n_personen,7603.65295568004,Anzahl,count,nur_arbeitnehmende,16,1999,Generation Z,5,pop_weighted
2015,ahv_einnahmen,<20,0,19,n_personen,7737.939949480923,Anzahl,count,nur_arbeitnehmende,17,1998,Generation Z,5,pop_weighted
2015,ahv_einnahmen,<20,0,19,n_personen,7906.98886074063,Anzahl,count,nur_arbeitnehmende,18,1997,Generation Z,5,pop_weighted
2015,ahv_einnahmen,<20,0,19,n_personen,8220.564710479013,Anzahl,count,nur_arbeitnehmende,19,1996,Millennials,4,pop_weighted
2015,ahv_einnahmen,<20,0,19,sum_einkommen,47854785.07842834,CHF,chf,nur_arbeitnehmende,0,2015,Generation Alpha,6,pop_weighted
2015,ahv_einnahmen,<20,0,19,sum_einkommen,95465516.61475079,CHF,chf,nur_arbeitnehmende,1,2014,Generation Alpha,6,pop_weighted
2015,ahv_einnahmen,<20,0,19,sum_einkommen,94545665.85097057,CHF,chf,nur_arbeitnehmende,2,2013,Generation Alpha,6,pop_weighted
2015,ahv_einnahmen,<20,0,19,sum_einkommen,94970645.92198178,CHF,chf,nur_arbeitnehmende,3,2012,Generation Z,5,pop_weighted
2015,ahv_einnahmen,<20,0,19,sum_einkommen,93906504.84231447,CHF,chf,nur_arbeitnehmende,4,2011,Generation Z,5,pop_weighted
2015,ahv_einnahmen,<20,0,19,sum_einkommen,95352226.17141756,CHF,chf,nur_arbeitnehmende,5,2010,Generation Z,5,pop_weighted
2015,ahv_einnahmen,<20,0,19,sum_einkommen,93614542.40626168,CHF,chf,nur_arbeitnehmende,6,2009,Generation Z,5,pop_weighted
2015,ahv_einnahmen,<20,0,19,sum_einkommen,92976508.66569844,CHF,chf,nur_arbeitnehmende,7,2008,Generation Z,5,pop_weighted
2015,ahv_einnahmen,<20,0,19,sum_einkommen,91293497.40304667,CHF,chf,nur_arbeitnehmende,8,2007,Generation Z,5,pop_weighted
2015,ahv_einnahmen,<20,0,19,sum_einkommen,90399010.17135598,CHF,chf,nur_arbeitnehmende,9,2006,Generation Z,5,pop_weighted
2015,ahv_einnahmen,<20,0,19,sum_einkommen,90199483.71891835,CHF,chf,nur_arbeitnehmende,10,2005,Generation Z,5,pop_weighted
2015,ahv_einnahmen,<20,0,19,sum_einkommen,90169047.48041093,CHF,chf,nur_arbeitnehmende,11,2004,Generation Z,5,pop_weighted
2015,ahv_einnahmen,<20,0,19,sum_einkommen,88737417.00246869,CHF,chf,nur_arbeitnehmende,12,2003,Generation Z,5,pop_weighted
2015,ahv_einnahmen,<20,0,19,sum_einkommen,89968957.39392687,CHF,chf,nur_arbeitnehmende,13,2002,Generation Z,5,pop_weighted
2015,ahv_einnahmen,<20,0,19,sum_einkommen,90367446.66475569,CHF,chf,nur_arbeitnehmende,14,2001,Generation Z,5,pop_weighted
2015,ahv_einnahmen,<20,0,19,sum_einkommen,95866260.42176533,CHF,chf,nur_arbeitnehmende,15,2000,Generation Z,5,pop_weighted
2015,ahv_einnahmen,<20,0,19,sum_einkommen,95423807.69531466,CHF,chf,nur_arbeitnehmende,16,1999,Generation Z,5,pop_weighted
2015,ahv_einnahmen,<20,0,19,sum_einkommen,97109073.49415219,CHF,chf,nur_arbeitnehmende,17,1998,Generation Z,5,pop_weighted
2015,ahv_einnahmen,<20,0,19,sum_einkommen,99230592.04492958,CHF,chf,nur_arbeitnehmende,18,1997,Generation Z,5,pop_weighted
2015,ahv_einnahmen,<20,0,19,sum_einkommen,103165884.95713145,CHF,chf,nur_arbeitnehmende,19,1996,Millennials,4,pop_weighted
2015,ahv_einnahmen,<20,0,19,sum_beitrag_ahv,4019801.946587981,CHF,chf,nur_arbeitnehmende,0,2015,Generation Alpha,6,pop_weighted
2015,ahv_einnahmen,<20,0,19,sum_beitrag_ahv,8019103.395639067,CHF,chf,nur_arbeitnehmende,1,2014,Generation Alpha,6,pop_weighted
2015,ahv_einnahmen,<20,0,19,sum_beitrag_ahv,7941835.931481528,CHF,chf,nur_arbeitnehmende,2,2013,Generation Alpha,6,pop_weighted
2015,ahv_einnahmen,<20,0,19,sum_beitrag_ahv,7977534.25744647,CHF,chf,nur_arbeitnehmende,3,2012,Generation Z,5,pop_weighted
2015,ahv_einnahmen,<20,0,19,sum_beitrag_ahv,7888146.406754416,CHF,chf,nur_arbeitnehmende,4,2011,Generation Z,5,pop_weighted
2015,ahv_einnahmen,<20,0,19,sum_beitrag_ahv,8009586.998399075,CHF,chf,nur_arbeitnehmende,5,2010,Generation Z,5,pop_weighted
2015,ahv_einnahmen,<20,0,19,sum_beitrag_ahv,7863621.562125981,CHF,chf,nur_arbeitnehmende,6,2009,Generation Z,5,pop_weighted
2015,ahv_einnahmen,<20,0,19,sum_beitrag_ahv,7810026.72791867,CHF,chf,nur_arbeitnehmende,7,2008,Generation Z,5,pop_weighted
2015,ahv_einnahmen,<20,0,19,sum_beitrag_ahv,7668653.78185592,CHF,chf,nur_arbeitnehmende,8,2007,Generation Z,5,pop_weighted
2015,ahv_einnahmen,<20,0,19,sum_beitrag_ahv,7593516.854393903,CHF,chf,nur_arbeitnehmende,9,2006,Generation Z,5,pop_weighted
2015,ahv_einnahmen,<20,0,19,sum_beitrag_ahv,7576756.632389142,CHF,chf,nur_arbeitnehmende,10,2005,Generation Z,5,pop_weighted
2015,ahv_einnahmen,<20,0,19,sum_beitrag_ahv,7574199.988354518,CHF,chf,nur_arbeitnehmende,11,2004,Generation Z,5,pop_weighted
2015,ahv_einnahmen,<20,0,19,sum_beitrag_ahv,7453943.02820737,CHF,chf,nur_arbeitnehmende,12,2003,Generation Z,5,pop_weighted
2015,ahv_einnahmen,<20,0,19,sum_beitrag_ahv,7557392.421089858,CHF,chf,nur_arbeitnehmende,13,2002,Generation Z,5,pop_weighted
2015,ahv_einnahmen,<20,0,19,sum_beitrag_ahv,7590865.519839478,CHF,chf,nur_arbeitnehmende,14,2001,Generation Z,5,pop_weighted
2015,ahv_einnahmen,<20,0,19,sum_beitrag_ahv,8052765.875428288,CHF,chf,nur_arbeitnehmende,15,2000,Generation Z,5,pop_weighted
2015,ahv_einnahmen,<20,0,19,sum_beitrag_ahv,8015599.846406432,CHF,chf,nur_arbeitnehmende,16,1999,Generation Z,5,pop_weighted
2015,ahv_einnahmen,<20,0,19,sum_beitrag_ahv,8157162.173508784,CHF,chf,nur_arbeitnehmende,17,1998,Generation Z,5,pop_weighted
2015,ahv_einnahmen,<20,0,19,sum_beitrag_ahv,8335369.731774085,CHF,chf,nur_arbeitnehmende,18,1997,Generation Z,5,pop_weighted
2015,ahv_einnahmen,<20,0,19,sum_beitrag_ahv,8665934.336399041,CHF,chf,nur_arbeitnehmende,19,1996,Millennials,4,pop_weighted
2015,ahv_einnahmen,20-24,20,24,n_personen,90886.29892276318,Anzahl,count,nur_arbeitnehmende,20,1995,Millennials,4,pop_weighted
2015,ahv_einnahmen,20-24,20,24,n_personen,92775.41446429428,Anzahl,count,nur_arbeitnehmende,21,1994,Millennials,4,pop_weighted
2015,ahv_einnahmen,20-24,20,24,n_personen,95290.78879363553,Anzahl,count,nur_arbeitnehmende,22,1993,Millennials,4,pop_weighted
2015,ahv_einnahmen,20-24,20,24,n_personen,100375.20271007853,Anzahl,count,nur_arbeitnehmende,23,1992,Millennials,4,pop_weighted
2015,ahv_einnahmen,20-24,20,24,n_personen,103262.2951092285,Anzahl,count,nur_arbeitnehmende,24,1991,Millennials,4,pop_weighted
2015,ahv_einnahmen,20-24,20,24,sum_einkommen,2722936953.3981576,CHF,chf,nur_arbeitnehmende,20,1995,Millennials,4,pop_weighted
2015,ahv_einnahmen,20-24,20,24,sum_einkommen,2779534510.7664604,CHF,chf,nur_arbeitnehmende,21,1994,Millennials,4,pop_weighted
2015,ahv_einnahmen,20-24,20,24,sum_einkommen,2854894667.2936063,CHF,chf,nur_arbeitnehmende,22,1993,Millennials,4,pop_weighted
2015,ahv_einnahmen,20-24,20,24,sum_einkommen,3007222781.690913,CHF,chf,nur_arbeitnehmende,23,1992,Millennials,4,pop_weighted
2015,ahv_einnahmen,20-24,20,24,sum_einkommen,3093719543.850863,CHF,chf,nur_arbeitnehmende,24,1991,Millennials,4,pop_weighted
2015,ahv_einnahmen,20-24,20,24,sum_beitrag_ahv,228726704.08544523,CHF,chf,nur_arbeitnehmende,20,1995,Millennials,4,pop_weighted
2015,ahv_einnahmen,20-24,20,24,sum_beitrag_ahv,233480898.90438268,CHF,chf,nur_arbeitnehmende,21,1994,Millennials,4,pop_weighted
2015,ahv_einnahmen,20-24,20,24,sum_beitrag_ahv,239811152.05266294,CHF,chf,nur_arbeitnehmende,22,1993,Millennials,4,pop_weighted
2015,ahv_einnahmen,20-24,20,24,sum_beitrag_ahv,252606713.6620367,CHF,chf,nur_arbeitnehmende,23,1992,Millennials,4,pop_weighted
2015,ahv_einnahmen,20-24,20,24,sum_beitrag_ahv,259872441.68347248,CHF,chf,nur_arbeitnehmende,24,1991,Millennials,4,pop_weighted
2015,ahv_einnahmen,25-29,25,29,n_personen,114750.45803041515,Anzahl,count,nur_arbeitnehmende,25,1990,Millennials,4,pop_weighted
2015,ahv_einnahmen,25-29,25,29,n_personen,115792.86079967686,Anzahl,count,nur_arbeitnehmende,26,1989,Millennials,4,pop_weighted
2015,ahv_einnahmen,25-29,25,29,n_personen,119760.19864942339,Anzahl,count,nur_arbeitnehmende,27,1988,Millennials,4,pop_weighted
2015,ahv_einnahmen,25-29,25,29,n_personen,118841.4072968452,Anzahl,count,nur_arbeitnehmende,28,1987,Millennials,4,pop_weighted
2015,ahv_einnahmen,25-29,25,29,n_personen,121686.07522363943,Anzahl,count,nur_arbeitnehmende,29,1986,Millennials,4,pop_weighted
2015,ahv_einnahmen,25-29,25,29,sum_einkommen,5706549827.9769,CHF,chf,nur_arbeitnehmende,25,1990,Millennials,4,pop_weighted
2015,ahv_einnahmen,25-29,25,29,sum_einkommen,5758388604.446413,CHF,chf,nur_arbeitnehmende,26,1989,Millennials,4,pop_weighted
2015,ahv_einnahmen,25-29,25,29,sum_einkommen,5955684645.8966055,CHF,chf,nur_arbeitnehmende,27,1988,Millennials,4,pop_weighted
2015,ahv_einnahmen,25-29,25,29,sum_einkommen,5909993075.466341,CHF,chf,nur_arbeitnehmende,28,1987,Millennials,4,pop_weighted
2015,ahv_einnahmen,25-29,25,29,sum_einkommen,6051458648.21374,CHF,chf,nur_arbeitnehmende,29,1986,Millennials,4,pop_weighted
2015,ahv_einnahmen,25-29,25,29,sum_beitrag_ahv,479350185.55005956,CHF,chf,nur_arbeitnehmende,25,1990,Millennials,4,pop_weighted
2015,ahv_einnahmen,25-29,25,29,sum_beitrag_ahv,483704642.7734987,CHF,chf,nur_arbeitnehmende,26,1989,Millennials,4,pop_weighted
2015,ahv_einnahmen,25-29,25,29,sum_beitrag_ahv,500277510.2553148,CHF,chf,nur_arbeitnehmende,27,1988,Millennials,4,pop_weighted
2015,ahv_einnahmen,25-29,25,29,sum_beitrag_ahv,496439418.33917266,CHF,chf,nur_arbeitnehmende,28,1987,Millennials,4,pop_weighted
2015,ahv_einnahmen,25-29,25,29,sum_beitrag_ahv,508322526.4499542,CHF,chf,nur_arbeitnehmende,29,1986,Millennials,4,pop_weighted
2015,ahv_einnahmen,30-34,30,34,n_personen,118872.30379739245,Anzahl,count,nur_arbeitnehmende,30,1985,Millennials,4,pop_weighted
2015,ahv_einnahmen,30-34,30,34,n_personen,120539.75670904075,Anzahl,count,nur_arbeitnehmende,31,1984,Millennials,4,pop_weighted
2015,ahv_einnahmen,30-34,30,34,n_personen,120000.68264661035,Anzahl,count,nur_arbeitnehmende,32,1983,Millennials,4,pop_weighted
2015,ahv_einnahmen,30-34,30,34,n_personen,122833.2812263359,Anzahl,count,nur_arbeitnehmende,33,1982,Millennials,4,pop_weighted
2015,ahv_einnahmen,30-34,30,34,n_personen,122272.97562062053,Anzahl,count,nur_arbeitnehmende,34,1981,Millennials,4,pop_weighted
2015,ahv_einnahmen,30-34,30,34,sum_einkommen,7480975174.913442,CHF,chf,nur_arbeitnehmende,30,1985,Millennials,4,pop_weighted
2015,ahv_einnahmen,30-34,30,34,sum_einkommen,7585912771.299554,CHF,chf,nur_arbeitnehmende,31,1984,Millennials,4,pop_weighted
2015,ahv_einnahmen,30-34,30,34,sum_einkommen,7551987293.71013,CHF,chf,nur_arbeitnehmende,32,1983,Millennials,4,pop_weighted
2015,ahv_einnahmen,30-34,30,34,sum_einkommen,7730250850.30393,CHF,chf,nur_arbeitnehmende,33,1982,Millennials,4,pop_weighted
2015,ahv_einnahmen,30-34,30,34,sum_einkommen,7694989210.772944,CHF,chf,nur_arbeitnehmende,34,1981,Millennials,4,pop_weighted
2015,ahv_einnahmen,30-34,30,34,sum_beitrag_ahv,628401914.692729,CHF,chf,nur_arbeitnehmende,30,1985,Millennials,4,pop_weighted
2015,ahv_einnahmen,30-34,30,34,sum_beitrag_ahv,637216672.7891625,CHF,chf,nur_arbeitnehmende,31,1984,Millennials,4,pop_weighted
2015,ahv_einnahmen,30-34,30,34,sum_beitrag_ahv,634366932.6716509,CHF,chf,nur_arbeitnehmende,32,1983,Millennials,4,pop_weighted
2015,ahv_einnahmen,30-34,30,34,sum_beitrag_ahv,649341071.4255301,CHF,chf,nur_arbeitnehmende,33,1982,Millennials,4,pop_weighted
2015,ahv_einnahmen,30-34,30,34,sum_beitrag_ahv,646379093.7049273,CHF,chf,nur_arbeitnehmende,34,1981,Millennials,4,pop_weighted
2015,ahv_einnahmen,35-39,35,39,n_personen,117840.18935814683,Anzahl,count,nur_arbeitnehmende,35,1980,Generation X,3,pop_weighted
2015,ahv_einnahmen,35-39,35,39,n_personen,114584.38401932924,Anzahl,count,nur_arbeitnehmende,36,1979,Generation X,3,pop_weighted
2015,ahv_einnahmen,35-39,35,39,n_personen,113342.84751123833,Anzahl,count,nur_arbeitnehmende,37,1978,Generation X,3,pop_weighted
2015,ahv_einnahmen,35-39,35,39,n_personen,113374.63084584547,Anzahl,count,nur_arbeitnehmende,38,1977,Generation X,3,pop_weighted
2015,ahv_einnahmen,35-39,35,39,n_personen,112667.94826544012,Anzahl,count,nur_arbeitnehmende,39,1976,Generation X,3,pop_weighted
2015,ahv_einnahmen,35-39,35,39,sum_einkommen,8417855295.426502,CHF,chf,nur_arbeitnehmende,35,1980,Generation X,3,pop_weighted
2015,ahv_einnahmen,35-39,35,39,sum_einkommen,8185278460.973641,CHF,chf,nur_arbeitnehmende,36,1979,Generation X,3,pop_weighted
2015,ahv_einnahmen,35-39,35,39,sum_einkommen,8096589918.244514,CHF,chf,nur_arbeitnehmende,37,1978,Generation X,3,pop_weighted
2015,ahv_einnahmen,35-39,35,39,sum_einkommen,8098860344.93838,CHF,chf,nur_arbeitnehmende,38,1977,Generation X,3,pop_weighted
2015,ahv_einnahmen,35-39,35,39,sum_einkommen,8048378826.416962,CHF,chf,nur_arbeitnehmende,39,1976,Generation X,3,pop_weighted
2015,ahv_einnahmen,35-39,35,39,sum_beitrag_ahv,707099844.8158262,CHF,chf,nur_arbeitnehmende,35,1980,Generation X,3,pop_weighted
2015,ahv_einnahmen,35-39,35,39,sum_beitrag_ahv,687563390.7217859,CHF,chf,nur_arbeitnehmende,36,1979,Generation X,3,pop_weighted
2015,ahv_einnahmen,35-39,35,39,sum_beitrag_ahv,680113553.1325393,CHF,chf,nur_arbeitnehmende,37,1978,Generation X,3,pop_weighted
2015,ahv_einnahmen,35-39,35,39,sum_beitrag_ahv,680304268.974824,CHF,chf,nur_arbeitnehmende,38,1977,Generation X,3,pop_weighted
2015,ahv_einnahmen,35-39,35,39,sum_beitrag_ahv,676063821.4190248,CHF,chf,nur_arbeitnehmende,39,1976,Generation X,3,pop_weighted
2015,ahv_einnahmen,40-44,40,44,n_personen,109025.5401565987,Anzahl,count,nur_arbeitnehmende,40,1975,Generation X,3,pop_weighted
2015,ahv_einnahmen,40-44,40,44,n_personen,111561.1862840438,Anzahl,count,nur_arbeitnehmende,41,1974,Generation X,3,pop_weighted
2015,ahv_einnahmen,40-44,40,44,n_personen,112137.75483787534,Anzahl,count,nur_arbeitnehmende,42,1973,Generation X,3,pop_weighted
2015,ahv_einnahmen,40-44,40,44,n_personen,115548.87733726064,Anzahl,count,nur_arbeitnehmende,43,1972,Generation X,3,pop_weighted
2015,ahv_einnahmen,40-44,40,44,n_personen,119294.64138422154,Anzahl,count,nur_arbeitnehmende,44,1971,Generation X,3,pop_weighted
2015,ahv_einnahmen,40-44,40,44,sum_einkommen,8639529040.588394,CHF,chf,nur_arbeitnehmende,40,1975,Generation X,3,pop_weighted
2015,ahv_einnahmen,40-44,40,44,sum_einkommen,8840461669.064728,CHF,chf,nur_arbeitnehmende,41,1974,Generation X,3,pop_weighted
2015,ahv_einnahmen,40-44,40,44,sum_einkommen,8886150787.023354,CHF,chf,nur_arbeitnehmende,42,1973,Generation X,3,pop_weighted
2015,ahv_einnahmen,40-44,40,44,sum_einkommen,9156458935.48209,CHF,chf,nur_arbeitnehmende,43,1972,Generation X,3,pop_weighted
2015,ahv_einnahmen,40-44,40,44,sum_einkommen,9453285139.841434,CHF,chf,nur_arbeitnehmende,44,1971,Generation X,3,pop_weighted
2015,ahv_einnahmen,40-44,40,44,sum_beitrag_ahv,725720439.409425,CHF,chf,nur_arbeitnehmende,40,1975,Generation X,3,pop_weighted
2015,ahv_einnahmen,40-44,40,44,sum_beitrag_ahv,742598780.2014371,CHF,chf,nur_arbeitnehmende,41,1974,Generation X,3,pop_weighted
2015,ahv_einnahmen,40-44,40,44,sum_beitrag_ahv,746436666.1099617,CHF,chf,nur_arbeitnehmende,42,1973,Generation X,3,pop_weighted
2015,ahv_einnahmen,40-44,40,44,sum_beitrag_ahv,769142550.5804955,CHF,chf,nur_arbeitnehmende,43,1972,Generation X,3,pop_weighted
2015,ahv_einnahmen,40-44,40,44,sum_beitrag_ahv,794075951.7466805,CHF,chf,nur_arbeitnehmende,44,1971,Generation X,3,pop_weighted
2015,ahv_einnahmen,45-49,45,49,n_personen,117870.2464469421,Anzahl,count,nur_arbeitnehmende,45,1970,Generation X,3,pop_weighted
2015,ahv_einnahmen,45-49,45,49,n_personen,120911.16666500746,Anzahl,count,nur_arbeitnehmende,46,1969,Generation X,3,pop_weighted
2015,ahv_einnahmen,45-49,45,49,n_personen,123635.38318348168,Anzahl,count,nur_arbeitnehmende,47,1968,Generation X,3,pop_weighted
2015,ahv_einnahmen,45-49,45,49,n_personen,124768.55184412874,Anzahl,count,nur_arbeitnehmende,48,1967,Generation X,3,pop_weighted
2015,ahv_einnahmen,45-49,45,49,n_personen,127326.65186044002,Anzahl,count,nur_arbeitnehmende,49,1966,Generation X,3,pop_weighted
2015,ahv_einnahmen,45-49,45,49,sum_einkommen,9854847889.12655,CHF,chf,nur_arbeitnehmende,45,1970,Generation X,3,pop_weighted
2015,ahv_einnahmen,45-49,45,49,sum_einkommen,10109091916.736126,CHF,chf,nur_arbeitnehmende,46,1969,Generation X,3,pop_weighted
2015,ahv_einnahmen,45-49,45,49,sum_einkommen,10336857109.529663,CHF,chf,nur_arbeitnehmende,47,1968,Generation X,3,pop_weighted
2015,ahv_einnahmen,45-49,45,49,sum_einkommen,10431598616.568327,CHF,chf,nur_arbeitnehmende,48,1967,Generation X,3,pop_weighted
2015,ahv_einnahmen,45-49,45,49,sum_einkommen,10645475208.039335,CHF,chf,nur_arbeitnehmende,49,1966,Generation X,3,pop_weighted
2015,ahv_einnahmen,45-49,45,49,sum_beitrag_ahv,827807222.6866302,CHF,chf,nur_arbeitnehmende,45,1970,Generation X,3,pop_weighted
2015,ahv_einnahmen,45-49,45,49,sum_beitrag_ahv,849163721.0058346,CHF,chf,nur_arbeitnehmende,46,1969,Generation X,3,pop_weighted
2015,ahv_einnahmen,45-49,45,49,sum_beitrag_ahv,868295997.2004915,CHF,chf,nur_arbeitnehmende,47,1968,Generation X,3,pop_weighted
2015,ahv_einnahmen,45-49,45,49,sum_beitrag_ahv,876254283.7917393,CHF,chf,nur_arbeitnehmende,48,1967,Generation X,3,pop_weighted
2015,ahv_einnahmen,45-49,45,49,sum_beitrag_ahv,894219917.475304,CHF,chf,nur_arbeitnehmende,49,1966,Generation X,3,pop_weighted
2015,ahv_einnahmen,50-54,50,54,n_personen,121947.39132001268,Anzahl,count,nur_arbeitnehmende,50,1965,Generation X,3,pop_weighted
2015,ahv_einnahmen,50-54,50,54,n_personen,123751.39208924286,Anzahl,count,nur_arbeitnehmende,51,1964,Babyboomers,2,pop_weighted
2015,ahv_einnahmen,50-54,50,54,n_personen,119963.35055385334,Anzahl,count,nur_arbeitnehmende,52,1963,Babyboomers,2,pop_weighted
2015,ahv_einnahmen,50-54,50,54,n_personen,115294.01323349556,Anzahl,count,nur_arbeitnehmende,53,1962,Babyboomers,2,pop_weighted
2015,ahv_einnahmen,50-54,50,54,n_personen,111195.85280339557,Anzahl,count,nur_arbeitnehmende,54,1961,Babyboomers,2,pop_weighted
2015,ahv_einnahmen,50-54,50,54,sum_einkommen,10345990765.007246,CHF,chf,nur_arbeitnehmende,50,1965,Generation X,3,pop_weighted
2015,ahv_einnahmen,50-54,50,54,sum_einkommen,10499041806.907297,CHF,chf,nur_arbeitnehmende,51,1964,Babyboomers,2,pop_weighted
2015,ahv_einnahmen,50-54,50,54,sum_einkommen,10177665168.027346,CHF,chf,nur_arbeitnehmende,52,1963,Babyboomers,2,pop_weighted
2015,ahv_einnahmen,50-54,50,54,sum_einkommen,9781519582.03155,CHF,chf,nur_arbeitnehmende,53,1962,Babyboomers,2,pop_weighted
2015,ahv_einnahmen,50-54,50,54,sum_einkommen,9433832522.026564,CHF,chf,nur_arbeitnehmende,54,1961,Babyboomers,2,pop_weighted
2015,ahv_einnahmen,50-54,50,54,sum_beitrag_ahv,869063224.2606086,CHF,chf,nur_arbeitnehmende,50,1965,Generation X,3,pop_weighted
2015,ahv_einnahmen,50-54,50,54,sum_beitrag_ahv,881919511.780213,CHF,chf,nur_arbeitnehmende,51,1964,Babyboomers,2,pop_weighted
2015,ahv_einnahmen,50-54,50,54,sum_beitrag_ahv,854923874.114297,CHF,chf,nur_arbeitnehmende,52,1963,Babyboomers,2,pop_weighted
2015,ahv_einnahmen,50-54,50,54,sum_beitrag_ahv,821647644.89065,CHF,chf,nur_arbeitnehmende,53,1962,Babyboomers,2,pop_weighted
2015,ahv_einnahmen,50-54,50,54,sum_beitrag_ahv,792441931.8502313,CHF,chf,nur_arbeitnehmende,54,1961,Babyboomers,2,pop_weighted
2015,ahv_einnahmen,55-59,55,59,n_personen,99293.76650438708,Anzahl,count,nur_arbeitnehmende,55,1960,Babyboomers,2,pop_weighted
2015,ahv_einnahmen,55-59,55,59,n_personen,96100.61530296298,Anzahl,count,nur_arbeitnehmende,56,1959,Babyboomers,2,pop_weighted
2015,ahv_einnahmen,55-59,55,59,n_personen,92325.49988646068,Anzahl,count,nur_arbeitnehmende,57,1958,Babyboomers,2,pop_weighted
2015,ahv_einnahmen,55-59,55,59,n_personen,89861.5618415276,Anzahl,count,nur_arbeitnehmende,58,1957,Babyboomers,2,pop_weighted
2015,ahv_einnahmen,55-59,55,59,n_personen,86897.55646466167,Anzahl,count,nur_arbeitnehmende,59,1956,Babyboomers,2,pop_weighted
2015,ahv_einnahmen,55-59,55,59,sum_einkommen,8318505943.592848,CHF,chf,nur_arbeitnehmende,55,1960,Babyboomers,2,pop_weighted
2015,ahv_einnahmen,55-59,55,59,sum_einkommen,8050994213.673091,CHF,chf,nur_arbeitnehmende,56,1959,Babyboomers,2,pop_weighted
2015,ahv_einnahmen,55-59,55,59,sum_einkommen,7734727431.422104,CHF,chf,nur_arbeitnehmende,57,1958,Babyboomers,2,pop_weighted
2015,ahv_einnahmen,55-59,55,59,sum_einkommen,7528306786.974955,CHF,chf,nur_arbeitnehmende,58,1957,Babyboomers,2,pop_weighted
2015,ahv_einnahmen,55-59,55,59,sum_einkommen,7279992142.337004,CHF,chf,nur_arbeitnehmende,59,1956,Babyboomers,2,pop_weighted
2015,ahv_einnahmen,55-59,55,59,sum_beitrag_ahv,698754499.2617992,CHF,chf,nur_arbeitnehmende,55,1960,Babyboomers,2,pop_weighted
2015,ahv_einnahmen,55-59,55,59,sum_beitrag_ahv,676283513.9485396,CHF,chf,nur_arbeitnehmende,56,1959,Babyboomers,2,pop_weighted
2015,ahv_einnahmen,55-59,55,59,sum_beitrag_ahv,649717104.2394567,CHF,chf,nur_arbeitnehmende,57,1958,Babyboomers,2,pop_weighted
2015,ahv_einnahmen,55-59,55,59,sum_beitrag_ahv,632377770.1058961,CHF,chf,nur_arbeitnehmende,58,1957,Babyboomers,2,pop_weighted
2015,ahv_einnahmen,55-59,55,59,sum_beitrag_ahv,611519339.9563084,CHF,chf,nur_arbeitnehmende,59,1956,Babyboomers,2,pop_weighted
2015,ahv_einnahmen,60-64,60,64,n_personen,65867.6580688953,Anzahl,count,nur_arbeitnehmende,60,1955,Babyboomers,2,pop_weighted
2015,ahv_einnahmen,60-64,60,64,n_personen,63640.63583913117,Anzahl,count,nur_arbeitnehmende,61,1954,Babyboomers,2,pop_weighted
2015,ahv_einnahmen,60-64,60,64,n_personen,61311.64012387578,Anzahl,count,nur_arbeitnehmende,62,1953,Babyboomers,2,pop_weighted
2015,ahv_einnahmen,60-64,60,64,n_personen,60511.59091294756,Anzahl,count,nur_arbeitnehmende,63,1952,Babyboomers,2,pop_weighted
2015,ahv_einnahmen,60-64,60,64,n_personen,57828.47505515018,Anzahl,count,nur_arbeitnehmende,64,1951,Babyboomers,2,pop_weighted
2015,ahv_einnahmen,60-64,60,64,sum_einkommen,4763086450.36859,CHF,chf,nur_arbeitnehmende,60,1955,Babyboomers,2,pop_weighted
2015,ahv_einnahmen,60-64,60,64,sum_einkommen,4602043842.839352,CHF,chf,nur_arbeitnehmende,61,1954,Babyboomers,2,pop_weighted
2015,ahv_einnahmen,60-64,60,64,sum_einkommen,4433627228.987735,CHF,chf,nur_arbeitnehmende,62,1953,Babyboomers,2,pop_weighted
2015,ahv_einnahmen,60-64,60,64,sum_einkommen,4375773288.70927,CHF,chf,nur_arbeitnehmende,63,1952,Babyboomers,2,pop_weighted
2015,ahv_einnahmen,60-64,60,64,sum_einkommen,4181749193.0950537,CHF,chf,nur_arbeitnehmende,64,1951,Babyboomers,2,pop_weighted
2015,ahv_einnahmen,60-64,60,64,sum_beitrag_ahv,400099261.8309615,CHF,chf,nur_arbeitnehmende,60,1955,Babyboomers,2,pop_weighted
2015,ahv_einnahmen,60-64,60,64,sum_beitrag_ahv,386571682.79850554,CHF,chf,nur_arbeitnehmende,61,1954,Babyboomers,2,pop_weighted
2015,ahv_einnahmen,60-64,60,64,sum_beitrag_ahv,372424687.23496974,CHF,chf,nur_arbeitnehmende,62,1953,Babyboomers,2,pop_weighted
2015,ahv_einnahmen,60-64,60,64,sum_beitrag_ahv,367564956.2515786,CHF,chf,nur_arbeitnehmende,63,1952,Babyboomers,2,pop_weighted
2015,ahv_einnahmen,60-64,60,64,sum_beitrag_ahv,351266932.2199845,CHF,chf,nur_arbeitnehmende,64,1951,Babyboomers,2,pop_weighted
2015,ahv_einnahmen,65-69,65,69,n_personen,13151.475089593625,Anzahl,count,nur_arbeitnehmende,65,1950,Babyboomers,2,pop_weighted
2015,ahv_einnahmen,65-69,65,69,n_personen,12812.10060714069,Anzahl,count,nur_arbeitnehmende,66,1949,Babyboomers,2,pop_weighted
2015,ahv_einnahmen,65-69,65,69,n_personen,12867.015571938899,Anzahl,count,nur_arbeitnehmende,67,1948,Babyboomers,2,pop_weighted
2015,ahv_einnahmen,65-69,65,69,n_personen,12605.547119546356,Anzahl,count,nur_arbeitnehmende,68,1947,Babyboomers,2,pop_weighted
2015,ahv_einnahmen,65-69,65,69,n_personen,12492.86161178043,Anzahl,count,nur_arbeitnehmende,69,1946,Babyboomers,2,pop_weighted
2015,ahv_einnahmen,65-69,65,69,sum_einkommen,623747933.0229056,CHF,chf,nur_arbeitnehmende,65,1950,Babyboomers,2,pop_weighted
2015,ahv_einnahmen,65-69,65,69,sum_einkommen,607652085.9404565,CHF,chf,nur_arbeitnehmende,66,1949,Babyboomers,2,pop_weighted
2015,ahv_einnahmen,65-69,65,69,sum_einkommen,610256591.9408528,CHF,chf,nur_arbeitnehmende,67,1948,Babyboomers,2,pop_weighted
2015,ahv_einnahmen,65-69,65,69,sum_einkommen,597855670.7042992,CHF,chf,nur_arbeitnehmende,68,1947,Babyboomers,2,pop_weighted
2015,ahv_einnahmen,65-69,65,69,sum_einkommen,592511224.391486,CHF,chf,nur_arbeitnehmende,69,1946,Babyboomers,2,pop_weighted
2015,ahv_einnahmen,65-69,65,69,sum_beitrag_ahv,52394826.37392407,CHF,chf,nur_arbeitnehmende,65,1950,Babyboomers,2,pop_weighted
2015,ahv_einnahmen,65-69,65,69,sum_beitrag_ahv,51042775.21899834,CHF,chf,nur_arbeitnehmende,66,1949,Babyboomers,2,pop_weighted
2015,ahv_einnahmen,65-69,65,69,sum_beitrag_ahv,51261553.72303163,CHF,chf,nur_arbeitnehmende,67,1948,Babyboomers,2,pop_weighted
2015,ahv_einnahmen,65-69,65,69,sum_beitrag_ahv,50219876.339161135,CHF,chf,nur_arbeitnehmende,68,1947,Babyboomers,2,pop_weighted
2015,ahv_einnahmen,65-69,65,69,sum_beitrag_ahv,49770942.84888483,CHF,chf,nur_arbeitnehmende,69,1946,Babyboomers,2,pop_weighted
2015,ahv_einnahmen,70-74,70,74,n_personen,3304.925033134526,Anzahl,count,nur_arbeitnehmende,70,1945,Silent Generation,1,pop_weighted
2015,ahv_einnahmen,70-74,70,74,n_personen,3231.0926858205607,Anzahl,count,nur_arbeitnehmende,71,1944,Silent Generation,1,pop_weighted
2015,ahv_einnahmen,70-74,70,74,n_personen,3090.0529257252188,Anzahl,count,nur_arbeitnehmende,72,1943,Silent Generation,1,pop_weighted
2015,ahv_einnahmen,70-74,70,74,n_personen,2925.428398693858,Anzahl,count,nur_arbeitnehmende,73,1942,Silent Generation,1,pop_weighted
2015,ahv_einnahmen,70-74,70,74,n_personen,2705.5009566258364,Anzahl,count,nur_arbeitnehmende,74,1941,Silent Generation,1,pop_weighted
2015,ahv_einnahmen,70-74,70,74,sum_einkommen,147273196.79340622,CHF,chf,nur_arbeitnehmende,70,1945,Silent Generation,1,pop_weighted
2015,ahv_einnahmen,70-74,70,74,sum_einkommen,143983099.22487655,CHF,chf,nur_arbeitnehmende,71,1944,Silent Generation,1,pop_weighted
2015,ahv_einnahmen,70-74,70,74,sum_einkommen,137698122.67140973,CHF,chf,nur_arbeitnehmende,72,1943,Silent Generation,1,pop_weighted
2015,ahv_einnahmen,70-74,70,74,sum_einkommen,130362167.96035346,CHF,chf,nur_arbeitnehmende,73,1942,Silent Generation,1,pop_weighted
2015,ahv_einnahmen,70-74,70,74,sum_einkommen,120561819.34995404,CHF,chf,nur_arbeitnehmende,74,1941,Silent Generation,1,pop_weighted
2015,ahv_einnahmen,70-74,70,74,sum_beitrag_ahv,12370948.530646125,CHF,chf,nur_arbeitnehmende,70,1945,Silent Generation,1,pop_weighted
2015,ahv_einnahmen,70-74,70,74,sum_beitrag_ahv,12094580.334889632,CHF,chf,nur_arbeitnehmende,71,1944,Silent Generation,1,pop_weighted
2015,ahv_einnahmen,70-74,70,74,sum_beitrag_ahv,11566642.304398417,CHF,chf,nur_arbeitnehmende,72,1943,Silent Generation,1,pop_weighted
2015,ahv_einnahmen,70-74,70,74,sum_beitrag_ahv,10950422.10866969,CHF,chf,nur_arbeitnehmende,73,1942,Silent Generation,1,pop_weighted
2015,ahv_einnahmen,70-74,70,74,sum_beitrag_ahv,10127192.82539614,CHF,chf,nur_arbeitnehmende,74,1941,Silent Generation,1,pop_weighted
2015,ahv_einnahmen,75+,75,100,n_personen,582.3920958547936,Anzahl,count,nur_arbeitnehmende,75,1940,Silent Generation,1,pop_weighted
2015,ahv_einnahmen,75+,75,100,n_personen,559.4433640953035,Anzahl,count,nur_arbeitnehmende,76,1939,Silent Generation,1,pop_weighted
2015,ahv_einnahmen,75+,75,100,n_personen,533.0318541332798,Anzahl,count,nur_arbeitnehmende,77,1938,Silent Generation,1,pop_weighted
2015,ahv_einnahmen,75+,75,100,n_personen,502.5844496876353,Anzahl,count,nur_arbeitnehmende,78,1937,Silent Generation,1,pop_weighted
2015,ahv_einnahmen,75+,75,100,n_personen,490.4815823399756,Anzahl,count,nur_arbeitnehmende,79,1936,Silent Generation,1,pop_weighted
2015,ahv_einnahmen,75+,75,100,n_personen,473.44220920984435,Anzahl,count,nur_arbeitnehmende,80,1935,Silent Generation,1,pop_weighted
2015,ahv_einnahmen,75+,75,100,n_personen,446.73210084927103,Anzahl,count,nur_arbeitnehmende,81,1934,Silent Generation,1,pop_weighted
2015,ahv_einnahmen,75+,75,100,n_personen,414.3293585034475,Anzahl,count,nur_arbeitnehmende,82,1933,Silent Generation,1,pop_weighted
2015,ahv_einnahmen,75+,75,100,n_personen,392.2571575267964,Anzahl,count,nur_arbeitnehmende,83,1932,Silent Generation,1,pop_weighted
2015,ahv_einnahmen,75+,75,100,n_personen,361.4196487217565,Anzahl,count,nur_arbeitnehmende,84,1931,Silent Generation,1,pop_weighted
2015,ahv_einnahmen,75+,75,100,n_personen,339.2318612682475,Anzahl,count,nur_arbeitnehmende,85,1930,Silent Generation,1,pop_weighted
2015,ahv_einnahmen,75+,75,100,n_personen,301.37729009729435,Anzahl,count,nur_arbeitnehmende,86,1929,Silent Generation,1,pop_weighted
2015,ahv_einnahmen,75+,75,100,n_personen,268.94565113225644,Anzahl,count,nur_arbeitnehmende,87,1928,Silent Generation,1,pop_weighted
2015,ahv_einnahmen,75+,75,100,n_personen,232.62260077967008,Anzahl,count,nur_arbeitnehmende,88,1927,Silent Generation,1,pop_weighted
2015,ahv_einnahmen,75+,75,100,n_personen,207.70408281039383,Anzahl,count,nur_arbeitnehmende,89,1926,Silent Generation,1,pop_weighted
2015,ahv_einnahmen,75+,75,100,n_personen,176.73653921888894,Anzahl,count,nur_arbeitnehmende,90,1925,Silent Generation,1,pop_weighted
2015,ahv_einnahmen,75+,75,100,n_personen,148.66828975523563,Anzahl,count,nur_arbeitnehmende,91,1924,Silent Generation,1,pop_weighted
2015,ahv_einnahmen,75+,75,100,n_personen,120.98532854777527,Anzahl,count,nur_arbeitnehmende,92,1923,Silent Generation,1,pop_weighted
2015,ahv_einnahmen,75+,75,100,n_personen,94.81462374587204,Anzahl,count,nur_arbeitnehmende,93,1922,Silent Generation,1,pop_weighted
2015,ahv_einnahmen,75+,75,100,n_personen,77.09136396099831,Anzahl,count,nur_arbeitnehmende,94,1921,Silent Generation,1,pop_weighted
2015,ahv_einnahmen,75+,75,100,n_personen,55.05287570676402,Anzahl,count,nur_arbeitnehmende,95,1920,Silent Generation,1,pop_weighted
2015,ahv_einnahmen,75+,75,100,n_personen,34.74818460539781,Anzahl,count,nur_arbeitnehmende,96,1919,Silent Generation,1,pop_weighted
2015,ahv_einnahmen,75+,75,100,n_personen,23.80118202631684,Anzahl,count,nur_arbeitnehmende,97,1918,Silent Generation,1,pop_weighted
2015,ahv_einnahmen,75+,75,100,n_personen,16.297693236959972,Anzahl,count,nur_arbeitnehmende,98,1917,Silent Generation,1,pop_weighted
2015,ahv_einnahmen,75+,75,100,n_personen,30.80861218582534,Anzahl,count,nur_arbeitnehmende,99,1916,Silent Generation,1,pop_weighted
2015,ahv_einnahmen,75+,75,100,n_personen,0.0,Anzahl,count,nur_arbeitnehmende,100,1915,Silent Generation,1,pop_weighted
2015,ahv_einnahmen,75+,75,100,sum_einkommen,27585694.484891005,CHF,chf,nur_arbeitnehmende,75,1940,Silent Generation,1,pop_weighted
2015,ahv_einnahmen,75+,75,100,sum_einkommen,26498700.503278237,CHF,chf,nur_arbeitnehmende,76,1939,Silent Generation,1,pop_weighted
2015,ahv_einnahmen,75+,75,100,sum_einkommen,25247687.912477728,CHF,chf,nur_arbeitnehmende,77,1938,Silent Generation,1,pop_weighted
2015,ahv_einnahmen,75+,75,100,sum_einkommen,23805510.37800639,CHF,chf,nur_arbeitnehmende,78,1937,Silent Generation,1,pop_weighted
2015,ahv_einnahmen,75+,75,100,sum_einkommen,23232243.667451743,CHF,chf,nur_arbeitnehmende,79,1936,Silent Generation,1,pop_weighted
2015,ahv_einnahmen,75+,75,100,sum_einkommen,22425153.48760999,CHF,chf,nur_arbeitnehmende,80,1935,Silent Generation,1,pop_weighted
2015,ahv_einnahmen,75+,75,100,sum_einkommen,21159997.428423334,CHF,chf,nur_arbeitnehmende,81,1934,Silent Generation,1,pop_weighted
2015,ahv_einnahmen,75+,75,100,sum_einkommen,19625202.988068514,CHF,chf,nur_arbeitnehmende,82,1933,Silent Generation,1,pop_weighted
2015,ahv_einnahmen,75+,75,100,sum_einkommen,18579726.929782826,CHF,chf,nur_arbeitnehmende,83,1932,Silent Generation,1,pop_weighted
2015,ahv_einnahmen,75+,75,100,sum_einkommen,17119071.63822636,CHF,chf,nur_arbeitnehmende,84,1931,Silent Generation,1,pop_weighted
2015,ahv_einnahmen,75+,75,100,sum_einkommen,16068120.688952481,CHF,chf,nur_arbeitnehmende,85,1930,Silent Generation,1,pop_weighted
2015,ahv_einnahmen,75+,75,100,sum_einkommen,14275093.890321556,CHF,chf,nur_arbeitnehmende,86,1929,Silent Generation,1,pop_weighted
2015,ahv_einnahmen,75+,75,100,sum_einkommen,12738930.727219693,CHF,chf,nur_arbeitnehmende,87,1928,Silent Generation,1,pop_weighted
2015,ahv_einnahmen,75+,75,100,sum_einkommen,11018446.234182231,CHF,chf,nur_arbeitnehmende,88,1927,Silent Generation,1,pop_weighted
2015,ahv_einnahmen,75+,75,100,sum_einkommen,9838150.985312458,CHF,chf,nur_arbeitnehmende,89,1926,Silent Generation,1,pop_weighted
2015,ahv_einnahmen,75+,75,100,sum_einkommen,8371336.441394285,CHF,chf,nur_arbeitnehmende,90,1925,Silent Generation,1,pop_weighted
2015,ahv_einnahmen,75+,75,100,sum_einkommen,7041850.413096443,CHF,chf,nur_arbeitnehmende,91,1924,Silent Generation,1,pop_weighted
2015,ahv_einnahmen,75+,75,100,sum_einkommen,5730614.021425889,CHF,chf,nur_arbeitnehmende,92,1923,Silent Generation,1,pop_weighted
2015,ahv_einnahmen,75+,75,100,sum_einkommen,4491007.453517434,CHF,chf,nur_arbeitnehmende,93,1922,Silent Generation,1,pop_weighted
2015,ahv_einnahmen,75+,75,100,sum_einkommen,3651524.1686622426,CHF,chf,nur_arbeitnehmende,94,1921,Silent Generation,1,pop_weighted
2015,ahv_einnahmen,75+,75,100,sum_einkommen,2607644.9535814393,CHF,chf,nur_arbeitnehmende,95,1920,Silent Generation,1,pop_weighted
2015,ahv_einnahmen,75+,75,100,sum_einkommen,1645889.1033234259,CHF,chf,nur_arbeitnehmende,96,1919,Silent Generation,1,pop_weighted
2015,ahv_einnahmen,75+,75,100,sum_einkommen,1127371.3026506405,CHF,chf,nur_arbeitnehmende,97,1918,Silent Generation,1,pop_weighted
2015,ahv_einnahmen,75+,75,100,sum_einkommen,771959.6293342306,CHF,chf,nur_arbeitnehmende,98,1917,Silent Generation,1,pop_weighted
2015,ahv_einnahmen,75+,75,100,sum_einkommen,1459286.568809419,CHF,chf,nur_arbeitnehmende,99,1916,Silent Generation,1,pop_weighted
2015,ahv_einnahmen,75+,75,100,sum_einkommen,0.0,CHF,chf,nur_arbeitnehmende,100,1915,Silent Generation,1,pop_weighted
2015,ahv_einnahmen,75+,75,100,sum_beitrag_ahv,2317198.336730845,CHF,chf,nur_arbeitnehmende,75,1940,Silent Generation,1,pop_weighted
2015,ahv_einnahmen,75+,75,100,sum_beitrag_ahv,2225890.8422753722,CHF,chf,nur_arbeitnehmende,76,1939,Silent Generation,1,pop_weighted
2015,ahv_einnahmen,75+,75,100,sum_beitrag_ahv,2120805.7846481293,CHF,chf,nur_arbeitnehmende,77,1938,Silent Generation,1,pop_weighted
2015,ahv_einnahmen,75+,75,100,sum_beitrag_ahv,1999662.871752537,CHF,chf,nur_arbeitnehmende,78,1937,Silent Generation,1,pop_weighted
2015,ahv_einnahmen,75+,75,100,sum_beitrag_ahv,1951508.4680659466,CHF,chf,nur_arbeitnehmende,79,1936,Silent Generation,1,pop_weighted
2015,ahv_einnahmen,75+,75,100,sum_beitrag_ahv,1883712.8929592392,CHF,chf,nur_arbeitnehmende,80,1935,Silent Generation,1,pop_weighted
2015,ahv_einnahmen,75+,75,100,sum_beitrag_ahv,1777439.78398756,CHF,chf,nur_arbeitnehmende,81,1934,Silent Generation,1,pop_weighted
2015,ahv_einnahmen,75+,75,100,sum_beitrag_ahv,1648517.0509977553,CHF,chf,nur_arbeitnehmende,82,1933,Silent Generation,1,pop_weighted
2015,ahv_einnahmen,75+,75,100,sum_beitrag_ahv,1560697.0621017574,CHF,chf,nur_arbeitnehmende,83,1932,Silent Generation,1,pop_weighted
2015,ahv_einnahmen,75+,75,100,sum_beitrag_ahv,1438002.0176110142,CHF,chf,nur_arbeitnehmende,84,1931,Silent Generation,1,pop_weighted
2015,ahv_einnahmen,75+,75,100,sum_beitrag_ahv,1349722.1378720086,CHF,chf,nur_arbeitnehmende,85,1930,Silent Generation,1,pop_weighted
2015,ahv_einnahmen,75+,75,100,sum_beitrag_ahv,1199107.8867870108,CHF,chf,nur_arbeitnehmende,86,1929,Silent Generation,1,pop_weighted
2015,ahv_einnahmen,75+,75,100,sum_beitrag_ahv,1070070.1810864543,CHF,chf,nur_arbeitnehmende,87,1928,Silent Generation,1,pop_weighted
2015,ahv_einnahmen,75+,75,100,sum_beitrag_ahv,925549.4836713074,CHF,chf,nur_arbeitnehmende,88,1927,Silent Generation,1,pop_weighted
2015,ahv_einnahmen,75+,75,100,sum_beitrag_ahv,826404.6827662466,CHF,chf,nur_arbeitnehmende,89,1926,Silent Generation,1,pop_weighted
2015,ahv_einnahmen,75+,75,100,sum_beitrag_ahv,703192.26107712,CHF,chf,nur_arbeitnehmende,90,1925,Silent Generation,1,pop_weighted
2015,ahv_einnahmen,75+,75,100,sum_beitrag_ahv,591515.4347001013,CHF,chf,nur_arbeitnehmende,91,1924,Silent Generation,1,pop_weighted
2015,ahv_einnahmen,75+,75,100,sum_beitrag_ahv,481371.57779977465,CHF,chf,nur_arbeitnehmende,92,1923,Silent Generation,1,pop_weighted
2015,ahv_einnahmen,75+,75,100,sum_beitrag_ahv,377244.6260954645,CHF,chf,nur_arbeitnehmende,93,1922,Silent Generation,1,pop_weighted
2015,ahv_einnahmen,75+,75,100,sum_beitrag_ahv,306728.03016762837,CHF,chf,nur_arbeitnehmende,94,1921,Silent Generation,1,pop_weighted
2015,ahv_einnahmen,75+,75,100,sum_beitrag_ahv,219042.1761008409,CHF,chf,nur_arbeitnehmende,95,1920,Silent Generation,1,pop_weighted
2015,ahv_einnahmen,75+,75,100,sum_beitrag_ahv,138254.68467916778,CHF,chf,nur_arbeitnehmende,96,1919,Silent Generation,1,pop_weighted
2015,ahv_einnahmen,75+,75,100,sum_beitrag_ahv,94699.18942265381,CHF,chf,nur_arbeitnehmende,97,1918,Silent Generation,1,pop_weighted
2015,ahv_einnahmen,75+,75,100,sum_beitrag_ahv,64844.608864075366,CHF,chf,nur_arbeitnehmende,98,1917,Silent Generation,1,pop_weighted
2015,ahv_einnahmen,75+,75,100,sum_beitrag_ahv,122580.0717799912,CHF,chf,nur_arbeitnehmende,99,1916,Silent Generation,1,pop_weighted
2015,ahv_einnahmen,75+,75,100,sum_beitrag_ahv,0.0,CHF,chf,nur_arbeitnehmende,100,1915,Silent Generation,1,pop_weighted
2016,ahv_einnahmen,<20,0,19,n_personen,3772.9549531335083,Anzahl,count,nur_arbeitnehmende,0,2016,Generation Alpha,6,pop_weighted
2016,ahv_einnahmen,<20,0,19,n_personen,7514.387002294536,Anzahl,count,nur_arbeitnehmende,1,2015,Generation Alpha,6,pop_weighted
2016,ahv_einnahmen,<20,0,19,n_personen,7531.263342007958,Anzahl,count,nur_arbeitnehmende,2,2014,Generation Alpha,6,pop_weighted
2016,ahv_einnahmen,<20,0,19,n_personen,7396.952161698024,Anzahl,count,nur_arbeitnehmende,3,2013,Generation Alpha,6,pop_weighted
2016,ahv_einnahmen,<20,0,19,n_personen,7428.387623495824,Anzahl,count,nur_arbeitnehmende,4,2012,Generation Z,5,pop_weighted
2016,ahv_einnahmen,<20,0,19,n_personen,7348.071986051374,Anzahl,count,nur_arbeitnehmende,5,2011,Generation Z,5,pop_weighted
2016,ahv_einnahmen,<20,0,19,n_personen,7462.227745097351,Anzahl,count,nur_arbeitnehmende,6,2010,Generation Z,5,pop_weighted
2016,ahv_einnahmen,<20,0,19,n_personen,7338.059857050405,Anzahl,count,nur_arbeitnehmende,7,2009,Generation Z,5,pop_weighted
2016,ahv_einnahmen,<20,0,19,n_personen,7284.720130495028,Anzahl,count,nur_arbeitnehmende,8,2008,Generation Z,5,pop_weighted
2016,ahv_einnahmen,<20,0,19,n_personen,7151.283371931902,Anzahl,count,nur_arbeitnehmende,9,2007,Generation Z,5,pop_weighted
2016,ahv_einnahmen,<20,0,19,n_personen,7080.8049791390595,Anzahl,count,nur_arbeitnehmende,10,2006,Generation Z,5,pop_weighted
2016,ahv_einnahmen,<20,0,19,n_personen,7063.141659853508,Anzahl,count,nur_arbeitnehmende,11,2005,Generation Z,5,pop_weighted
2016,ahv_einnahmen,<20,0,19,n_personen,7058.113734809353,Anzahl,count,nur_arbeitnehmende,12,2004,Generation Z,5,pop_weighted
2016,ahv_einnahmen,<20,0,19,n_personen,6945.051002946889,Anzahl,count,nur_arbeitnehmende,13,2003,Generation Z,5,pop_weighted
2016,ahv_einnahmen,<20,0,19,n_personen,7047.402068410937,Anzahl,count,nur_arbeitnehmende,14,2002,Generation Z,5,pop_weighted
2016,ahv_einnahmen,<20,0,19,n_personen,7084.215223951615,Anzahl,count,nur_arbeitnehmende,15,2001,Generation Z,5,pop_weighted
2016,ahv_einnahmen,<20,0,19,n_personen,7524.836342168909,Anzahl,count,nur_arbeitnehmende,16,2000,Generation Z,5,pop_weighted
2016,ahv_einnahmen,<20,0,19,n_personen,7509.840009211126,Anzahl,count,nur_arbeitnehmende,17,1999,Generation Z,5,pop_weighted
2016,ahv_einnahmen,<20,0,19,n_personen,7687.347623813449,Anzahl,count,nur_arbeitnehmende,18,1998,Generation Z,5,pop_weighted
2016,ahv_einnahmen,<20,0,19,n_personen,7926.939182439245,Anzahl,count,nur_arbeitnehmende,19,1997,Generation Z,5,pop_weighted
2016,ahv_einnahmen,<20,0,19,sum_einkommen,47404805.58988071,CHF,chf,nur_arbeitnehmende,0,2016,Generation Alpha,6,pop_weighted
2016,ahv_einnahmen,<20,0,19,sum_einkommen,94413545.7209881,CHF,chf,nur_arbeitnehmende,1,2015,Generation Alpha,6,pop_weighted
2016,ahv_einnahmen,<20,0,19,sum_einkommen,94625586.31334108,CHF,chf,nur_arbeitnehmende,2,2014,Generation Alpha,6,pop_weighted
2016,ahv_einnahmen,<20,0,19,sum_einkommen,92938050.82186854,CHF,chf,nur_arbeitnehmende,3,2013,Generation Alpha,6,pop_weighted
2016,ahv_einnahmen,<20,0,19,sum_einkommen,93333017.62472296,CHF,chf,nur_arbeitnehmende,4,2012,Generation Z,5,pop_weighted
2016,ahv_einnahmen,<20,0,19,sum_einkommen,92323902.16318811,CHF,chf,nur_arbeitnehmende,5,2011,Generation Z,5,pop_weighted
2016,ahv_einnahmen,<20,0,19,sum_einkommen,93758197.46534787,CHF,chf,nur_arbeitnehmende,6,2010,Generation Z,5,pop_weighted
2016,ahv_einnahmen,<20,0,19,sum_einkommen,92198106.06047092,CHF,chf,nur_arbeitnehmende,7,2009,Generation Z,5,pop_weighted
2016,ahv_einnahmen,<20,0,19,sum_einkommen,91527925.94992518,CHF,chf,nur_arbeitnehmende,8,2008,Generation Z,5,pop_weighted
2016,ahv_einnahmen,<20,0,19,sum_einkommen,89851377.01764193,CHF,chf,nur_arbeitnehmende,9,2007,Generation Z,5,pop_weighted
2016,ahv_einnahmen,<20,0,19,sum_einkommen,88965860.34698643,CHF,chf,nur_arbeitnehmende,10,2006,Generation Z,5,pop_weighted
2016,ahv_einnahmen,<20,0,19,sum_einkommen,88743931.8513631,CHF,chf,nur_arbeitnehmende,11,2005,Generation Z,5,pop_weighted
2016,ahv_einnahmen,<20,0,19,sum_einkommen,88680759.13602476,CHF,chf,nur_arbeitnehmende,12,2004,Generation Z,5,pop_weighted
2016,ahv_einnahmen,<20,0,19,sum_einkommen,87260197.03285159,CHF,chf,nur_arbeitnehmende,13,2003,Generation Z,5,pop_weighted
2016,ahv_einnahmen,<20,0,19,sum_einkommen,88546173.78595614,CHF,chf,nur_arbeitnehmende,14,2002,Generation Z,5,pop_weighted
2016,ahv_einnahmen,<20,0,19,sum_einkommen,89008707.92782459,CHF,chf,nur_arbeitnehmende,15,2001,Generation Z,5,pop_weighted
2016,ahv_einnahmen,<20,0,19,sum_einkommen,94544835.10329992,CHF,chf,nur_arbeitnehmende,16,2000,Generation Z,5,pop_weighted
2016,ahv_einnahmen,<20,0,19,sum_einkommen,94356415.61320385,CHF,chf,nur_arbeitnehmende,17,1999,Generation Z,5,pop_weighted
2016,ahv_einnahmen,<20,0,19,sum_einkommen,96586687.12862654,CHF,chf,nur_arbeitnehmende,18,1998,Generation Z,5,pop_weighted
2016,ahv_einnahmen,<20,0,19,sum_einkommen,99597004.3464877,CHF,chf,nur_arbeitnehmende,19,1997,Generation Z,5,pop_weighted
2016,ahv_einnahmen,<20,0,19,sum_beitrag_ahv,3982003.6695499797,CHF,chf,nur_arbeitnehmende,0,2016,Generation Alpha,6,pop_weighted
2016,ahv_einnahmen,<20,0,19,sum_beitrag_ahv,7930737.840562999,CHF,chf,nur_arbeitnehmende,1,2015,Generation Alpha,6,pop_weighted
2016,ahv_einnahmen,<20,0,19,sum_beitrag_ahv,7948549.250320651,CHF,chf,nur_arbeitnehmende,2,2014,Generation Alpha,6,pop_weighted
2016,ahv_einnahmen,<20,0,19,sum_beitrag_ahv,7806796.269036957,CHF,chf,nur_arbeitnehmende,3,2013,Generation Alpha,6,pop_weighted
2016,ahv_einnahmen,<20,0,19,sum_beitrag_ahv,7839973.480476729,CHF,chf,nur_arbeitnehmende,4,2012,Generation Z,5,pop_weighted
2016,ahv_einnahmen,<20,0,19,sum_beitrag_ahv,7755207.781707801,CHF,chf,nur_arbeitnehmende,5,2011,Generation Z,5,pop_weighted
2016,ahv_einnahmen,<20,0,19,sum_beitrag_ahv,7875688.587089221,CHF,chf,nur_arbeitnehmende,6,2010,Generation Z,5,pop_weighted
2016,ahv_einnahmen,<20,0,19,sum_beitrag_ahv,7744640.909079557,CHF,chf,nur_arbeitnehmende,7,2009,Generation Z,5,pop_weighted
2016,ahv_einnahmen,<20,0,19,sum_beitrag_ahv,7688345.779793716,CHF,chf,nur_arbeitnehmende,8,2008,Generation Z,5,pop_weighted
2016,ahv_einnahmen,<20,0,19,sum_beitrag_ahv,7547515.669481923,CHF,chf,nur_arbeitnehmende,9,2007,Generation Z,5,pop_weighted
2016,ahv_einnahmen,<20,0,19,sum_beitrag_ahv,7473132.26914686,CHF,chf,nur_arbeitnehmende,10,2006,Generation Z,5,pop_weighted
2016,ahv_einnahmen,<20,0,19,sum_beitrag_ahv,7454490.275514499,CHF,chf,nur_arbeitnehmende,11,2005,Generation Z,5,pop_weighted
2016,ahv_einnahmen,<20,0,19,sum_beitrag_ahv,7449183.76742608,CHF,chf,nur_arbeitnehmende,12,2004,Generation Z,5,pop_weighted
2016,ahv_einnahmen,<20,0,19,sum_beitrag_ahv,7329856.550759534,CHF,chf,nur_arbeitnehmende,13,2003,Generation Z,5,pop_weighted
2016,ahv_einnahmen,<20,0,19,sum_beitrag_ahv,7437878.598020317,CHF,chf,nur_arbeitnehmende,14,2002,Generation Z,5,pop_weighted
2016,ahv_einnahmen,<20,0,19,sum_beitrag_ahv,7476731.465937266,CHF,chf,nur_arbeitnehmende,15,2001,Generation Z,5,pop_weighted
2016,ahv_einnahmen,<20,0,19,sum_beitrag_ahv,7941766.148677193,CHF,chf,nur_arbeitnehmende,16,2000,Generation Z,5,pop_weighted
2016,ahv_einnahmen,<20,0,19,sum_beitrag_ahv,7925938.911509124,CHF,chf,nur_arbeitnehmende,17,1999,Generation Z,5,pop_weighted
2016,ahv_einnahmen,<20,0,19,sum_beitrag_ahv,8113281.7188046295,CHF,chf,nur_arbeitnehmende,18,1998,Generation Z,5,pop_weighted
2016,ahv_einnahmen,<20,0,19,sum_beitrag_ahv,8366148.365104967,CHF,chf,nur_arbeitnehmende,19,1997,Generation Z,5,pop_weighted
2016,ahv_einnahmen,20-24,20,24,n_personen,91168.32371258637,Anzahl,count,nur_arbeitnehmende,20,1996,Millennials,4,pop_weighted
2016,ahv_einnahmen,20-24,20,24,n_personen,91716.18047516393,Anzahl,count,nur_arbeitnehmende,21,1995,Millennials,4,pop_weighted
2016,ahv_einnahmen,20-24,20,24,n_personen,93713.64581449954,Anzahl,count,nur_arbeitnehmende,22,1994,Millennials,4,pop_weighted
2016,ahv_einnahmen,20-24,20,24,n_personen,96692.58657854154,Anzahl,count,nur_arbeitnehmende,23,1993,Millennials,4,pop_weighted
2016,ahv_einnahmen,20-24,20,24,n_personen,102062.26341920863,Anzahl,count,nur_arbeitnehmende,24,1992,Millennials,4,pop_weighted
2016,ahv_einnahmen,20-24,20,24,sum_einkommen,2694483152.732105,CHF,chf,nur_arbeitnehmende,20,1996,Millennials,4,pop_weighted
2016,ahv_einnahmen,20-24,20,24,sum_einkommen,2710675079.453598,CHF,chf,nur_arbeitnehmende,21,1995,Millennials,4,pop_weighted
2016,ahv_einnahmen,20-24,20,24,sum_einkommen,2769710240.8543234,CHF,chf,nur_arbeitnehmende,22,1994,Millennials,4,pop_weighted
2016,ahv_einnahmen,20-24,20,24,sum_einkommen,2857752944.447325,CHF,chf,nur_arbeitnehmende,23,1993,Millennials,4,pop_weighted
2016,ahv_einnahmen,20-24,20,24,sum_einkommen,3016453940.512648,CHF,chf,nur_arbeitnehmende,24,1992,Millennials,4,pop_weighted
2016,ahv_einnahmen,20-24,20,24,sum_beitrag_ahv,226336584.8294968,CHF,chf,nur_arbeitnehmende,20,1996,Millennials,4,pop_weighted
2016,ahv_einnahmen,20-24,20,24,sum_beitrag_ahv,227696706.67410225,CHF,chf,nur_arbeitnehmende,21,1995,Millennials,4,pop_weighted
2016,ahv_einnahmen,20-24,20,24,sum_beitrag_ahv,232655660.23176318,CHF,chf,nur_arbeitnehmende,22,1994,Millennials,4,pop_weighted
2016,ahv_einnahmen,20-24,20,24,sum_beitrag_ahv,240051247.33357534,CHF,chf,nur_arbeitnehmende,23,1993,Millennials,4,pop_weighted
2016,ahv_einnahmen,20-24,20,24,sum_beitrag_ahv,253382131.00306243,CHF,chf,nur_arbeitnehmende,24,1992,Millennials,4,pop_weighted
2016,ahv_einnahmen,25-29,25,29,n_personen,114933.6633320034,Anzahl,count,nur_arbeitnehmende,25,1991,Millennials,4,pop_weighted
2016,ahv_einnahmen,25-29,25,29,n_personen,117910.35640106288,Anzahl,count,nur_arbeitnehmende,26,1990,Millennials,4,pop_weighted
2016,ahv_einnahmen,25-29,25,29,n_personen,118937.88488092592,Anzahl,count,nur_arbeitnehmende,27,1989,Millennials,4,pop_weighted
2016,ahv_einnahmen,25-29,25,29,n_personen,122742.02838301858,Anzahl,count,nur_arbeitnehmende,28,1988,Millennials,4,pop_weighted
2016,ahv_einnahmen,25-29,25,29,n_personen,121641.06700298924,Anzahl,count,nur_arbeitnehmende,29,1987,Millennials,4,pop_weighted
2016,ahv_einnahmen,25-29,25,29,sum_einkommen,5686163238.4625025,CHF,chf,nur_arbeitnehmende,25,1991,Millennials,4,pop_weighted
2016,ahv_einnahmen,25-29,25,29,sum_einkommen,5833430472.541512,CHF,chf,nur_arbeitnehmende,26,1990,Millennials,4,pop_weighted
2016,ahv_einnahmen,25-29,25,29,sum_einkommen,5884265837.040361,CHF,chf,nur_arbeitnehmende,27,1989,Millennials,4,pop_weighted
2016,ahv_einnahmen,25-29,25,29,sum_einkommen,6072469887.171008,CHF,chf,nur_arbeitnehmende,28,1988,Millennials,4,pop_weighted
2016,ahv_einnahmen,25-29,25,29,sum_einkommen,6018001544.784617,CHF,chf,nur_arbeitnehmende,29,1987,Millennials,4,pop_weighted
2016,ahv_einnahmen,25-29,25,29,sum_beitrag_ahv,477637712.03085023,CHF,chf,nur_arbeitnehmende,25,1991,Millennials,4,pop_weighted
2016,ahv_einnahmen,25-29,25,29,sum_beitrag_ahv,490008159.693487,CHF,chf,nur_arbeitnehmende,26,1990,Millennials,4,pop_weighted
2016,ahv_einnahmen,25-29,25,29,sum_beitrag_ahv,494278330.3113904,CHF,chf,nur_arbeitnehmende,27,1989,Millennials,4,pop_weighted
2016,ahv_einnahmen,25-29,25,29,sum_beitrag_ahv,510087470.52236474,CHF,chf,nur_arbeitnehmende,28,1988,Millennials,4,pop_weighted
2016,ahv_einnahmen,25-29,25,29,sum_beitrag_ahv,505512129.7619079,CHF,chf,nur_arbeitnehmende,29,1987,Millennials,4,pop_weighted
2016,ahv_einnahmen,30-34,30,34,n_personen,120296.52086838338,Anzahl,count,nur_arbeitnehmende,30,1986,Millennials,4,pop_weighted
2016,ahv_einnahmen,30-34,30,34,n_personen,121038.61733567808,Anzahl,count,nur_arbeitnehmende,31,1985,Millennials,4,pop_weighted
2016,ahv_einnahmen,30-34,30,34,n_personen,122554.80608457369,Anzahl,count,nur_arbeitnehmende,32,1984,Millennials,4,pop_weighted
2016,ahv_einnahmen,30-34,30,34,n_personen,121684.72636005431,Anzahl,count,nur_arbeitnehmende,33,1983,Millennials,4,pop_weighted
2016,ahv_einnahmen,30-34,30,34,n_personen,124226.32935131055,Anzahl,count,nur_arbeitnehmende,34,1982,Millennials,4,pop_weighted
2016,ahv_einnahmen,30-34,30,34,sum_einkommen,7564796760.665056,CHF,chf,nur_arbeitnehmende,30,1986,Millennials,4,pop_weighted
2016,ahv_einnahmen,30-34,30,34,sum_einkommen,7611463188.849077,CHF,chf,nur_arbeitnehmende,31,1985,Millennials,4,pop_weighted
2016,ahv_einnahmen,30-34,30,34,sum_einkommen,7706808088.713233,CHF,chf,nur_arbeitnehmende,32,1984,Millennials,4,pop_weighted
2016,ahv_einnahmen,30-34,30,34,sum_einkommen,7652093486.544764,CHF,chf,nur_arbeitnehmende,33,1983,Millennials,4,pop_weighted
2016,ahv_einnahmen,30-34,30,34,sum_einkommen,7811921135.227869,CHF,chf,nur_arbeitnehmende,34,1982,Millennials,4,pop_weighted
2016,ahv_einnahmen,30-34,30,34,sum_beitrag_ahv,635442927.8958647,CHF,chf,nur_arbeitnehmende,30,1986,Millennials,4,pop_weighted
2016,ahv_einnahmen,30-34,30,34,sum_beitrag_ahv,639362907.8633225,CHF,chf,nur_arbeitnehmende,31,1985,Millennials,4,pop_weighted
2016,ahv_einnahmen,30-34,30,34,sum_beitrag_ahv,647371879.4519116,CHF,chf,nur_arbeitnehmende,32,1984,Millennials,4,pop_weighted
2016,ahv_einnahmen,30-34,30,34,sum_beitrag_ahv,642775852.8697602,CHF,chf,nur_arbeitnehmende,33,1983,Millennials,4,pop_weighted
2016,ahv_einnahmen,30-34,30,34,sum_beitrag_ahv,656201375.359141,CHF,chf,nur_arbeitnehmende,34,1982,Millennials,4,pop_weighted
2016,ahv_einnahmen,35-39,35,39,n_personen,118918.41810874785,Anzahl,count,nur_arbeitnehmende,35,1981,Millennials,4,pop_weighted
2016,ahv_einnahmen,35-39,35,39,n_personen,119362.47530609813,Anzahl,count,nur_arbeitnehmende,36,1980,Generation X,3,pop_weighted
2016,ahv_einnahmen,35-39,35,39,n_personen,115961.51375100046,Anzahl,count,nur_arbeitnehmende,37,1979,Generation X,3,pop_weighted
2016,ahv_einnahmen,35-39,35,39,n_personen,114598.5462459343,Anzahl,count,nur_arbeitnehmende,38,1978,Generation X,3,pop_weighted
2016,ahv_einnahmen,35-39,35,39,n_personen,114523.04658821927,Anzahl,count,nur_arbeitnehmende,39,1977,Generation X,3,pop_weighted
2016,ahv_einnahmen,35-39,35,39,sum_einkommen,8459968607.30726,CHF,chf,nur_arbeitnehmende,35,1981,Millennials,4,pop_weighted
2016,ahv_einnahmen,35-39,35,39,sum_einkommen,8491559255.83066,CHF,chf,nur_arbeitnehmende,36,1980,Generation X,3,pop_weighted
2016,ahv_einnahmen,35-39,35,39,sum_einkommen,8249611637.88914,CHF,chf,nur_arbeitnehmende,37,1979,Generation X,3,pop_weighted
2016,ahv_einnahmen,35-39,35,39,sum_einkommen,8152648841.973918,CHF,chf,nur_arbeitnehmende,38,1978,Generation X,3,pop_weighted
2016,ahv_einnahmen,35-39,35,39,sum_einkommen,8147277724.9990225,CHF,chf,nur_arbeitnehmende,39,1977,Generation X,3,pop_weighted
2016,ahv_einnahmen,35-39,35,39,sum_beitrag_ahv,710637363.0138098,CHF,chf,nur_arbeitnehmende,35,1981,Millennials,4,pop_weighted
2016,ahv_einnahmen,35-39,35,39,sum_beitrag_ahv,713290977.4897754,CHF,chf,nur_arbeitnehmende,36,1980,Generation X,3,pop_weighted
2016,ahv_einnahmen,35-39,35,39,sum_beitrag_ahv,692967377.5826877,CHF,chf,nur_arbeitnehmende,37,1979,Generation X,3,pop_weighted
2016,ahv_einnahmen,35-39,35,39,sum_beitrag_ahv,684822502.7258091,CHF,chf,nur_arbeitnehmende,38,1978,Generation X,3,pop_weighted
2016,ahv_einnahmen,35-39,35,39,sum_beitrag_ahv,684371328.8999178,CHF,chf,nur_arbeitnehmende,39,1977,Generation X,3,pop_weighted
2016,ahv_einnahmen,40-44,40,44,n_personen,110871.10218701052,Anzahl,count,nur_arbeitnehmende,40,1976,Generation X,3,pop_weighted
2016,ahv_einnahmen,40-44,40,44,n_personen,110282.38464695941,Anzahl,count,nur_arbeitnehmende,41,1975,Generation X,3,pop_weighted
2016,ahv_einnahmen,40-44,40,44,n_personen,112724.40049565826,Anzahl,count,nur_arbeitnehmende,42,1974,Generation X,3,pop_weighted
2016,ahv_einnahmen,40-44,40,44,n_personen,113301.98275329065,Anzahl,count,nur_arbeitnehmende,43,1973,Generation X,3,pop_weighted
2016,ahv_einnahmen,40-44,40,44,n_personen,116610.12991708114,Anzahl,count,nur_arbeitnehmende,44,1972,Generation X,3,pop_weighted
2016,ahv_einnahmen,40-44,40,44,sum_einkommen,8774424402.489378,CHF,chf,nur_arbeitnehmende,40,1976,Generation X,3,pop_weighted
2016,ahv_einnahmen,40-44,40,44,sum_einkommen,8727832843.032478,CHF,chf,nur_arbeitnehmende,41,1975,Generation X,3,pop_weighted
2016,ahv_einnahmen,40-44,40,44,sum_einkommen,8921095857.753365,CHF,chf,nur_arbeitnehmende,42,1974,Generation X,3,pop_weighted
2016,ahv_einnahmen,40-44,40,44,sum_einkommen,8966806162.38501,CHF,chf,nur_arbeitnehmende,43,1973,Generation X,3,pop_weighted
2016,ahv_einnahmen,40-44,40,44,sum_einkommen,9228615476.33977,CHF,chf,nur_arbeitnehmende,44,1972,Generation X,3,pop_weighted
2016,ahv_einnahmen,40-44,40,44,sum_beitrag_ahv,737051649.8091078,CHF,chf,nur_arbeitnehmende,40,1976,Generation X,3,pop_weighted
2016,ahv_einnahmen,40-44,40,44,sum_beitrag_ahv,733137958.8147283,CHF,chf,nur_arbeitnehmende,41,1975,Generation X,3,pop_weighted
2016,ahv_einnahmen,40-44,40,44,sum_beitrag_ahv,749372052.0512826,CHF,chf,nur_arbeitnehmende,42,1974,Generation X,3,pop_weighted
2016,ahv_einnahmen,40-44,40,44,sum_beitrag_ahv,753211717.6403408,CHF,chf,nur_arbeitnehmende,43,1973,Generation X,3,pop_weighted
2016,ahv_einnahmen,40-44,40,44,sum_beitrag_ahv,775203700.0125406,CHF,chf,nur_arbeitnehmende,44,1972,Generation X,3,pop_weighted
2016,ahv_einnahmen,45-49,45,49,n_personen,117108.33680146151,Anzahl,count,nur_arbeitnehmende,45,1971,Generation X,3,pop_weighted
2016,ahv_einnahmen,45-49,45,49,n_personen,118648.19994826935,Anzahl,count,nur_arbeitnehmende,46,1970,Generation X,3,pop_weighted
2016,ahv_einnahmen,45-49,45,49,n_personen,121641.64487144235,Anzahl,count,nur_arbeitnehmende,47,1969,Generation X,3,pop_weighted
2016,ahv_einnahmen,45-49,45,49,n_personen,124271.57647979942,Anzahl,count,nur_arbeitnehmende,48,1968,Generation X,3,pop_weighted
2016,ahv_einnahmen,45-49,45,49,n_personen,125335.24189902737,Anzahl,count,nur_arbeitnehmende,49,1967,Generation X,3,pop_weighted
2016,ahv_einnahmen,45-49,45,49,sum_einkommen,9811137490.450647,CHF,chf,nur_arbeitnehmende,45,1971,Generation X,3,pop_weighted
2016,ahv_einnahmen,45-49,45,49,sum_einkommen,9940144608.666513,CHF,chf,nur_arbeitnehmende,46,1970,Generation X,3,pop_weighted
2016,ahv_einnahmen,45-49,45,49,sum_einkommen,10190930338.474396,CHF,chf,nur_arbeitnehmende,47,1969,Generation X,3,pop_weighted
2016,ahv_einnahmen,45-49,45,49,sum_einkommen,10411261540.375225,CHF,chf,nur_arbeitnehmende,48,1968,Generation X,3,pop_weighted
2016,ahv_einnahmen,45-49,45,49,sum_einkommen,10500373622.033216,CHF,chf,nur_arbeitnehmende,49,1967,Generation X,3,pop_weighted
2016,ahv_einnahmen,45-49,45,49,sum_beitrag_ahv,824135549.1978544,CHF,chf,nur_arbeitnehmende,45,1971,Generation X,3,pop_weighted
2016,ahv_einnahmen,45-49,45,49,sum_beitrag_ahv,834972147.1279871,CHF,chf,nur_arbeitnehmende,46,1970,Generation X,3,pop_weighted
2016,ahv_einnahmen,45-49,45,49,sum_beitrag_ahv,856038148.4318492,CHF,chf,nur_arbeitnehmende,47,1969,Generation X,3,pop_weighted
2016,ahv_einnahmen,45-49,45,49,sum_beitrag_ahv,874545969.391519,CHF,chf,nur_arbeitnehmende,48,1968,Generation X,3,pop_weighted
2016,ahv_einnahmen,45-49,45,49,sum_beitrag_ahv,882031384.2507902,CHF,chf,nur_arbeitnehmende,49,1967,Generation X,3,pop_weighted
2016,ahv_einnahmen,50-54,50,54,n_personen,122477.92968298333,Anzahl,count,nur_arbeitnehmende,50,1966,Generation X,3,pop_weighted
2016,ahv_einnahmen,50-54,50,54,n_personen,122587.813076545,Anzahl,count,nur_arbeitnehmende,51,1965,Generation X,3,pop_weighted
2016,ahv_einnahmen,50-54,50,54,n_personen,124370.3659054343,Anzahl,count,nur_arbeitnehmende,52,1964,Babyboomers,2,pop_weighted
2016,ahv_einnahmen,50-54,50,54,n_personen,120358.49155284533,Anzahl,count,nur_arbeitnehmende,53,1963,Babyboomers,2,pop_weighted
2016,ahv_einnahmen,50-54,50,54,n_personen,115601.39978219203,Anzahl,count,nur_arbeitnehmende,54,1962,Babyboomers,2,pop_weighted
2016,ahv_einnahmen,50-54,50,54,sum_einkommen,10423928489.911415,CHF,chf,nur_arbeitnehmende,50,1966,Generation X,3,pop_weighted
2016,ahv_einnahmen,50-54,50,54,sum_einkommen,10433280514.7185,CHF,chf,nur_arbeitnehmende,51,1965,Generation X,3,pop_weighted
2016,ahv_einnahmen,50-54,50,54,sum_einkommen,10584991139.366762,CHF,chf,nur_arbeitnehmende,52,1964,Babyboomers,2,pop_weighted
2016,ahv_einnahmen,50-54,50,54,sum_einkommen,10243546019.661188,CHF,chf,nur_arbeitnehmende,53,1963,Babyboomers,2,pop_weighted
2016,ahv_einnahmen,50-54,50,54,sum_einkommen,9838676468.342134,CHF,chf,nur_arbeitnehmende,54,1962,Babyboomers,2,pop_weighted
2016,ahv_einnahmen,50-54,50,54,sum_beitrag_ahv,875609993.1525589,CHF,chf,nur_arbeitnehmende,50,1966,Generation X,3,pop_weighted
2016,ahv_einnahmen,50-54,50,54,sum_beitrag_ahv,876395563.236354,CHF,chf,nur_arbeitnehmende,51,1965,Generation X,3,pop_weighted
2016,ahv_einnahmen,50-54,50,54,sum_beitrag_ahv,889139255.7068081,CHF,chf,nur_arbeitnehmende,52,1964,Babyboomers,2,pop_weighted
2016,ahv_einnahmen,50-54,50,54,sum_beitrag_ahv,860457865.6515398,CHF,chf,nur_arbeitnehmende,53,1963,Babyboomers,2,pop_weighted
2016,ahv_einnahmen,50-54,50,54,sum_beitrag_ahv,826448823.3407394,CHF,chf,nur_arbeitnehmende,54,1962,Babyboomers,2,pop_weighted
2016,ahv_einnahmen,55-59,55,59,n_personen,102868.54443385125,Anzahl,count,nur_arbeitnehmende,55,1961,Babyboomers,2,pop_weighted
2016,ahv_einnahmen,55-59,55,59,n_personen,99854.18404283232,Anzahl,count,nur_arbeitnehmende,56,1960,Babyboomers,2,pop_weighted
2016,ahv_einnahmen,55-59,55,59,n_personen,96558.88409452827,Anzahl,count,nur_arbeitnehmende,57,1959,Babyboomers,2,pop_weighted
2016,ahv_einnahmen,55-59,55,59,n_personen,92659.12578225866,Anzahl,count,nur_arbeitnehmende,58,1958,Babyboomers,2,pop_weighted
2016,ahv_einnahmen,55-59,55,59,n_personen,90135.26164652949,Anzahl,count,nur_arbeitnehmende,59,1957,Babyboomers,2,pop_weighted
2016,ahv_einnahmen,55-59,55,59,sum_einkommen,8646884225.857225,CHF,chf,nur_arbeitnehmende,55,1961,Babyboomers,2,pop_weighted
2016,ahv_einnahmen,55-59,55,59,sum_einkommen,8393504288.777324,CHF,chf,nur_arbeitnehmende,56,1960,Babyboomers,2,pop_weighted
2016,ahv_einnahmen,55-59,55,59,sum_einkommen,8116509243.311494,CHF,chf,nur_arbeitnehmende,57,1959,Babyboomers,2,pop_weighted
2016,ahv_einnahmen,55-59,55,59,sum_einkommen,7788704871.036123,CHF,chf,nur_arbeitnehmende,58,1958,Babyboomers,2,pop_weighted
2016,ahv_einnahmen,55-59,55,59,sum_einkommen,7576554878.017831,CHF,chf,nur_arbeitnehmende,59,1957,Babyboomers,2,pop_weighted
2016,ahv_einnahmen,55-59,55,59,sum_beitrag_ahv,726338274.9720069,CHF,chf,nur_arbeitnehmende,55,1961,Babyboomers,2,pop_weighted
2016,ahv_einnahmen,55-59,55,59,sum_beitrag_ahv,705054360.2572951,CHF,chf,nur_arbeitnehmende,56,1960,Babyboomers,2,pop_weighted
2016,ahv_einnahmen,55-59,55,59,sum_beitrag_ahv,681786776.4381654,CHF,chf,nur_arbeitnehmende,57,1959,Babyboomers,2,pop_weighted
2016,ahv_einnahmen,55-59,55,59,sum_beitrag_ahv,654251209.1670344,CHF,chf,nur_arbeitnehmende,58,1958,Babyboomers,2,pop_weighted
2016,ahv_einnahmen,55-59,55,59,sum_beitrag_ahv,636430609.7534978,CHF,chf,nur_arbeitnehmende,59,1957,Babyboomers,2,pop_weighted
2016,ahv_einnahmen,60-64,60,64,n_personen,69054.34720634707,Anzahl,count,nur_arbeitnehmende,60,1956,Babyboomers,2,pop_weighted
2016,ahv_einnahmen,60-64,60,64,n_personen,65931.50941147872,Anzahl,count,nur_arbeitnehmende,61,1955,Babyboomers,2,pop_weighted
2016,ahv_einnahmen,60-64,60,64,n_personen,63688.46091471898,Anzahl,count,nur_arbeitnehmende,62,1954,Babyboomers,2,pop_weighted
2016,ahv_einnahmen,60-64,60,64,n_personen,61270.44867053876,Anzahl,count,nur_arbeitnehmende,63,1953,Babyboomers,2,pop_weighted
2016,ahv_einnahmen,60-64,60,64,n_personen,60406.23379691645,Anzahl,count,nur_arbeitnehmende,64,1952,Babyboomers,2,pop_weighted
2016,ahv_einnahmen,60-64,60,64,sum_einkommen,5066253819.068782,CHF,chf,nur_arbeitnehmende,60,1956,Babyboomers,2,pop_weighted
2016,ahv_einnahmen,60-64,60,64,sum_einkommen,4837143132.419211,CHF,chf,nur_arbeitnehmende,61,1955,Babyboomers,2,pop_weighted
2016,ahv_einnahmen,60-64,60,64,sum_einkommen,4672579227.715162,CHF,chf,nur_arbeitnehmende,62,1954,Babyboomers,2,pop_weighted
2016,ahv_einnahmen,60-64,60,64,sum_einkommen,4495178900.838898,CHF,chf,nur_arbeitnehmende,63,1953,Babyboomers,2,pop_weighted
2016,ahv_einnahmen,60-64,60,64,sum_einkommen,4431774754.957947,CHF,chf,nur_arbeitnehmende,64,1952,Babyboomers,2,pop_weighted
2016,ahv_einnahmen,60-64,60,64,sum_beitrag_ahv,425565320.8017777,CHF,chf,nur_arbeitnehmende,60,1956,Babyboomers,2,pop_weighted
2016,ahv_einnahmen,60-64,60,64,sum_beitrag_ahv,406320023.12321377,CHF,chf,nur_arbeitnehmende,61,1955,Babyboomers,2,pop_weighted
2016,ahv_einnahmen,60-64,60,64,sum_beitrag_ahv,392496655.1280737,CHF,chf,nur_arbeitnehmende,62,1954,Babyboomers,2,pop_weighted
2016,ahv_einnahmen,60-64,60,64,sum_beitrag_ahv,377595027.6704674,CHF,chf,nur_arbeitnehmende,63,1953,Babyboomers,2,pop_weighted
2016,ahv_einnahmen,60-64,60,64,sum_beitrag_ahv,372269079.4164675,CHF,chf,nur_arbeitnehmende,64,1952,Babyboomers,2,pop_weighted
2016,ahv_einnahmen,65-69,65,69,n_personen,12639.124670209809,Anzahl,count,nur_arbeitnehmende,65,1951,Babyboomers,2,pop_weighted
2016,ahv_einnahmen,65-69,65,69,n_personen,12860.514086237466,Anzahl,count,nur_arbeitnehmende,66,1950,Babyboomers,2,pop_weighted
2016,ahv_einnahmen,65-69,65,69,n_personen,12559.631032983058,Anzahl,count,nur_arbeitnehmende,67,1949,Babyboomers,2,pop_weighted
2016,ahv_einnahmen,65-69,65,69,n_personen,12620.505849413788,Anzahl,count,nur_arbeitnehmende,68,1948,Babyboomers,2,pop_weighted
2016,ahv_einnahmen,65-69,65,69,n_personen,12365.224361155879,Anzahl,count,nur_arbeitnehmende,69,1947,Babyboomers,2,pop_weighted
2016,ahv_einnahmen,65-69,65,69,sum_einkommen,603522892.3793947,CHF,chf,nur_arbeitnehmende,65,1951,Babyboomers,2,pop_weighted
2016,ahv_einnahmen,65-69,65,69,sum_einkommen,614094319.1347712,CHF,chf,nur_arbeitnehmende,66,1950,Babyboomers,2,pop_weighted
2016,ahv_einnahmen,65-69,65,69,sum_einkommen,599727041.7080323,CHF,chf,nur_arbeitnehmende,67,1949,Babyboomers,2,pop_weighted
2016,ahv_einnahmen,65-69,65,69,sum_einkommen,602633836.7784168,CHF,chf,nur_arbeitnehmende,68,1948,Babyboomers,2,pop_weighted
2016,ahv_einnahmen,65-69,65,69,sum_einkommen,590444050.9993851,CHF,chf,nur_arbeitnehmende,69,1947,Babyboomers,2,pop_weighted
2016,ahv_einnahmen,65-69,65,69,sum_beitrag_ahv,50695922.95986915,CHF,chf,nur_arbeitnehmende,65,1951,Babyboomers,2,pop_weighted
2016,ahv_einnahmen,65-69,65,69,sum_beitrag_ahv,51583922.80732079,CHF,chf,nur_arbeitnehmende,66,1950,Babyboomers,2,pop_weighted
2016,ahv_einnahmen,65-69,65,69,sum_beitrag_ahv,50377071.50347471,CHF,chf,nur_arbeitnehmende,67,1949,Babyboomers,2,pop_weighted
2016,ahv_einnahmen,65-69,65,69,sum_beitrag_ahv,50621242.28938701,CHF,chf,nur_arbeitnehmende,68,1948,Babyboomers,2,pop_weighted
2016,ahv_einnahmen,65-69,65,69,sum_beitrag_ahv,49597300.283948354,CHF,chf,nur_arbeitnehmende,69,1947,Babyboomers,2,pop_weighted
2016,ahv_einnahmen,70-74,70,74,n_personen,3444.3025168422114,Anzahl,count,nur_arbeitnehmende,70,1946,Babyboomers,2,pop_weighted
2016,ahv_einnahmen,70-74,70,74,n_personen,3270.797968347746,Anzahl,count,nur_arbeitnehmende,71,1945,Silent Generation,1,pop_weighted
2016,ahv_einnahmen,70-74,70,74,n_personen,3190.4876946634267,Anzahl,count,nur_arbeitnehmende,72,1944,Silent Generation,1,pop_weighted
2016,ahv_einnahmen,70-74,70,74,n_personen,3051.1155237546836,Anzahl,count,nur_arbeitnehmende,73,1943,Silent Generation,1,pop_weighted
2016,ahv_einnahmen,70-74,70,74,n_personen,2883.296296391932,Anzahl,count,nur_arbeitnehmende,74,1942,Silent Generation,1,pop_weighted
2016,ahv_einnahmen,70-74,70,74,sum_einkommen,160048475.54559726,CHF,chf,nur_arbeitnehmende,70,1946,Babyboomers,2,pop_weighted
2016,ahv_einnahmen,70-74,70,74,sum_einkommen,151986135.39081162,CHF,chf,nur_arbeitnehmende,71,1945,Silent Generation,1,pop_weighted
2016,ahv_einnahmen,70-74,70,74,sum_einkommen,148254309.62609646,CHF,chf,nur_arbeitnehmende,72,1944,Silent Generation,1,pop_weighted
2016,ahv_einnahmen,70-74,70,74,sum_einkommen,141778019.17879987,CHF,chf,nur_arbeitnehmende,73,1943,Silent Generation,1,pop_weighted
2016,ahv_einnahmen,70-74,70,74,sum_einkommen,133979862.25869483,CHF,chf,nur_arbeitnehmende,74,1942,Silent Generation,1,pop_weighted
2016,ahv_einnahmen,70-74,70,74,sum_beitrag_ahv,13444071.94583017,CHF,chf,nur_arbeitnehmende,70,1946,Babyboomers,2,pop_weighted
2016,ahv_einnahmen,70-74,70,74,sum_beitrag_ahv,12766835.372828174,CHF,chf,nur_arbeitnehmende,71,1945,Silent Generation,1,pop_weighted
2016,ahv_einnahmen,70-74,70,74,sum_beitrag_ahv,12453362.008592103,CHF,chf,nur_arbeitnehmende,72,1944,Silent Generation,1,pop_weighted
2016,ahv_einnahmen,70-74,70,74,sum_beitrag_ahv,11909353.611019189,CHF,chf,nur_arbeitnehmende,73,1943,Silent Generation,1,pop_weighted
2016,ahv_einnahmen,70-74,70,74,sum_beitrag_ahv,11254308.429730365,CHF,chf,nur_arbeitnehmende,74,1942,Silent Generation,1,pop_weighted
2016,ahv_einnahmen,75+,75,100,n_personen,651.8673583876173,Anzahl,count,nur_arbeitnehmende,75,1941,Silent Generation,1,pop_weighted
2016,ahv_einnahmen,75+,75,100,n_personen,592.6449503437321,Anzahl,count,nur_arbeitnehmende,76,1940,Silent Generation,1,pop_weighted
2016,ahv_einnahmen,75+,75,100,n_personen,567.9539159240819,Anzahl,count,nur_arbeitnehmende,77,1939,Silent Generation,1,pop_weighted
2016,ahv_einnahmen,75+,75,100,n_personen,539.9109533334199,Anzahl,count,nur_arbeitnehmende,78,1938,Silent Generation,1,pop_weighted
2016,ahv_einnahmen,75+,75,100,n_personen,507.859705934373,Anzahl,count,nur_arbeitnehmende,79,1937,Silent Generation,1,pop_weighted
2016,ahv_einnahmen,75+,75,100,n_personen,492.9088035990977,Anzahl,count,nur_arbeitnehmende,80,1936,Silent Generation,1,pop_weighted
2016,ahv_einnahmen,75+,75,100,n_personen,473.6940882989032,Anzahl,count,nur_arbeitnehmende,81,1935,Silent Generation,1,pop_weighted
2016,ahv_einnahmen,75+,75,100,n_personen,444.25824673732745,Anzahl,count,nur_arbeitnehmende,82,1934,Silent Generation,1,pop_weighted
2016,ahv_einnahmen,75+,75,100,n_personen,409.88219414941744,Anzahl,count,nur_arbeitnehmende,83,1933,Silent Generation,1,pop_weighted
2016,ahv_einnahmen,75+,75,100,n_personen,385.06590082950515,Anzahl,count,nur_arbeitnehmende,84,1932,Silent Generation,1,pop_weighted
2016,ahv_einnahmen,75+,75,100,n_personen,351.4514223551883,Anzahl,count,nur_arbeitnehmende,85,1931,Silent Generation,1,pop_weighted
2016,ahv_einnahmen,75+,75,100,n_personen,327.14618534834506,Anzahl,count,nur_arbeitnehmende,86,1930,Silent Generation,1,pop_weighted
2016,ahv_einnahmen,75+,75,100,n_personen,286.4971670353129,Anzahl,count,nur_arbeitnehmende,87,1929,Silent Generation,1,pop_weighted
2016,ahv_einnahmen,75+,75,100,n_personen,252.75742966073395,Anzahl,count,nur_arbeitnehmende,88,1928,Silent Generation,1,pop_weighted
2016,ahv_einnahmen,75+,75,100,n_personen,215.19479065015807,Anzahl,count,nur_arbeitnehmende,89,1927,Silent Generation,1,pop_weighted
2016,ahv_einnahmen,75+,75,100,n_personen,188.22905460174943,Anzahl,count,nur_arbeitnehmende,90,1926,Silent Generation,1,pop_weighted
2016,ahv_einnahmen,75+,75,100,n_personen,157.8662971782347,Anzahl,count,nur_arbeitnehmende,91,1925,Silent Generation,1,pop_weighted
2016,ahv_einnahmen,75+,75,100,n_personen,129.55277536300667,Anzahl,count,nur_arbeitnehmende,92,1924,Silent Generation,1,pop_weighted
2016,ahv_einnahmen,75+,75,100,n_personen,103.2584270200025,Anzahl,count,nur_arbeitnehmende,93,1923,Silent Generation,1,pop_weighted
2016,ahv_einnahmen,75+,75,100,n_personen,78.2066469675976,Anzahl,count,nur_arbeitnehmende,94,1922,Silent Generation,1,pop_weighted
2016,ahv_einnahmen,75+,75,100,n_personen,62.1133834619327,Anzahl,count,nur_arbeitnehmende,95,1921,Silent Generation,1,pop_weighted
2016,ahv_einnahmen,75+,75,100,n_personen,43.04396848604209,Anzahl,count,nur_arbeitnehmende,96,1920,Silent Generation,1,pop_weighted
2016,ahv_einnahmen,75+,75,100,n_personen,26.30937941103562,Anzahl,count,nur_arbeitnehmende,97,1919,Silent Generation,1,pop_weighted
2016,ahv_einnahmen,75+,75,100,n_personen,17.646473868914008,Anzahl,count,nur_arbeitnehmende,98,1918,Silent Generation,1,pop_weighted
2016,ahv_einnahmen,75+,75,100,n_personen,31.68048105427123,Anzahl,count,nur_arbeitnehmende,99,1917,Silent Generation,1,pop_weighted
2016,ahv_einnahmen,75+,75,100,n_personen,0.0,Anzahl,count,nur_arbeitnehmende,100,1916,Silent Generation,1,pop_weighted
2016,ahv_einnahmen,75+,75,100,sum_einkommen,30820715.790077213,CHF,chf,nur_arbeitnehmende,75,1941,Silent Generation,1,pop_weighted
2016,ahv_einnahmen,75+,75,100,sum_einkommen,28020641.536874294,CHF,chf,nur_arbeitnehmende,76,1940,Silent Generation,1,pop_weighted
2016,ahv_einnahmen,75+,75,100,sum_einkommen,26853233.252628613,CHF,chf,nur_arbeitnehmende,77,1939,Silent Generation,1,pop_weighted
2016,ahv_einnahmen,75+,75,100,sum_einkommen,25527343.60836662,CHF,chf,nur_arbeitnehmende,78,1938,Silent Generation,1,pop_weighted
2016,ahv_einnahmen,75+,75,100,sum_einkommen,24011939.63224656,CHF,chf,nur_arbeitnehmende,79,1937,Silent Generation,1,pop_weighted
2016,ahv_einnahmen,75+,75,100,sum_einkommen,23305051.174415976,CHF,chf,nur_arbeitnehmende,80,1936,Silent Generation,1,pop_weighted
2016,ahv_einnahmen,75+,75,100,sum_einkommen,22396566.846071374,CHF,chf,nur_arbeitnehmende,81,1935,Silent Generation,1,pop_weighted
2016,ahv_einnahmen,75+,75,100,sum_einkommen,21004820.971488707,CHF,chf,nur_arbeitnehmende,82,1934,Silent Generation,1,pop_weighted
2016,ahv_einnahmen,75+,75,100,sum_einkommen,19379498.68289097,CHF,chf,nur_arbeitnehmende,83,1933,Silent Generation,1,pop_weighted
2016,ahv_einnahmen,75+,75,100,sum_einkommen,18206168.07577472,CHF,chf,nur_arbeitnehmende,84,1932,Silent Generation,1,pop_weighted
2016,ahv_einnahmen,75+,75,100,sum_einkommen,16616853.510230018,CHF,chf,nur_arbeitnehmende,85,1931,Silent Generation,1,pop_weighted
2016,ahv_einnahmen,75+,75,100,sum_einkommen,15467685.980425673,CHF,chf,nur_arbeitnehmende,86,1930,Silent Generation,1,pop_weighted
2016,ahv_einnahmen,75+,75,100,sum_einkommen,13545773.762470065,CHF,chf,nur_arbeitnehmende,87,1929,Silent Generation,1,pop_weighted
2016,ahv_einnahmen,75+,75,100,sum_einkommen,11950536.874054797,CHF,chf,nur_arbeitnehmende,88,1928,Silent Generation,1,pop_weighted
2016,ahv_einnahmen,75+,75,100,sum_einkommen,10174550.6916299,CHF,chf,nur_arbeitnehmende,89,1927,Silent Generation,1,pop_weighted
2016,ahv_einnahmen,75+,75,100,sum_einkommen,8899593.024054762,CHF,chf,nur_arbeitnehmende,90,1926,Silent Generation,1,pop_weighted
2016,ahv_einnahmen,75+,75,100,sum_einkommen,7464021.960229915,CHF,chf,nur_arbeitnehmende,91,1925,Silent Generation,1,pop_weighted
2016,ahv_einnahmen,75+,75,100,sum_einkommen,6125340.0985675035,CHF,chf,nur_arbeitnehmende,92,1924,Silent Generation,1,pop_weighted
2016,ahv_einnahmen,75+,75,100,sum_einkommen,4882126.081578594,CHF,chf,nur_arbeitnehmende,93,1923,Silent Generation,1,pop_weighted
2016,ahv_einnahmen,75+,75,100,sum_einkommen,3697661.5074656834,CHF,chf,nur_arbeitnehmende,94,1922,Silent Generation,1,pop_weighted
2016,ahv_einnahmen,75+,75,100,sum_einkommen,2936761.4650555495,CHF,chf,nur_arbeitnehmende,95,1921,Silent Generation,1,pop_weighted
2016,ahv_einnahmen,75+,75,100,sum_einkommen,2035147.0312408023,CHF,chf,nur_arbeitnehmende,96,1920,Silent Generation,1,pop_weighted
2016,ahv_einnahmen,75+,75,100,sum_einkommen,1243924.6957333782,CHF,chf,nur_arbeitnehmende,97,1919,Silent Generation,1,pop_weighted
2016,ahv_einnahmen,75+,75,100,sum_einkommen,834336.8460051339,CHF,chf,nur_arbeitnehmende,98,1918,Silent Generation,1,pop_weighted
2016,ahv_einnahmen,75+,75,100,sum_einkommen,1497873.9004231864,CHF,chf,nur_arbeitnehmende,99,1917,Silent Generation,1,pop_weighted
2016,ahv_einnahmen,75+,75,100,sum_einkommen,0.0,CHF,chf,nur_arbeitnehmende,100,1916,Silent Generation,1,pop_weighted
2016,ahv_einnahmen,75+,75,100,sum_beitrag_ahv,2588940.1263664863,CHF,chf,nur_arbeitnehmende,75,1941,Silent Generation,1,pop_weighted
2016,ahv_einnahmen,75+,75,100,sum_beitrag_ahv,2353733.889097441,CHF,chf,nur_arbeitnehmende,76,1940,Silent Generation,1,pop_weighted
2016,ahv_einnahmen,75+,75,100,sum_beitrag_ahv,2255671.5932208034,CHF,chf,nur_arbeitnehmende,77,1939,Silent Generation,1,pop_weighted
2016,ahv_einnahmen,75+,75,100,sum_beitrag_ahv,2144296.863102796,CHF,chf,nur_arbeitnehmende,78,1938,Silent Generation,1,pop_weighted
2016,ahv_einnahmen,75+,75,100,sum_beitrag_ahv,2017002.9291087112,CHF,chf,nur_arbeitnehmende,79,1937,Silent Generation,1,pop_weighted
2016,ahv_einnahmen,75+,75,100,sum_beitrag_ahv,1957624.298650942,CHF,chf,nur_arbeitnehmende,80,1936,Silent Generation,1,pop_weighted
2016,ahv_einnahmen,75+,75,100,sum_beitrag_ahv,1881311.6150699954,CHF,chf,nur_arbeitnehmende,81,1935,Silent Generation,1,pop_weighted
2016,ahv_einnahmen,75+,75,100,sum_beitrag_ahv,1764404.9616050513,CHF,chf,nur_arbeitnehmende,82,1934,Silent Generation,1,pop_weighted
2016,ahv_einnahmen,75+,75,100,sum_beitrag_ahv,1627877.8893628414,CHF,chf,nur_arbeitnehmende,83,1933,Silent Generation,1,pop_weighted
2016,ahv_einnahmen,75+,75,100,sum_beitrag_ahv,1529318.1183650766,CHF,chf,nur_arbeitnehmende,84,1932,Silent Generation,1,pop_weighted
2016,ahv_einnahmen,75+,75,100,sum_beitrag_ahv,1395815.6948593215,CHF,chf,nur_arbeitnehmende,85,1931,Silent Generation,1,pop_weighted
2016,ahv_einnahmen,75+,75,100,sum_beitrag_ahv,1299285.6223557566,CHF,chf,nur_arbeitnehmende,86,1930,Silent Generation,1,pop_weighted
2016,ahv_einnahmen,75+,75,100,sum_beitrag_ahv,1137844.9960474854,CHF,chf,nur_arbeitnehmende,87,1929,Silent Generation,1,pop_weighted
2016,ahv_einnahmen,75+,75,100,sum_beitrag_ahv,1003845.0974206029,CHF,chf,nur_arbeitnehmende,88,1928,Silent Generation,1,pop_weighted
2016,ahv_einnahmen,75+,75,100,sum_beitrag_ahv,854662.2580969115,CHF,chf,nur_arbeitnehmende,89,1927,Silent Generation,1,pop_weighted
2016,ahv_einnahmen,75+,75,100,sum_beitrag_ahv,747565.8140206,CHF,chf,nur_arbeitnehmende,90,1926,Silent Generation,1,pop_weighted
2016,ahv_einnahmen,75+,75,100,sum_beitrag_ahv,626977.8446593129,CHF,chf,nur_arbeitnehmende,91,1925,Silent Generation,1,pop_weighted
2016,ahv_einnahmen,75+,75,100,sum_beitrag_ahv,514528.5682796703,CHF,chf,nur_arbeitnehmende,92,1924,Silent Generation,1,pop_weighted
2016,ahv_einnahmen,75+,75,100,sum_beitrag_ahv,410098.59085260186,CHF,chf,nur_arbeitnehmende,93,1923,Silent Generation,1,pop_weighted
2016,ahv_einnahmen,75+,75,100,sum_beitrag_ahv,310603.5666271174,CHF,chf,nur_arbeitnehmende,94,1922,Silent Generation,1,pop_weighted
2016,ahv_einnahmen,75+,75,100,sum_beitrag_ahv,246687.96306466617,CHF,chf,nur_arbeitnehmende,95,1921,Silent Generation,1,pop_weighted
2016,ahv_einnahmen,75+,75,100,sum_beitrag_ahv,170952.3506242274,CHF,chf,nur_arbeitnehmende,96,1920,Silent Generation,1,pop_weighted
2016,ahv_einnahmen,75+,75,100,sum_beitrag_ahv,104489.67444160378,CHF,chf,nur_arbeitnehmende,97,1919,Silent Generation,1,pop_weighted
2016,ahv_einnahmen,75+,75,100,sum_beitrag_ahv,70084.29506443125,CHF,chf,nur_arbeitnehmende,98,1918,Silent Generation,1,pop_weighted
2016,ahv_einnahmen,75+,75,100,sum_beitrag_ahv,125821.40763554764,CHF,chf,nur_arbeitnehmende,99,1917,Silent Generation,1,pop_weighted
2016,ahv_einnahmen,75+,75,100,sum_beitrag_ahv,0.0,CHF,chf,nur_arbeitnehmende,100,1916,Silent Generation,1,pop_weighted
2017,ahv_einnahmen,<20,0,19,n_personen,3668.4572181914064,Anzahl,count,nur_arbeitnehmende,0,2017,Generation Alpha,6,pop_weighted
2017,ahv_einnahmen,<20,0,19,n_personen,7477.463427466526,Anzahl,count,nur_arbeitnehmende,1,2016,Generation Alpha,6,pop_weighted
2017,ahv_einnahmen,<20,0,19,n_personen,7477.720529279483,Anzahl,count,nur_arbeitnehmende,2,2015,Generation Alpha,6,pop_weighted
2017,ahv_einnahmen,<20,0,19,n_personen,7442.326179695598,Anzahl,count,nur_arbeitnehmende,3,2014,Generation Alpha,6,pop_weighted
2017,ahv_einnahmen,<20,0,19,n_personen,7295.306792985773,Anzahl,count,nur_arbeitnehmende,4,2013,Generation Alpha,6,pop_weighted
2017,ahv_einnahmen,<20,0,19,n_personen,7336.057430339619,Anzahl,count,nur_arbeitnehmende,5,2012,Generation Z,5,pop_weighted
2017,ahv_einnahmen,<20,0,19,n_personen,7263.9832221070565,Anzahl,count,nur_arbeitnehmende,6,2011,Generation Z,5,pop_weighted
2017,ahv_einnahmen,<20,0,19,n_personen,7367.552402426975,Anzahl,count,nur_arbeitnehmende,7,2010,Generation Z,5,pop_weighted
2017,ahv_einnahmen,<20,0,19,n_personen,7255.070359257845,Anzahl,count,nur_arbeitnehmende,8,2009,Generation Z,5,pop_weighted
2017,ahv_einnahmen,<20,0,19,n_personen,7202.193086392814,Anzahl,count,nur_arbeitnehmende,9,2008,Generation Z,5,pop_weighted
2017,ahv_einnahmen,<20,0,19,n_personen,7068.671544863286,Anzahl,count,nur_arbeitnehmende,10,2007,Generation Z,5,pop_weighted
2017,ahv_einnahmen,<20,0,19,n_personen,7001.782223192043,Anzahl,count,nur_arbeitnehmende,11,2006,Generation Z,5,pop_weighted
2017,ahv_einnahmen,<20,0,19,n_personen,6979.371515162536,Anzahl,count,nur_arbeitnehmende,12,2005,Generation Z,5,pop_weighted
2017,ahv_einnahmen,<20,0,19,n_personen,6977.229000054552,Anzahl,count,nur_arbeitnehmende,13,2004,Generation Z,5,pop_weighted
2017,ahv_einnahmen,<20,0,19,n_personen,6870.7031488856155,Anzahl,count,nur_arbeitnehmende,14,2003,Generation Z,5,pop_weighted
2017,ahv_einnahmen,<20,0,19,n_personen,6977.614652773989,Anzahl,count,nur_arbeitnehmende,15,2002,Generation Z,5,pop_weighted
2017,ahv_einnahmen,<20,0,19,n_personen,7018.193888919196,Anzahl,count,nur_arbeitnehmende,16,2001,Generation Z,5,pop_weighted
2017,ahv_einnahmen,<20,0,19,n_personen,7478.620385624838,Anzahl,count,nur_arbeitnehmende,17,2000,Generation Z,5,pop_weighted
2017,ahv_einnahmen,<20,0,19,n_personen,7505.016171755193,Anzahl,count,nur_arbeitnehmende,18,1999,Generation Z,5,pop_weighted
2017,ahv_einnahmen,<20,0,19,n_personen,7724.666820625655,Anzahl,count,nur_arbeitnehmende,19,1998,Generation Z,5,pop_weighted
2017,ahv_einnahmen,<20,0,19,sum_einkommen,46244595.459083885,CHF,chf,nur_arbeitnehmende,0,2017,Generation Alpha,6,pop_weighted
2017,ahv_einnahmen,<20,0,19,sum_einkommen,94260952.41033344,CHF,chf,nur_arbeitnehmende,1,2016,Generation Alpha,6,pop_weighted
2017,ahv_einnahmen,<20,0,19,sum_einkommen,94264193.43745324,CHF,chf,nur_arbeitnehmende,2,2015,Generation Alpha,6,pop_weighted
2017,ahv_einnahmen,<20,0,19,sum_einkommen,93818012.03729202,CHF,chf,nur_arbeitnehmende,3,2014,Generation Alpha,6,pop_weighted
2017,ahv_einnahmen,<20,0,19,sum_einkommen,91964684.69594432,CHF,chf,nur_arbeitnehmende,4,2013,Generation Alpha,6,pop_weighted
2017,ahv_einnahmen,<20,0,19,sum_einkommen,92478387.49443504,CHF,chf,nur_arbeitnehmende,5,2012,Generation Z,5,pop_weighted
2017,ahv_einnahmen,<20,0,19,sum_einkommen,91569819.5585135,CHF,chf,nur_arbeitnehmende,6,2011,Generation Z,5,pop_weighted
2017,ahv_einnahmen,<20,0,19,sum_einkommen,92875413.31661241,CHF,chf,nur_arbeitnehmende,7,2010,Generation Z,5,pop_weighted
2017,ahv_einnahmen,<20,0,19,sum_einkommen,91457463.95169325,CHF,chf,nur_arbeitnehmende,8,2009,Generation Z,5,pop_weighted
2017,ahv_einnahmen,<20,0,19,sum_einkommen,90790892.70738457,CHF,chf,nur_arbeitnehmende,9,2008,Generation Z,5,pop_weighted
2017,ahv_einnahmen,<20,0,19,sum_einkommen,89107719.28982718,CHF,chf,nur_arbeitnehmende,10,2007,Generation Z,5,pop_weighted
2017,ahv_einnahmen,<20,0,19,sum_einkommen,88264512.0674886,CHF,chf,nur_arbeitnehmende,11,2006,Generation Z,5,pop_weighted
2017,ahv_einnahmen,<20,0,19,sum_einkommen,87982002.53687802,CHF,chf,nur_arbeitnehmende,12,2005,Generation Z,5,pop_weighted
2017,ahv_einnahmen,<20,0,19,sum_einkommen,87954993.97754623,CHF,chf,nur_arbeitnehmende,13,2004,Generation Z,5,pop_weighted
2017,ahv_einnahmen,<20,0,19,sum_einkommen,86612128.40756945,CHF,chf,nur_arbeitnehmende,14,2003,Generation Z,5,pop_weighted
2017,ahv_einnahmen,<20,0,19,sum_einkommen,87959855.51822595,CHF,chf,nur_arbeitnehmende,15,2002,Generation Z,5,pop_weighted
2017,ahv_einnahmen,<20,0,19,sum_einkommen,88471397.63197012,CHF,chf,nur_arbeitnehmende,16,2001,Generation Z,5,pop_weighted
2017,ahv_einnahmen,<20,0,19,sum_einkommen,94275537.03237261,CHF,chf,nur_arbeitnehmende,17,2000,Generation Z,5,pop_weighted
2017,ahv_einnahmen,<20,0,19,sum_einkommen,94608282.48334031,CHF,chf,nur_arbeitnehmende,18,1999,Generation Z,5,pop_weighted
2017,ahv_einnahmen,<20,0,19,sum_einkommen,97377199.98603581,CHF,chf,nur_arbeitnehmende,19,1998,Generation Z,5,pop_weighted
2017,ahv_einnahmen,<20,0,19,sum_beitrag_ahv,3884546.0185630466,CHF,chf,nur_arbeitnehmende,0,2017,Generation Alpha,6,pop_weighted
2017,ahv_einnahmen,<20,0,19,sum_beitrag_ahv,7917920.0024680095,CHF,chf,nur_arbeitnehmende,1,2016,Generation Alpha,6,pop_weighted
2017,ahv_einnahmen,<20,0,19,sum_beitrag_ahv,7918192.248746073,CHF,chf,nur_arbeitnehmende,2,2015,Generation Alpha,6,pop_weighted
2017,ahv_einnahmen,<20,0,19,sum_beitrag_ahv,7880713.01113253,CHF,chf,nur_arbeitnehmende,3,2014,Generation Alpha,6,pop_weighted
2017,ahv_einnahmen,<20,0,19,sum_beitrag_ahv,7725033.514459324,CHF,chf,nur_arbeitnehmende,4,2013,Generation Alpha,6,pop_weighted
2017,ahv_einnahmen,<20,0,19,sum_beitrag_ahv,7768184.549532545,CHF,chf,nur_arbeitnehmende,5,2012,Generation Z,5,pop_weighted
2017,ahv_einnahmen,<20,0,19,sum_beitrag_ahv,7691864.842915135,CHF,chf,nur_arbeitnehmende,6,2011,Generation Z,5,pop_weighted
2017,ahv_einnahmen,<20,0,19,sum_beitrag_ahv,7801534.718595443,CHF,chf,nur_arbeitnehmende,7,2010,Generation Z,5,pop_weighted
2017,ahv_einnahmen,<20,0,19,sum_beitrag_ahv,7682426.971942233,CHF,chf,nur_arbeitnehmende,8,2009,Generation Z,5,pop_weighted
2017,ahv_einnahmen,<20,0,19,sum_beitrag_ahv,7626434.987420305,CHF,chf,nur_arbeitnehmende,9,2008,Generation Z,5,pop_weighted
2017,ahv_einnahmen,<20,0,19,sum_beitrag_ahv,7485048.420345484,CHF,chf,nur_arbeitnehmende,10,2007,Generation Z,5,pop_weighted
2017,ahv_einnahmen,<20,0,19,sum_beitrag_ahv,7414219.013669042,CHF,chf,nur_arbeitnehmende,11,2006,Generation Z,5,pop_weighted
2017,ahv_einnahmen,<20,0,19,sum_beitrag_ahv,7390488.213097755,CHF,chf,nur_arbeitnehmende,12,2005,Generation Z,5,pop_weighted
2017,ahv_einnahmen,<20,0,19,sum_beitrag_ahv,7388219.494113884,CHF,chf,nur_arbeitnehmende,13,2004,Generation Z,5,pop_weighted
2017,ahv_einnahmen,<20,0,19,sum_beitrag_ahv,7275418.7862358345,CHF,chf,nur_arbeitnehmende,14,2003,Generation Z,5,pop_weighted
2017,ahv_einnahmen,<20,0,19,sum_beitrag_ahv,7388627.863530981,CHF,chf,nur_arbeitnehmende,15,2002,Generation Z,5,pop_weighted
2017,ahv_einnahmen,<20,0,19,sum_beitrag_ahv,7431597.401085491,CHF,chf,nur_arbeitnehmende,16,2001,Generation Z,5,pop_weighted
2017,ahv_einnahmen,<20,0,19,sum_beitrag_ahv,7919145.1107193,CHF,chf,nur_arbeitnehmende,17,2000,Generation Z,5,pop_weighted
2017,ahv_einnahmen,<20,0,19,sum_beitrag_ahv,7947095.728600586,CHF,chf,nur_arbeitnehmende,18,1999,Generation Z,5,pop_weighted
2017,ahv_einnahmen,<20,0,19,sum_beitrag_ahv,8179684.798827008,CHF,chf,nur_arbeitnehmende,19,1998,Generation Z,5,pop_weighted
2017,ahv_einnahmen,20-24,20,24,n_personen,90013.85641767902,Anzahl,count,nur_arbeitnehmende,20,1997,Generation Z,5,pop_weighted
2017,ahv_einnahmen,20-24,20,24,n_personen,92440.68040263584,Anzahl,count,nur_arbeitnehmende,21,1996,Millennials,4,pop_weighted
2017,ahv_einnahmen,20-24,20,24,n_personen,93093.16182134581,Anzahl,count,nur_arbeitnehmende,22,1995,Millennials,4,pop_weighted
2017,ahv_einnahmen,20-24,20,24,n_personen,95463.3114737198,Anzahl,count,nur_arbeitnehmende,23,1994,Millennials,4,pop_weighted
2017,ahv_einnahmen,20-24,20,24,n_personen,98856.98988461951,Anzahl,count,nur_arbeitnehmende,24,1993,Millennials,4,pop_weighted
2017,ahv_einnahmen,20-24,20,24,sum_einkommen,2636828070.4702888,CHF,chf,nur_arbeitnehmende,20,1997,Generation Z,5,pop_weighted
2017,ahv_einnahmen,20-24,20,24,sum_einkommen,2707918432.113409,CHF,chf,nur_arbeitnehmende,21,1996,Millennials,4,pop_weighted
2017,ahv_einnahmen,20-24,20,24,sum_einkommen,2727031948.5072784,CHF,chf,nur_arbeitnehmende,22,1995,Millennials,4,pop_weighted
2017,ahv_einnahmen,20-24,20,24,sum_einkommen,2796462116.0760984,CHF,chf,nur_arbeitnehmende,23,1994,Millennials,4,pop_weighted
2017,ahv_einnahmen,20-24,20,24,sum_einkommen,2895875104.8329253,CHF,chf,nur_arbeitnehmende,24,1993,Millennials,4,pop_weighted
2017,ahv_einnahmen,20-24,20,24,sum_beitrag_ahv,221493557.91950426,CHF,chf,nur_arbeitnehmende,20,1997,Generation Z,5,pop_weighted
2017,ahv_einnahmen,20-24,20,24,sum_beitrag_ahv,227465148.29752636,CHF,chf,nur_arbeitnehmende,21,1996,Millennials,4,pop_weighted
2017,ahv_einnahmen,20-24,20,24,sum_beitrag_ahv,229070683.6746114,CHF,chf,nur_arbeitnehmende,22,1995,Millennials,4,pop_weighted
2017,ahv_einnahmen,20-24,20,24,sum_beitrag_ahv,234902817.75039226,CHF,chf,nur_arbeitnehmende,23,1994,Millennials,4,pop_weighted
2017,ahv_einnahmen,20-24,20,24,sum_beitrag_ahv,243253508.8059657,CHF,chf,nur_arbeitnehmende,24,1993,Millennials,4,pop_weighted
2017,ahv_einnahmen,25-29,25,29,n_personen,114644.68998555081,Anzahl,count,nur_arbeitnehmende,25,1992,Millennials,4,pop_weighted
2017,ahv_einnahmen,25-29,25,29,n_personen,117939.4441198187,Anzahl,count,nur_arbeitnehmende,26,1991,Millennials,4,pop_weighted
2017,ahv_einnahmen,25-29,25,29,n_personen,121347.3890009574,Anzahl,count,nur_arbeitnehmende,27,1990,Millennials,4,pop_weighted
2017,ahv_einnahmen,25-29,25,29,n_personen,122094.02280073907,Anzahl,count,nur_arbeitnehmende,28,1989,Millennials,4,pop_weighted
2017,ahv_einnahmen,25-29,25,29,n_personen,125662.45409293403,Anzahl,count,nur_arbeitnehmende,29,1988,Millennials,4,pop_weighted
2017,ahv_einnahmen,25-29,25,29,sum_einkommen,5662304502.30975,CHF,chf,nur_arbeitnehmende,25,1992,Millennials,4,pop_weighted
2017,ahv_einnahmen,25-29,25,29,sum_einkommen,5825032502.802576,CHF,chf,nur_arbeitnehmende,26,1991,Millennials,4,pop_weighted
2017,ahv_einnahmen,25-29,25,29,sum_einkommen,5993350997.505882,CHF,chf,nur_arbeitnehmende,27,1990,Millennials,4,pop_weighted
2017,ahv_einnahmen,25-29,25,29,sum_einkommen,6030227262.133693,CHF,chf,nur_arbeitnehmende,28,1989,Millennials,4,pop_weighted
2017,ahv_einnahmen,25-29,25,29,sum_einkommen,6206472185.2481,CHF,chf,nur_arbeitnehmende,29,1988,Millennials,4,pop_weighted
2017,ahv_einnahmen,25-29,25,29,sum_beitrag_ahv,475633578.19401896,CHF,chf,nur_arbeitnehmende,25,1992,Millennials,4,pop_weighted
2017,ahv_einnahmen,25-29,25,29,sum_beitrag_ahv,489302730.2354165,CHF,chf,nur_arbeitnehmende,26,1991,Millennials,4,pop_weighted
2017,ahv_einnahmen,25-29,25,29,sum_beitrag_ahv,503441483.79049414,CHF,chf,nur_arbeitnehmende,27,1990,Millennials,4,pop_weighted
2017,ahv_einnahmen,25-29,25,29,sum_beitrag_ahv,506539090.0192302,CHF,chf,nur_arbeitnehmende,28,1989,Millennials,4,pop_weighted
2017,ahv_einnahmen,25-29,25,29,sum_beitrag_ahv,521343663.5608405,CHF,chf,nur_arbeitnehmende,29,1988,Millennials,4,pop_weighted
2017,ahv_einnahmen,30-34,30,34,n_personen,120900.27906982608,Anzahl,count,nur_arbeitnehmende,30,1987,Millennials,4,pop_weighted
2017,ahv_einnahmen,30-34,30,34,n_personen,122999.65730266712,Anzahl,count,nur_arbeitnehmende,31,1986,Millennials,4,pop_weighted
2017,ahv_einnahmen,30-34,30,34,n_personen,123452.96155013294,Anzahl,count,nur_arbeitnehmende,32,1985,Millennials,4,pop_weighted
2017,ahv_einnahmen,30-34,30,34,n_personen,124637.45175840831,Anzahl,count,nur_arbeitnehmende,33,1984,Millennials,4,pop_weighted
2017,ahv_einnahmen,30-34,30,34,n_personen,123606.65031896553,Anzahl,count,nur_arbeitnehmende,34,1983,Millennials,4,pop_weighted
2017,ahv_einnahmen,30-34,30,34,sum_einkommen,7592694371.287009,CHF,chf,nur_arbeitnehmende,30,1987,Millennials,4,pop_weighted
2017,ahv_einnahmen,30-34,30,34,sum_einkommen,7724538047.863542,CHF,chf,nur_arbeitnehmende,31,1986,Millennials,4,pop_weighted
2017,ahv_einnahmen,30-34,30,34,sum_einkommen,7753006142.682631,CHF,chf,nur_arbeitnehmende,32,1985,Millennials,4,pop_weighted
2017,ahv_einnahmen,30-34,30,34,sum_einkommen,7827393664.418811,CHF,chf,nur_arbeitnehmende,33,1984,Millennials,4,pop_weighted
2017,ahv_einnahmen,30-34,30,34,sum_einkommen,7762657996.748007,CHF,chf,nur_arbeitnehmende,34,1983,Millennials,4,pop_weighted
2017,ahv_einnahmen,30-34,30,34,sum_beitrag_ahv,637786327.1881087,CHF,chf,nur_arbeitnehmende,30,1987,Millennials,4,pop_weighted
2017,ahv_einnahmen,30-34,30,34,sum_beitrag_ahv,648861196.0205375,CHF,chf,nur_arbeitnehmende,31,1986,Millennials,4,pop_weighted
2017,ahv_einnahmen,30-34,30,34,sum_beitrag_ahv,651252515.985341,CHF,chf,nur_arbeitnehmende,32,1985,Millennials,4,pop_weighted
2017,ahv_einnahmen,30-34,30,34,sum_beitrag_ahv,657501067.8111801,CHF,chf,nur_arbeitnehmende,33,1984,Millennials,4,pop_weighted
2017,ahv_einnahmen,30-34,30,34,sum_beitrag_ahv,652063271.7268326,CHF,chf,nur_arbeitnehmende,34,1983,Millennials,4,pop_weighted
2017,ahv_einnahmen,35-39,35,39,n_personen,121563.56077949541,Anzahl,count,nur_arbeitnehmende,35,1982,Millennials,4,pop_weighted
2017,ahv_einnahmen,35-39,35,39,n_personen,120757.14582816164,Anzahl,count,nur_arbeitnehmende,36,1981,Millennials,4,pop_weighted
2017,ahv_einnahmen,35-39,35,39,n_personen,121075.02102865645,Anzahl,count,nur_arbeitnehmende,37,1980,Generation X,3,pop_weighted
2017,ahv_einnahmen,35-39,35,39,n_personen,117534.48013774485,Anzahl,count,nur_arbeitnehmende,38,1979,Generation X,3,pop_weighted
2017,ahv_einnahmen,35-39,35,39,n_personen,116103.79222594167,Anzahl,count,nur_arbeitnehmende,39,1978,Generation X,3,pop_weighted
2017,ahv_einnahmen,35-39,35,39,sum_einkommen,8637865641.666073,CHF,chf,nur_arbeitnehmende,35,1982,Millennials,4,pop_weighted
2017,ahv_einnahmen,35-39,35,39,sum_einkommen,8580564720.597407,CHF,chf,nur_arbeitnehmende,36,1981,Millennials,4,pop_weighted
2017,ahv_einnahmen,35-39,35,39,sum_einkommen,8603151779.211727,CHF,chf,nur_arbeitnehmende,37,1980,Generation X,3,pop_weighted
2017,ahv_einnahmen,35-39,35,39,sum_einkommen,8351573787.267305,CHF,chf,nur_arbeitnehmende,38,1979,Generation X,3,pop_weighted
2017,ahv_einnahmen,35-39,35,39,sum_einkommen,8249914294.257488,CHF,chf,nur_arbeitnehmende,39,1978,Generation X,3,pop_weighted
2017,ahv_einnahmen,35-39,35,39,sum_beitrag_ahv,725580713.8999501,CHF,chf,nur_arbeitnehmende,35,1982,Millennials,4,pop_weighted
2017,ahv_einnahmen,35-39,35,39,sum_beitrag_ahv,720767436.5301822,CHF,chf,nur_arbeitnehmende,36,1981,Millennials,4,pop_weighted
2017,ahv_einnahmen,35-39,35,39,sum_beitrag_ahv,722664749.4537851,CHF,chf,nur_arbeitnehmende,37,1980,Generation X,3,pop_weighted
2017,ahv_einnahmen,35-39,35,39,sum_beitrag_ahv,701532198.1304536,CHF,chf,nur_arbeitnehmende,38,1979,Generation X,3,pop_weighted
2017,ahv_einnahmen,35-39,35,39,sum_beitrag_ahv,692992800.717629,CHF,chf,nur_arbeitnehmende,39,1978,Generation X,3,pop_weighted
2017,ahv_einnahmen,40-44,40,44,n_personen,113096.89859684379,Anzahl,count,nur_arbeitnehmende,40,1977,Generation X,3,pop_weighted
2017,ahv_einnahmen,40-44,40,44,n_personen,112175.05320662996,Anzahl,count,nur_arbeitnehmende,41,1976,Generation X,3,pop_weighted
2017,ahv_einnahmen,40-44,40,44,n_personen,111575.9023748701,Anzahl,count,nur_arbeitnehmende,42,1975,Generation X,3,pop_weighted
2017,ahv_einnahmen,40-44,40,44,n_personen,113922.37366643334,Anzahl,count,nur_arbeitnehmende,43,1974,Generation X,3,pop_weighted
2017,ahv_einnahmen,40-44,40,44,n_personen,114530.7721552228,Anzahl,count,nur_arbeitnehmende,44,1973,Generation X,3,pop_weighted
2017,ahv_einnahmen,40-44,40,44,sum_einkommen,8940651700.61212,CHF,chf,nur_arbeitnehmende,40,1977,Generation X,3,pop_weighted
2017,ahv_einnahmen,40-44,40,44,sum_einkommen,8867777035.984077,CHF,chf,nur_arbeitnehmende,41,1976,Generation X,3,pop_weighted
2017,ahv_einnahmen,40-44,40,44,sum_einkommen,8820412351.63502,CHF,chf,nur_arbeitnehmende,42,1975,Generation X,3,pop_weighted
2017,ahv_einnahmen,40-44,40,44,sum_einkommen,9005908000.088972,CHF,chf,nur_arbeitnehmende,43,1974,Generation X,3,pop_weighted
2017,ahv_einnahmen,40-44,40,44,sum_einkommen,9054003739.679811,CHF,chf,nur_arbeitnehmende,44,1973,Generation X,3,pop_weighted
2017,ahv_einnahmen,40-44,40,44,sum_beitrag_ahv,751014742.8514181,CHF,chf,nur_arbeitnehmende,40,1977,Generation X,3,pop_weighted
2017,ahv_einnahmen,40-44,40,44,sum_beitrag_ahv,744893271.0226625,CHF,chf,nur_arbeitnehmende,41,1976,Generation X,3,pop_weighted
2017,ahv_einnahmen,40-44,40,44,sum_beitrag_ahv,740914637.5373416,CHF,chf,nur_arbeitnehmende,42,1975,Generation X,3,pop_weighted
2017,ahv_einnahmen,40-44,40,44,sum_beitrag_ahv,756496272.0074736,CHF,chf,nur_arbeitnehmende,43,1974,Generation X,3,pop_weighted
2017,ahv_einnahmen,40-44,40,44,sum_beitrag_ahv,760536314.1331041,CHF,chf,nur_arbeitnehmende,44,1973,Generation X,3,pop_weighted
2017,ahv_einnahmen,45-49,45,49,n_personen,114699.76585171651,Anzahl,count,nur_arbeitnehmende,45,1972,Generation X,3,pop_weighted
2017,ahv_einnahmen,45-49,45,49,n_personen,118180.37326091439,Anzahl,count,nur_arbeitnehmende,46,1971,Generation X,3,pop_weighted
2017,ahv_einnahmen,45-49,45,49,n_personen,119672.19763548339,Anzahl,count,nur_arbeitnehmende,47,1970,Generation X,3,pop_weighted
2017,ahv_einnahmen,45-49,45,49,n_personen,122670.07230046281,Anzahl,count,nur_arbeitnehmende,48,1969,Generation X,3,pop_weighted
2017,ahv_einnahmen,45-49,45,49,n_personen,125095.59095142291,Anzahl,count,nur_arbeitnehmende,49,1968,Generation X,3,pop_weighted
2017,ahv_einnahmen,45-49,45,49,sum_einkommen,9688285632.38588,CHF,chf,nur_arbeitnehmende,45,1972,Generation X,3,pop_weighted
2017,ahv_einnahmen,45-49,45,49,sum_einkommen,9982280293.177969,CHF,chf,nur_arbeitnehmende,46,1971,Generation X,3,pop_weighted
2017,ahv_einnahmen,45-49,45,49,sum_einkommen,10108289448.879866,CHF,chf,nur_arbeitnehmende,47,1970,Generation X,3,pop_weighted
2017,ahv_einnahmen,45-49,45,49,sum_einkommen,10361509373.338665,CHF,chf,nur_arbeitnehmende,48,1969,Generation X,3,pop_weighted
2017,ahv_einnahmen,45-49,45,49,sum_einkommen,10566384399.217623,CHF,chf,nur_arbeitnehmende,49,1968,Generation X,3,pop_weighted
2017,ahv_einnahmen,45-49,45,49,sum_beitrag_ahv,813815993.1204139,CHF,chf,nur_arbeitnehmende,45,1972,Generation X,3,pop_weighted
2017,ahv_einnahmen,45-49,45,49,sum_beitrag_ahv,838511544.6269494,CHF,chf,nur_arbeitnehmende,46,1971,Generation X,3,pop_weighted
2017,ahv_einnahmen,45-49,45,49,sum_beitrag_ahv,849096313.7059087,CHF,chf,nur_arbeitnehmende,47,1970,Generation X,3,pop_weighted
2017,ahv_einnahmen,45-49,45,49,sum_beitrag_ahv,870366787.3604479,CHF,chf,nur_arbeitnehmende,48,1969,Generation X,3,pop_weighted
2017,ahv_einnahmen,45-49,45,49,sum_beitrag_ahv,887576289.5342803,CHF,chf,nur_arbeitnehmende,49,1968,Generation X,3,pop_weighted
2017,ahv_einnahmen,50-54,50,54,n_personen,121263.34102375919,Anzahl,count,nur_arbeitnehmende,50,1967,Generation X,3,pop_weighted
2017,ahv_einnahmen,50-54,50,54,n_personen,123405.7223447067,Anzahl,count,nur_arbeitnehmende,51,1966,Generation X,3,pop_weighted
2017,ahv_einnahmen,50-54,50,54,n_personen,123406.17817051968,Anzahl,count,nur_arbeitnehmende,52,1965,Generation X,3,pop_weighted
2017,ahv_einnahmen,50-54,50,54,n_personen,125183.44301528017,Anzahl,count,nur_arbeitnehmende,53,1964,Babyboomers,2,pop_weighted
2017,ahv_einnahmen,50-54,50,54,n_personen,120995.31544573426,Anzahl,count,nur_arbeitnehmende,54,1963,Babyboomers,2,pop_weighted
2017,ahv_einnahmen,50-54,50,54,sum_einkommen,10460372372.534405,CHF,chf,nur_arbeitnehmende,50,1967,Generation X,3,pop_weighted
2017,ahv_einnahmen,50-54,50,54,sum_einkommen,10645177658.219896,CHF,chf,nur_arbeitnehmende,51,1966,Generation X,3,pop_weighted
2017,ahv_einnahmen,50-54,50,54,sum_einkommen,10645216978.493448,CHF,chf,nur_arbeitnehmende,52,1965,Generation X,3,pop_weighted
2017,ahv_einnahmen,50-54,50,54,sum_einkommen,10798526725.065306,CHF,chf,nur_arbeitnehmende,53,1964,Babyboomers,2,pop_weighted
2017,ahv_einnahmen,50-54,50,54,sum_einkommen,10437252051.686943,CHF,chf,nur_arbeitnehmende,54,1963,Babyboomers,2,pop_weighted
2017,ahv_einnahmen,50-54,50,54,sum_beitrag_ahv,878671279.2928901,CHF,chf,nur_arbeitnehmende,50,1967,Generation X,3,pop_weighted
2017,ahv_einnahmen,50-54,50,54,sum_beitrag_ahv,894194923.2904714,CHF,chf,nur_arbeitnehmende,51,1966,Generation X,3,pop_weighted
2017,ahv_einnahmen,50-54,50,54,sum_beitrag_ahv,894198226.1934497,CHF,chf,nur_arbeitnehmende,52,1965,Generation X,3,pop_weighted
2017,ahv_einnahmen,50-54,50,54,sum_beitrag_ahv,907076244.9054857,CHF,chf,nur_arbeitnehmende,53,1964,Babyboomers,2,pop_weighted
2017,ahv_einnahmen,50-54,50,54,sum_beitrag_ahv,876729172.3417033,CHF,chf,nur_arbeitnehmende,54,1963,Babyboomers,2,pop_weighted
2017,ahv_einnahmen,55-59,55,59,n_personen,107226.81259450849,Anzahl,count,nur_arbeitnehmende,55,1962,Babyboomers,2,pop_weighted
2017,ahv_einnahmen,55-59,55,59,n_personen,103275.77257847783,Anzahl,count,nur_arbeitnehmende,56,1961,Babyboomers,2,pop_weighted
2017,ahv_einnahmen,55-59,55,59,n_personen,100186.36418393499,Anzahl,count,nur_arbeitnehmende,57,1960,Babyboomers,2,pop_weighted
2017,ahv_einnahmen,55-59,55,59,n_personen,96754.99837167558,Anzahl,count,nur_arbeitnehmende,58,1959,Babyboomers,2,pop_weighted
2017,ahv_einnahmen,55-59,55,59,n_personen,92742.05227140312,Anzahl,count,nur_arbeitnehmende,59,1958,Babyboomers,2,pop_weighted
2017,ahv_einnahmen,55-59,55,59,sum_einkommen,9076252789.984951,CHF,chf,nur_arbeitnehmende,55,1962,Babyboomers,2,pop_weighted
2017,ahv_einnahmen,55-59,55,59,sum_einkommen,8741815562.008661,CHF,chf,nur_arbeitnehmende,56,1961,Babyboomers,2,pop_weighted
2017,ahv_einnahmen,55-59,55,59,sum_einkommen,8480311457.933404,CHF,chf,nur_arbeitnehmende,57,1960,Babyboomers,2,pop_weighted
2017,ahv_einnahmen,55-59,55,59,sum_einkommen,8189862243.101727,CHF,chf,nur_arbeitnehmende,58,1959,Babyboomers,2,pop_weighted
2017,ahv_einnahmen,55-59,55,59,sum_einkommen,7850184951.971258,CHF,chf,nur_arbeitnehmende,59,1958,Babyboomers,2,pop_weighted
2017,ahv_einnahmen,55-59,55,59,sum_beitrag_ahv,762405234.3587358,CHF,chf,nur_arbeitnehmende,55,1962,Babyboomers,2,pop_weighted
2017,ahv_einnahmen,55-59,55,59,sum_beitrag_ahv,734312507.2087276,CHF,chf,nur_arbeitnehmende,56,1961,Babyboomers,2,pop_weighted
2017,ahv_einnahmen,55-59,55,59,sum_beitrag_ahv,712346162.466406,CHF,chf,nur_arbeitnehmende,57,1960,Babyboomers,2,pop_weighted
2017,ahv_einnahmen,55-59,55,59,sum_beitrag_ahv,687948428.4205451,CHF,chf,nur_arbeitnehmende,58,1959,Babyboomers,2,pop_weighted
2017,ahv_einnahmen,55-59,55,59,sum_beitrag_ahv,659415535.9655857,CHF,chf,nur_arbeitnehmende,59,1958,Babyboomers,2,pop_weighted
2017,ahv_einnahmen,60-64,60,64,n_personen,71991.01284244325,Anzahl,count,nur_arbeitnehmende,60,1957,Babyboomers,2,pop_weighted
2017,ahv_einnahmen,60-64,60,64,n_personen,69404.26959930931,Anzahl,count,nur_arbeitnehmende,61,1956,Babyboomers,2,pop_weighted
2017,ahv_einnahmen,60-64,60,64,n_personen,66234.02007497408,Anzahl,count,nur_arbeitnehmende,62,1955,Babyboomers,2,pop_weighted
2017,ahv_einnahmen,60-64,60,64,n_personen,63891.58222985173,Anzahl,count,nur_arbeitnehmende,63,1954,Babyboomers,2,pop_weighted
2017,ahv_einnahmen,60-64,60,64,n_personen,61334.11525342165,Anzahl,count,nur_arbeitnehmende,64,1953,Babyboomers,2,pop_weighted
2017,ahv_einnahmen,60-64,60,64,sum_einkommen,5412768731.86265,CHF,chf,nur_arbeitnehmende,60,1957,Babyboomers,2,pop_weighted
2017,ahv_einnahmen,60-64,60,64,sum_einkommen,5218279970.127412,CHF,chf,nur_arbeitnehmende,61,1956,Babyboomers,2,pop_weighted
2017,ahv_einnahmen,60-64,60,64,sum_einkommen,4979919280.091289,CHF,chf,nur_arbeitnehmende,62,1955,Babyboomers,2,pop_weighted
2017,ahv_einnahmen,60-64,60,64,sum_einkommen,4803799041.969915,CHF,chf,nur_arbeitnehmende,63,1954,Babyboomers,2,pop_weighted
2017,ahv_einnahmen,60-64,60,64,sum_einkommen,4611511466.948735,CHF,chf,nur_arbeitnehmende,64,1953,Babyboomers,2,pop_weighted
2017,ahv_einnahmen,60-64,60,64,sum_beitrag_ahv,454672573.47646254,CHF,chf,nur_arbeitnehmende,60,1957,Babyboomers,2,pop_weighted
2017,ahv_einnahmen,60-64,60,64,sum_beitrag_ahv,438335517.49070257,CHF,chf,nur_arbeitnehmende,61,1956,Babyboomers,2,pop_weighted
2017,ahv_einnahmen,60-64,60,64,sum_beitrag_ahv,418313219.5276682,CHF,chf,nur_arbeitnehmende,62,1955,Babyboomers,2,pop_weighted
2017,ahv_einnahmen,60-64,60,64,sum_beitrag_ahv,403519119.5254729,CHF,chf,nur_arbeitnehmende,63,1954,Babyboomers,2,pop_weighted
2017,ahv_einnahmen,60-64,60,64,sum_beitrag_ahv,387366963.2236938,CHF,chf,nur_arbeitnehmende,64,1953,Babyboomers,2,pop_weighted
2017,ahv_einnahmen,65-69,65,69,n_personen,13418.306241634533,Anzahl,count,nur_arbeitnehmende,65,1952,Babyboomers,2,pop_weighted
2017,ahv_einnahmen,65-69,65,69,n_personen,12785.824732564895,Anzahl,count,nur_arbeitnehmende,66,1951,Babyboomers,2,pop_weighted
2017,ahv_einnahmen,65-69,65,69,n_personen,13037.70982006234,Anzahl,count,nur_arbeitnehmende,67,1950,Babyboomers,2,pop_weighted
2017,ahv_einnahmen,65-69,65,69,n_personen,12747.959654052207,Anzahl,count,nur_arbeitnehmende,68,1949,Babyboomers,2,pop_weighted
2017,ahv_einnahmen,65-69,65,69,n_personen,12808.199551686026,Anzahl,count,nur_arbeitnehmende,69,1948,Babyboomers,2,pop_weighted
2017,ahv_einnahmen,65-69,65,69,sum_einkommen,671132214.5147203,CHF,chf,nur_arbeitnehmende,65,1952,Babyboomers,2,pop_weighted
2017,ahv_einnahmen,65-69,65,69,sum_einkommen,639497915.2091613,CHF,chf,nur_arbeitnehmende,66,1951,Babyboomers,2,pop_weighted
2017,ahv_einnahmen,65-69,65,69,sum_einkommen,652096241.2222365,CHF,chf,nur_arbeitnehmende,67,1950,Babyboomers,2,pop_weighted
2017,ahv_einnahmen,65-69,65,69,sum_einkommen,637604049.2071956,CHF,chf,nur_arbeitnehmende,68,1949,Babyboomers,2,pop_weighted
2017,ahv_einnahmen,65-69,65,69,sum_einkommen,640617017.8466862,CHF,chf,nur_arbeitnehmende,69,1948,Babyboomers,2,pop_weighted
2017,ahv_einnahmen,65-69,65,69,sum_beitrag_ahv,56375106.01923651,CHF,chf,nur_arbeitnehmende,65,1952,Babyboomers,2,pop_weighted
2017,ahv_einnahmen,65-69,65,69,sum_beitrag_ahv,53717824.87756954,CHF,chf,nur_arbeitnehmende,66,1951,Babyboomers,2,pop_weighted
2017,ahv_einnahmen,65-69,65,69,sum_beitrag_ahv,54776084.262667865,CHF,chf,nur_arbeitnehmende,67,1950,Babyboomers,2,pop_weighted
2017,ahv_einnahmen,65-69,65,69,sum_beitrag_ahv,53558740.133404434,CHF,chf,nur_arbeitnehmende,68,1949,Babyboomers,2,pop_weighted
2017,ahv_einnahmen,65-69,65,69,sum_beitrag_ahv,53811829.49912164,CHF,chf,nur_arbeitnehmende,69,1948,Babyboomers,2,pop_weighted
2017,ahv_einnahmen,70-74,70,74,n_personen,3463.610479620853,Anzahl,count,nur_arbeitnehmende,70,1947,Babyboomers,2,pop_weighted
2017,ahv_einnahmen,70-74,70,74,n_personen,3429.0181573459713,Anzahl,count,nur_arbeitnehmende,71,1946,Babyboomers,2,pop_weighted
2017,ahv_einnahmen,70-74,70,74,n_personen,3252.2152492890996,Anzahl,count,nur_arbeitnehmende,72,1945,Silent Generation,1,pop_weighted
2017,ahv_einnahmen,70-74,70,74,n_personen,3168.2023734597155,Anzahl,count,nur_arbeitnehmende,73,1944,Silent Generation,1,pop_weighted
2017,ahv_einnahmen,70-74,70,74,n_personen,3027.9537402843603,Anzahl,count,nur_arbeitnehmende,74,1943,Silent Generation,1,pop_weighted
2017,ahv_einnahmen,70-74,70,74,sum_einkommen,149808798.15534407,CHF,chf,nur_arbeitnehmende,70,1947,Babyboomers,2,pop_weighted
2017,ahv_einnahmen,70-74,70,74,sum_einkommen,148312603.8644752,CHF,chf,nur_arbeitnehmende,71,1946,Babyboomers,2,pop_weighted
2017,ahv_einnahmen,70-74,70,74,sum_einkommen,140665487.85007015,CHF,chf,nur_arbeitnehmende,72,1945,Silent Generation,1,pop_weighted
2017,ahv_einnahmen,70-74,70,74,sum_einkommen,137031745.5364853,CHF,chf,nur_arbeitnehmende,73,1944,Silent Generation,1,pop_weighted
2017,ahv_einnahmen,70-74,70,74,sum_einkommen,130965682.59362528,CHF,chf,nur_arbeitnehmende,74,1943,Silent Generation,1,pop_weighted
2017,ahv_einnahmen,70-74,70,74,sum_beitrag_ahv,12583939.045048902,CHF,chf,nur_arbeitnehmende,70,1947,Babyboomers,2,pop_weighted
2017,ahv_einnahmen,70-74,70,74,sum_beitrag_ahv,12458258.724615915,CHF,chf,nur_arbeitnehmende,71,1946,Babyboomers,2,pop_weighted
2017,ahv_einnahmen,70-74,70,74,sum_beitrag_ahv,11815900.979405893,CHF,chf,nur_arbeitnehmende,72,1945,Silent Generation,1,pop_weighted
2017,ahv_einnahmen,70-74,70,74,sum_beitrag_ahv,11510666.625064766,CHF,chf,nur_arbeitnehmende,73,1944,Silent Generation,1,pop_weighted
2017,ahv_einnahmen,70-74,70,74,sum_beitrag_ahv,11001117.337864524,CHF,chf,nur_arbeitnehmende,74,1943,Silent Generation,1,pop_weighted
2017,ahv_einnahmen,75+,75,100,n_personen,715.8817265243603,Anzahl,count,nur_arbeitnehmende,75,1942,Silent Generation,1,pop_weighted
2017,ahv_einnahmen,75+,75,100,n_personen,659.729975391493,Anzahl,count,nur_arbeitnehmende,76,1941,Silent Generation,1,pop_weighted
2017,ahv_einnahmen,75+,75,100,n_personen,597.9210868624551,Anzahl,count,nur_arbeitnehmende,77,1940,Silent Generation,1,pop_weighted
2017,ahv_einnahmen,75+,75,100,n_personen,571.8526661870618,Anzahl,count,nur_arbeitnehmende,78,1939,Silent Generation,1,pop_weighted
2017,ahv_einnahmen,75+,75,100,n_personen,542.0905285121543,Anzahl,count,nur_arbeitnehmende,79,1938,Silent Generation,1,pop_weighted
2017,ahv_einnahmen,75+,75,100,n_personen,508.21505100889567,Anzahl,count,nur_arbeitnehmende,80,1937,Silent Generation,1,pop_weighted
2017,ahv_einnahmen,75+,75,100,n_personen,490.5183647952344,Anzahl,count,nur_arbeitnehmende,81,1936,Silent Generation,1,pop_weighted
2017,ahv_einnahmen,75+,75,100,n_personen,468.56328394819207,Anzahl,count,nur_arbeitnehmende,82,1935,Silent Generation,1,pop_weighted
2017,ahv_einnahmen,75+,75,100,n_personen,436.96205856665404,Anzahl,count,nur_arbeitnehmende,83,1934,Silent Generation,1,pop_weighted
2017,ahv_einnahmen,75+,75,100,n_personen,400.22174866405277,Anzahl,count,nur_arbeitnehmende,84,1933,Silent Generation,1,pop_weighted
2017,ahv_einnahmen,75+,75,100,n_personen,372.9359037321575,Anzahl,count,nur_arbeitnehmende,85,1932,Silent Generation,1,pop_weighted
2017,ahv_einnahmen,75+,75,100,n_personen,337.12808900474914,Anzahl,count,nur_arbeitnehmende,86,1931,Silent Generation,1,pop_weighted
2017,ahv_einnahmen,75+,75,100,n_personen,309.63502292281106,Anzahl,count,nur_arbeitnehmende,87,1930,Silent Generation,1,pop_weighted
2017,ahv_einnahmen,75+,75,100,n_personen,267.8851417179233,Anzahl,count,nur_arbeitnehmende,88,1929,Silent Generation,1,pop_weighted
2017,ahv_einnahmen,75+,75,100,n_personen,232.63164356687966,Anzahl,count,nur_arbeitnehmende,89,1928,Silent Generation,1,pop_weighted
2017,ahv_einnahmen,75+,75,100,n_personen,195.3525586741669,Anzahl,count,nur_arbeitnehmende,90,1927,Silent Generation,1,pop_weighted
2017,ahv_einnahmen,75+,75,100,n_personen,166.8855531870273,Anzahl,count,nur_arbeitnehmende,91,1926,Silent Generation,1,pop_weighted
2017,ahv_einnahmen,75+,75,100,n_personen,138.17506284858734,Anzahl,count,nur_arbeitnehmende,92,1925,Silent Generation,1,pop_weighted
2017,ahv_einnahmen,75+,75,100,n_personen,110.35044292658064,Anzahl,count,nur_arbeitnehmende,93,1924,Silent Generation,1,pop_weighted
2017,ahv_einnahmen,75+,75,100,n_personen,85.72220924398526,Anzahl,count,nur_arbeitnehmende,94,1923,Silent Generation,1,pop_weighted
2017,ahv_einnahmen,75+,75,100,n_personen,63.197270234325025,Anzahl,count,nur_arbeitnehmende,95,1922,Silent Generation,1,pop_weighted
2017,ahv_einnahmen,75+,75,100,n_personen,48.54155439754287,Anzahl,count,nur_arbeitnehmende,96,1921,Silent Generation,1,pop_weighted
2017,ahv_einnahmen,75+,75,100,n_personen,32.746122235524915,Anzahl,count,nur_arbeitnehmende,97,1920,Silent Generation,1,pop_weighted
2017,ahv_einnahmen,75+,75,100,n_personen,19.52023233403858,Anzahl,count,nur_arbeitnehmende,98,1919,Silent Generation,1,pop_weighted
2017,ahv_einnahmen,75+,75,100,n_personen,33.3367025131471,Anzahl,count,nur_arbeitnehmende,99,1918,Silent Generation,1,pop_weighted
2017,ahv_einnahmen,75+,75,100,n_personen,0.0,Anzahl,count,nur_arbeitnehmende,100,1917,Silent Generation,1,pop_weighted
2017,ahv_einnahmen,75+,75,100,sum_einkommen,34093149.87664953,CHF,chf,nur_arbeitnehmende,75,1942,Silent Generation,1,pop_weighted
2017,ahv_einnahmen,75+,75,100,sum_einkommen,31418978.995792396,CHF,chf,nur_arbeitnehmende,76,1941,Silent Generation,1,pop_weighted
2017,ahv_einnahmen,75+,75,100,sum_einkommen,28475392.615175508,CHF,chf,nur_arbeitnehmende,77,1940,Silent Generation,1,pop_weighted
2017,ahv_einnahmen,75+,75,100,sum_einkommen,27233910.202363163,CHF,chf,nur_arbeitnehmende,78,1939,Silent Generation,1,pop_weighted
2017,ahv_einnahmen,75+,75,100,sum_einkommen,25816518.218736976,CHF,chf,nur_arbeitnehmende,79,1938,Silent Generation,1,pop_weighted
2017,ahv_einnahmen,75+,75,100,sum_einkommen,24203232.547556534,CHF,chf,nur_arbeitnehmende,80,1937,Silent Generation,1,pop_weighted
2017,ahv_einnahmen,75+,75,100,sum_einkommen,23360445.599590123,CHF,chf,nur_arbeitnehmende,81,1936,Silent Generation,1,pop_weighted
2017,ahv_einnahmen,75+,75,100,sum_einkommen,22314856.874332026,CHF,chf,nur_arbeitnehmende,82,1935,Silent Generation,1,pop_weighted
2017,ahv_einnahmen,75+,75,100,sum_einkommen,20809880.18153486,CHF,chf,nur_arbeitnehmende,83,1934,Silent Generation,1,pop_weighted
2017,ahv_einnahmen,75+,75,100,sum_einkommen,19060159.738040186,CHF,chf,nur_arbeitnehmende,84,1933,Silent Generation,1,pop_weighted
2017,ahv_einnahmen,75+,75,100,sum_einkommen,17760698.714931548,CHF,chf,nur_arbeitnehmende,85,1932,Silent Generation,1,pop_weighted
2017,ahv_einnahmen,75+,75,100,sum_einkommen,16055387.419748925,CHF,chf,nur_arbeitnehmende,86,1931,Silent Generation,1,pop_weighted
2017,ahv_einnahmen,75+,75,100,sum_einkommen,14746057.69701539,CHF,chf,nur_arbeitnehmende,87,1930,Silent Generation,1,pop_weighted
2017,ahv_einnahmen,75+,75,100,sum_einkommen,12757761.440088771,CHF,chf,nur_arbeitnehmende,88,1929,Silent Generation,1,pop_weighted
2017,ahv_einnahmen,75+,75,100,sum_einkommen,11078848.916402752,CHF,chf,nur_arbeitnehmende,89,1928,Silent Generation,1,pop_weighted
2017,ahv_einnahmen,75+,75,100,sum_einkommen,9303469.85388334,CHF,chf,nur_arbeitnehmende,90,1927,Silent Generation,1,pop_weighted
2017,ahv_einnahmen,75+,75,100,sum_einkommen,7947757.242912776,CHF,chf,nur_arbeitnehmende,91,1926,Silent Generation,1,pop_weighted
2017,ahv_einnahmen,75+,75,100,sum_einkommen,6580448.909882957,CHF,chf,nur_arbeitnehmende,92,1925,Silent Generation,1,pop_weighted
2017,ahv_einnahmen,75+,75,100,sum_einkommen,5255329.267749582,CHF,chf,nur_arbeitnehmende,93,1924,Silent Generation,1,pop_weighted
2017,ahv_einnahmen,75+,75,100,sum_einkommen,4082434.3173302826,CHF,chf,nur_arbeitnehmende,94,1923,Silent Generation,1,pop_weighted
2017,ahv_einnahmen,75+,75,100,sum_einkommen,3009706.6681037117,CHF,chf,nur_arbeitnehmende,95,1922,Silent Generation,1,pop_weighted
2017,ahv_einnahmen,75+,75,100,sum_einkommen,2311742.8871326973,CHF,chf,nur_arbeitnehmende,96,1921,Silent Generation,1,pop_weighted
2017,ahv_einnahmen,75+,75,100,sum_einkommen,1559501.2582247364,CHF,chf,nur_arbeitnehmende,97,1920,Silent Generation,1,pop_weighted
2017,ahv_einnahmen,75+,75,100,sum_einkommen,929631.5046655288,CHF,chf,nur_arbeitnehmende,98,1919,Silent Generation,1,pop_weighted
2017,ahv_einnahmen,75+,75,100,sum_einkommen,1587627.0521556998,CHF,chf,nur_arbeitnehmende,99,1918,Silent Generation,1,pop_weighted
2017,ahv_einnahmen,75+,75,100,sum_einkommen,0.0,CHF,chf,nur_arbeitnehmende,100,1917,Silent Generation,1,pop_weighted
2017,ahv_einnahmen,75+,75,100,sum_beitrag_ahv,2863824.58963856,CHF,chf,nur_arbeitnehmende,75,1942,Silent Generation,1,pop_weighted
2017,ahv_einnahmen,75+,75,100,sum_beitrag_ahv,2639194.2356465613,CHF,chf,nur_arbeitnehmende,76,1941,Silent Generation,1,pop_weighted
2017,ahv_einnahmen,75+,75,100,sum_beitrag_ahv,2391932.9796747426,CHF,chf,nur_arbeitnehmende,77,1940,Silent Generation,1,pop_weighted
2017,ahv_einnahmen,75+,75,100,sum_beitrag_ahv,2287648.4569985056,CHF,chf,nur_arbeitnehmende,78,1939,Silent Generation,1,pop_weighted
2017,ahv_einnahmen,75+,75,100,sum_beitrag_ahv,2168587.5303739063,CHF,chf,nur_arbeitnehmende,79,1938,Silent Generation,1,pop_weighted
2017,ahv_einnahmen,75+,75,100,sum_beitrag_ahv,2033071.533994749,CHF,chf,nur_arbeitnehmende,80,1937,Silent Generation,1,pop_weighted
2017,ahv_einnahmen,75+,75,100,sum_beitrag_ahv,1962277.4303655704,CHF,chf,nur_arbeitnehmende,81,1936,Silent Generation,1,pop_weighted
2017,ahv_einnahmen,75+,75,100,sum_beitrag_ahv,1874447.9774438902,CHF,chf,nur_arbeitnehmende,82,1935,Silent Generation,1,pop_weighted
2017,ahv_einnahmen,75+,75,100,sum_beitrag_ahv,1748029.9352489281,CHF,chf,nur_arbeitnehmende,83,1934,Silent Generation,1,pop_weighted
2017,ahv_einnahmen,75+,75,100,sum_beitrag_ahv,1601053.4179953756,CHF,chf,nur_arbeitnehmende,84,1933,Silent Generation,1,pop_weighted
2017,ahv_einnahmen,75+,75,100,sum_beitrag_ahv,1491898.69205425,CHF,chf,nur_arbeitnehmende,85,1932,Silent Generation,1,pop_weighted
2017,ahv_einnahmen,75+,75,100,sum_beitrag_ahv,1348652.5432589096,CHF,chf,nur_arbeitnehmende,86,1931,Silent Generation,1,pop_weighted
2017,ahv_einnahmen,75+,75,100,sum_beitrag_ahv,1238668.8465492928,CHF,chf,nur_arbeitnehmende,87,1930,Silent Generation,1,pop_weighted
2017,ahv_einnahmen,75+,75,100,sum_beitrag_ahv,1071651.960967457,CHF,chf,nur_arbeitnehmende,88,1929,Silent Generation,1,pop_weighted
2017,ahv_einnahmen,75+,75,100,sum_beitrag_ahv,930623.3089778312,CHF,chf,nur_arbeitnehmende,89,1928,Silent Generation,1,pop_weighted
2017,ahv_einnahmen,75+,75,100,sum_beitrag_ahv,781491.4677262005,CHF,chf,nur_arbeitnehmende,90,1927,Silent Generation,1,pop_weighted
2017,ahv_einnahmen,75+,75,100,sum_beitrag_ahv,667611.6084046732,CHF,chf,nur_arbeitnehmende,91,1926,Silent Generation,1,pop_weighted
2017,ahv_einnahmen,75+,75,100,sum_beitrag_ahv,552757.7084301683,CHF,chf,nur_arbeitnehmende,92,1925,Silent Generation,1,pop_weighted
2017,ahv_einnahmen,75+,75,100,sum_beitrag_ahv,441447.65849096497,CHF,chf,nur_arbeitnehmende,93,1924,Silent Generation,1,pop_weighted
2017,ahv_einnahmen,75+,75,100,sum_beitrag_ahv,342924.4826557437,CHF,chf,nur_arbeitnehmende,94,1923,Silent Generation,1,pop_weighted
2017,ahv_einnahmen,75+,75,100,sum_beitrag_ahv,252815.3601207118,CHF,chf,nur_arbeitnehmende,95,1922,Silent Generation,1,pop_weighted
2017,ahv_einnahmen,75+,75,100,sum_beitrag_ahv,194186.4025191466,CHF,chf,nur_arbeitnehmende,96,1921,Silent Generation,1,pop_weighted
2017,ahv_einnahmen,75+,75,100,sum_beitrag_ahv,130998.10569087787,CHF,chf,nur_arbeitnehmende,97,1920,Silent Generation,1,pop_weighted
2017,ahv_einnahmen,75+,75,100,sum_beitrag_ahv,78089.04639190441,CHF,chf,nur_arbeitnehmende,98,1919,Silent Generation,1,pop_weighted
2017,ahv_einnahmen,75+,75,100,sum_beitrag_ahv,133360.6723810788,CHF,chf,nur_arbeitnehmende,99,1918,Silent Generation,1,pop_weighted
2017,ahv_einnahmen,75+,75,100,sum_beitrag_ahv,0.0,CHF,chf,nur_arbeitnehmende,100,1917,Silent Generation,1,pop_weighted
2018,ahv_einnahmen,<20,0,19,n_personen,3692.4532575889284,Anzahl,count,nur_arbeitnehmende,0,2018,Generation Alpha,6,pop_weighted
2018,ahv_einnahmen,<20,0,19,n_personen,7407.446558041701,Anzahl,count,nur_arbeitnehmende,1,2017,Generation Alpha,6,pop_weighted
2018,ahv_einnahmen,<20,0,19,n_personen,7585.195793401451,Anzahl,count,nur_arbeitnehmende,2,2016,Generation Alpha,6,pop_weighted
2018,ahv_einnahmen,<20,0,19,n_personen,7522.117954816698,Anzahl,count,nur_arbeitnehmende,3,2015,Generation Alpha,6,pop_weighted
2018,ahv_einnahmen,<20,0,19,n_personen,7487.493706463112,Anzahl,count,nur_arbeitnehmende,4,2014,Generation Alpha,6,pop_weighted
2018,ahv_einnahmen,<20,0,19,n_personen,7332.670180099859,Anzahl,count,nur_arbeitnehmende,5,2013,Generation Alpha,6,pop_weighted
2018,ahv_einnahmen,<20,0,19,n_personen,7388.291806786686,Anzahl,count,nur_arbeitnehmende,6,2012,Generation Z,5,pop_weighted
2018,ahv_einnahmen,<20,0,19,n_personen,7316.729313283604,Anzahl,count,nur_arbeitnehmende,7,2011,Generation Z,5,pop_weighted
2018,ahv_einnahmen,<20,0,19,n_personen,7417.131063150502,Anzahl,count,nur_arbeitnehmende,8,2010,Generation Z,5,pop_weighted
2018,ahv_einnahmen,<20,0,19,n_personen,7301.98829665782,Anzahl,count,nur_arbeitnehmende,9,2009,Generation Z,5,pop_weighted
2018,ahv_einnahmen,<20,0,19,n_personen,7257.16532168523,Anzahl,count,nur_arbeitnehmende,10,2008,Generation Z,5,pop_weighted
2018,ahv_einnahmen,<20,0,19,n_personen,7120.382399971556,Anzahl,count,nur_arbeitnehmende,11,2007,Generation Z,5,pop_weighted
2018,ahv_einnahmen,<20,0,19,n_personen,7051.948087322203,Anzahl,count,nur_arbeitnehmende,12,2006,Generation Z,5,pop_weighted
2018,ahv_einnahmen,<20,0,19,n_personen,7030.650746441345,Anzahl,count,nur_arbeitnehmende,13,2005,Generation Z,5,pop_weighted
2018,ahv_einnahmen,<20,0,19,n_personen,7028.251046060404,Anzahl,count,nur_arbeitnehmende,14,2004,Generation Z,5,pop_weighted
2018,ahv_einnahmen,<20,0,19,n_personen,6930.506107329548,Anzahl,count,nur_arbeitnehmende,15,2003,Generation Z,5,pop_weighted
2018,ahv_einnahmen,<20,0,19,n_personen,7037.764143999138,Anzahl,count,nur_arbeitnehmende,16,2002,Generation Z,5,pop_weighted
2018,ahv_einnahmen,<20,0,19,n_personen,7077.4449038697085,Anzahl,count,nur_arbeitnehmende,17,2001,Generation Z,5,pop_weighted
2018,ahv_einnahmen,<20,0,19,n_personen,7591.109340768771,Anzahl,count,nur_arbeitnehmende,18,2000,Generation Z,5,pop_weighted
2018,ahv_einnahmen,<20,0,19,n_personen,7643.259972261735,Anzahl,count,nur_arbeitnehmende,19,1999,Generation Z,5,pop_weighted
2018,ahv_einnahmen,<20,0,19,sum_einkommen,46832140.551840216,CHF,chf,nur_arbeitnehmende,0,2018,Generation Alpha,6,pop_weighted
2018,ahv_einnahmen,<20,0,19,sum_einkommen,93950161.08151753,CHF,chf,nur_arbeitnehmende,1,2017,Generation Alpha,6,pop_weighted
2018,ahv_einnahmen,<20,0,19,sum_einkommen,96204591.02081093,CHF,chf,nur_arbeitnehmende,2,2016,Generation Alpha,6,pop_weighted
2018,ahv_einnahmen,<20,0,19,sum_einkommen,95404561.8813124,CHF,chf,nur_arbeitnehmende,3,2015,Generation Alpha,6,pop_weighted
2018,ahv_einnahmen,<20,0,19,sum_einkommen,94965415.45147899,CHF,chf,nur_arbeitnehmende,4,2014,Generation Alpha,6,pop_weighted
2018,ahv_einnahmen,<20,0,19,sum_einkommen,93001756.97253321,CHF,chf,nur_arbeitnehmende,5,2013,Generation Alpha,6,pop_weighted
2018,ahv_einnahmen,<20,0,19,sum_einkommen,93707217.45016167,CHF,chf,nur_arbeitnehmende,6,2012,Generation Z,5,pop_weighted
2018,ahv_einnahmen,<20,0,19,sum_einkommen,92799575.69543168,CHF,chf,nur_arbeitnehmende,7,2011,Generation Z,5,pop_weighted
2018,ahv_einnahmen,<20,0,19,sum_einkommen,94072991.64233729,CHF,chf,nur_arbeitnehmende,8,2010,Generation Z,5,pop_weighted
2018,ahv_einnahmen,<20,0,19,sum_einkommen,92612612.36391845,CHF,chf,nur_arbeitnehmende,9,2009,Generation Z,5,pop_weighted
2018,ahv_einnahmen,<20,0,19,sum_einkommen,92044113.39658457,CHF,chf,nur_arbeitnehmende,10,2008,Generation Z,5,pop_weighted
2018,ahv_einnahmen,<20,0,19,sum_einkommen,90309267.59951983,CHF,chf,nur_arbeitnehmende,11,2007,Generation Z,5,pop_weighted
2018,ahv_einnahmen,<20,0,19,sum_einkommen,89441301.20293075,CHF,chf,nur_arbeitnehmende,12,2006,Generation Z,5,pop_weighted
2018,ahv_einnahmen,<20,0,19,sum_einkommen,89171182.66873865,CHF,chf,nur_arbeitnehmende,13,2005,Generation Z,5,pop_weighted
2018,ahv_einnahmen,<20,0,19,sum_einkommen,89140746.77756208,CHF,chf,nur_arbeitnehmende,14,2004,Generation Z,5,pop_weighted
2018,ahv_einnahmen,<20,0,19,sum_einkommen,87901027.7101734,CHF,chf,nur_arbeitnehmende,15,2003,Generation Z,5,pop_weighted
2018,ahv_einnahmen,<20,0,19,sum_einkommen,89261403.34615493,CHF,chf,nur_arbeitnehmende,16,2002,Generation Z,5,pop_weighted
2018,ahv_einnahmen,<20,0,19,sum_einkommen,89764682.54668185,CHF,chf,nur_arbeitnehmende,17,2001,Generation Z,5,pop_weighted
2018,ahv_einnahmen,<20,0,19,sum_einkommen,96279593.75263892,CHF,chf,nur_arbeitnehmende,18,2000,Generation Z,5,pop_weighted
2018,ahv_einnahmen,<20,0,19,sum_einkommen,96941030.88767269,CHF,chf,nur_arbeitnehmende,19,1999,Generation Z,5,pop_weighted
2018,ahv_einnahmen,<20,0,19,sum_beitrag_ahv,3933899.806354578,CHF,chf,nur_arbeitnehmende,0,2018,Generation Alpha,6,pop_weighted
2018,ahv_einnahmen,<20,0,19,sum_beitrag_ahv,7891813.530847473,CHF,chf,nur_arbeitnehmende,1,2017,Generation Alpha,6,pop_weighted
2018,ahv_einnahmen,<20,0,19,sum_beitrag_ahv,8081185.645748119,CHF,chf,nur_arbeitnehmende,2,2016,Generation Alpha,6,pop_weighted
2018,ahv_einnahmen,<20,0,19,sum_beitrag_ahv,8013983.198030242,CHF,chf,nur_arbeitnehmende,3,2015,Generation Alpha,6,pop_weighted
2018,ahv_einnahmen,<20,0,19,sum_beitrag_ahv,7977094.897924235,CHF,chf,nur_arbeitnehmende,4,2014,Generation Alpha,6,pop_weighted
2018,ahv_einnahmen,<20,0,19,sum_beitrag_ahv,7812147.585692789,CHF,chf,nur_arbeitnehmende,5,2013,Generation Alpha,6,pop_weighted
2018,ahv_einnahmen,<20,0,19,sum_beitrag_ahv,7871406.265813581,CHF,chf,nur_arbeitnehmende,6,2012,Generation Z,5,pop_weighted
2018,ahv_einnahmen,<20,0,19,sum_beitrag_ahv,7795164.358416261,CHF,chf,nur_arbeitnehmende,7,2011,Generation Z,5,pop_weighted
2018,ahv_einnahmen,<20,0,19,sum_beitrag_ahv,7902131.297956333,CHF,chf,nur_arbeitnehmende,8,2010,Generation Z,5,pop_weighted
2018,ahv_einnahmen,<20,0,19,sum_beitrag_ahv,7779459.43856915,CHF,chf,nur_arbeitnehmende,9,2009,Generation Z,5,pop_weighted
2018,ahv_einnahmen,<20,0,19,sum_beitrag_ahv,7731705.5253131045,CHF,chf,nur_arbeitnehmende,10,2008,Generation Z,5,pop_weighted
2018,ahv_einnahmen,<20,0,19,sum_beitrag_ahv,7585978.478359667,CHF,chf,nur_arbeitnehmende,11,2007,Generation Z,5,pop_weighted
2018,ahv_einnahmen,<20,0,19,sum_beitrag_ahv,7513069.301046182,CHF,chf,nur_arbeitnehmende,12,2006,Generation Z,5,pop_weighted
2018,ahv_einnahmen,<20,0,19,sum_beitrag_ahv,7490379.344174047,CHF,chf,nur_arbeitnehmende,13,2005,Generation Z,5,pop_weighted
2018,ahv_einnahmen,<20,0,19,sum_beitrag_ahv,7487822.729315216,CHF,chf,nur_arbeitnehmende,14,2004,Generation Z,5,pop_weighted
2018,ahv_einnahmen,<20,0,19,sum_beitrag_ahv,7383686.327654566,CHF,chf,nur_arbeitnehmende,15,2003,Generation Z,5,pop_weighted
2018,ahv_einnahmen,<20,0,19,sum_beitrag_ahv,7497957.881077014,CHF,chf,nur_arbeitnehmende,16,2002,Generation Z,5,pop_weighted
2018,ahv_einnahmen,<20,0,19,sum_beitrag_ahv,7540233.333921276,CHF,chf,nur_arbeitnehmende,17,2001,Generation Z,5,pop_weighted
2018,ahv_einnahmen,<20,0,19,sum_beitrag_ahv,8087485.87522167,CHF,chf,nur_arbeitnehmende,18,2000,Generation Z,5,pop_weighted
2018,ahv_einnahmen,<20,0,19,sum_beitrag_ahv,8143046.594564506,CHF,chf,nur_arbeitnehmende,19,1999,Generation Z,5,pop_weighted
2018,ahv_einnahmen,20-24,20,24,n_personen,89485.47341055454,Anzahl,count,nur_arbeitnehmende,20,1998,Generation Z,5,pop_weighted
2018,ahv_einnahmen,20-24,20,24,n_personen,91888.01424853063,Anzahl,count,nur_arbeitnehmende,21,1997,Generation Z,5,pop_weighted
2018,ahv_einnahmen,20-24,20,24,n_personen,94549.83968111622,Anzahl,count,nur_arbeitnehmende,22,1996,Millennials,4,pop_weighted
2018,ahv_einnahmen,20-24,20,24,n_personen,95502.83287036025,Anzahl,count,nur_arbeitnehmende,23,1995,Millennials,4,pop_weighted
2018,ahv_einnahmen,20-24,20,24,n_personen,98269.83978943838,Anzahl,count,nur_arbeitnehmende,24,1994,Millennials,4,pop_weighted
2018,ahv_einnahmen,20-24,20,24,sum_einkommen,2631411783.5377226,CHF,chf,nur_arbeitnehmende,20,1998,Generation Z,5,pop_weighted
2018,ahv_einnahmen,20-24,20,24,sum_einkommen,2702060951.8387666,CHF,chf,nur_arbeitnehmende,21,1997,Generation Z,5,pop_weighted
2018,ahv_einnahmen,20-24,20,24,sum_einkommen,2780334648.586065,CHF,chf,nur_arbeitnehmende,22,1996,Millennials,4,pop_weighted
2018,ahv_einnahmen,20-24,20,24,sum_einkommen,2808358387.1017303,CHF,chf,nur_arbeitnehmende,23,1995,Millennials,4,pop_weighted
2018,ahv_einnahmen,20-24,20,24,sum_einkommen,2889725052.9357157,CHF,chf,nur_arbeitnehmende,24,1994,Millennials,4,pop_weighted
2018,ahv_einnahmen,20-24,20,24,sum_beitrag_ahv,221038589.81716874,CHF,chf,nur_arbeitnehmende,20,1998,Generation Z,5,pop_weighted
2018,ahv_einnahmen,20-24,20,24,sum_beitrag_ahv,226973119.95445642,CHF,chf,nur_arbeitnehmende,21,1997,Generation Z,5,pop_weighted
2018,ahv_einnahmen,20-24,20,24,sum_beitrag_ahv,233548110.48122945,CHF,chf,nur_arbeitnehmende,22,1996,Millennials,4,pop_weighted
2018,ahv_einnahmen,20-24,20,24,sum_beitrag_ahv,235902104.51654536,CHF,chf,nur_arbeitnehmende,23,1995,Millennials,4,pop_weighted
2018,ahv_einnahmen,20-24,20,24,sum_beitrag_ahv,242736904.44660014,CHF,chf,nur_arbeitnehmende,24,1994,Millennials,4,pop_weighted
2018,ahv_einnahmen,25-29,25,29,n_personen,111589.22736725037,Anzahl,count,nur_arbeitnehmende,25,1993,Millennials,4,pop_weighted
2018,ahv_einnahmen,25-29,25,29,n_personen,118203.51097537902,Anzahl,count,nur_arbeitnehmende,26,1992,Millennials,4,pop_weighted
2018,ahv_einnahmen,25-29,25,29,n_personen,121604.51602624745,Anzahl,count,nur_arbeitnehmende,27,1991,Millennials,4,pop_weighted
2018,ahv_einnahmen,25-29,25,29,n_personen,125095.37307405661,Anzahl,count,nur_arbeitnehmende,28,1990,Millennials,4,pop_weighted
2018,ahv_einnahmen,25-29,25,29,n_personen,125594.37255706656,Anzahl,count,nur_arbeitnehmende,29,1989,Millennials,4,pop_weighted
2018,ahv_einnahmen,25-29,25,29,sum_einkommen,5550657019.2688875,CHF,chf,nur_arbeitnehmende,25,1993,Millennials,4,pop_weighted
2018,ahv_einnahmen,25-29,25,29,sum_einkommen,5879663865.208116,CHF,chf,nur_arbeitnehmende,26,1992,Millennials,4,pop_weighted
2018,ahv_einnahmen,25-29,25,29,sum_einkommen,6048836221.747902,CHF,chf,nur_arbeitnehmende,27,1991,Millennials,4,pop_weighted
2018,ahv_einnahmen,25-29,25,29,sum_einkommen,6222477984.782215,CHF,chf,nur_arbeitnehmende,28,1990,Millennials,4,pop_weighted
2018,ahv_einnahmen,25-29,25,29,sum_einkommen,6247299152.992881,CHF,chf,nur_arbeitnehmende,29,1989,Millennials,4,pop_weighted
2018,ahv_einnahmen,25-29,25,29,sum_beitrag_ahv,466255189.6185865,CHF,chf,nur_arbeitnehmende,25,1993,Millennials,4,pop_weighted
2018,ahv_einnahmen,25-29,25,29,sum_beitrag_ahv,493891764.67748165,CHF,chf,nur_arbeitnehmende,26,1992,Millennials,4,pop_weighted
2018,ahv_einnahmen,25-29,25,29,sum_beitrag_ahv,508102242.6268237,CHF,chf,nur_arbeitnehmende,27,1991,Millennials,4,pop_weighted
2018,ahv_einnahmen,25-29,25,29,sum_beitrag_ahv,522688150.721706,CHF,chf,nur_arbeitnehmende,28,1990,Millennials,4,pop_weighted
2018,ahv_einnahmen,25-29,25,29,sum_beitrag_ahv,524773128.8514019,CHF,chf,nur_arbeitnehmende,29,1989,Millennials,4,pop_weighted
2018,ahv_einnahmen,30-34,30,34,n_personen,125680.34514354769,Anzahl,count,nur_arbeitnehmende,30,1988,Millennials,4,pop_weighted
2018,ahv_einnahmen,30-34,30,34,n_personen,123846.512820981,Anzahl,count,nur_arbeitnehmende,31,1987,Millennials,4,pop_weighted
2018,ahv_einnahmen,30-34,30,34,n_personen,125723.62296065687,Anzahl,count,nur_arbeitnehmende,32,1986,Millennials,4,pop_weighted
2018,ahv_einnahmen,30-34,30,34,n_personen,126090.1808573769,Anzahl,count,nur_arbeitnehmende,33,1985,Millennials,4,pop_weighted
2018,ahv_einnahmen,30-34,30,34,n_personen,126897.33821743753,Anzahl,count,nur_arbeitnehmende,34,1984,Millennials,4,pop_weighted
2018,ahv_einnahmen,30-34,30,34,sum_einkommen,7949605424.039492,CHF,chf,nur_arbeitnehmende,30,1988,Millennials,4,pop_weighted
2018,ahv_einnahmen,30-34,30,34,sum_einkommen,7833610808.003036,CHF,chf,nur_arbeitnehmende,31,1987,Millennials,4,pop_weighted
2018,ahv_einnahmen,30-34,30,34,sum_einkommen,7952342857.400601,CHF,chf,nur_arbeitnehmende,32,1986,Millennials,4,pop_weighted
2018,ahv_einnahmen,30-34,30,34,sum_einkommen,7975528588.157959,CHF,chf,nur_arbeitnehmende,33,1985,Millennials,4,pop_weighted
2018,ahv_einnahmen,30-34,30,34,sum_einkommen,8026583369.398912,CHF,chf,nur_arbeitnehmende,34,1984,Millennials,4,pop_weighted
2018,ahv_einnahmen,30-34,30,34,sum_beitrag_ahv,667766855.6193173,CHF,chf,nur_arbeitnehmende,30,1988,Millennials,4,pop_weighted
2018,ahv_einnahmen,30-34,30,34,sum_beitrag_ahv,658023307.872255,CHF,chf,nur_arbeitnehmende,31,1987,Millennials,4,pop_weighted
2018,ahv_einnahmen,30-34,30,34,sum_beitrag_ahv,667996800.0216504,CHF,chf,nur_arbeitnehmende,32,1986,Millennials,4,pop_weighted
2018,ahv_einnahmen,30-34,30,34,sum_beitrag_ahv,669944401.4052685,CHF,chf,nur_arbeitnehmende,33,1985,Millennials,4,pop_weighted
2018,ahv_einnahmen,30-34,30,34,sum_beitrag_ahv,674233003.0295086,CHF,chf,nur_arbeitnehmende,34,1984,Millennials,4,pop_weighted
2018,ahv_einnahmen,35-39,35,39,n_personen,121225.61474267526,Anzahl,count,nur_arbeitnehmende,35,1983,Millennials,4,pop_weighted
2018,ahv_einnahmen,35-39,35,39,n_personen,123605.25807103334,Anzahl,count,nur_arbeitnehmende,36,1982,Millennials,4,pop_weighted
2018,ahv_einnahmen,35-39,35,39,n_personen,122633.29815613481,Anzahl,count,nur_arbeitnehmende,37,1981,Millennials,4,pop_weighted
2018,ahv_einnahmen,35-39,35,39,n_personen,122829.29834579893,Anzahl,count,nur_arbeitnehmende,38,1980,Generation X,3,pop_weighted
2018,ahv_einnahmen,35-39,35,39,n_personen,119151.53068435765,Anzahl,count,nur_arbeitnehmende,39,1979,Generation X,3,pop_weighted
2018,ahv_einnahmen,35-39,35,39,sum_einkommen,8664411198.36851,CHF,chf,nur_arbeitnehmende,35,1983,Millennials,4,pop_weighted
2018,ahv_einnahmen,35-39,35,39,sum_einkommen,8834492483.137531,CHF,chf,nur_arbeitnehmende,36,1982,Millennials,4,pop_weighted
2018,ahv_einnahmen,35-39,35,39,sum_einkommen,8765023168.513817,CHF,chf,nur_arbeitnehmende,37,1981,Millennials,4,pop_weighted
2018,ahv_einnahmen,35-39,35,39,sum_einkommen,8779031975.495848,CHF,chf,nur_arbeitnehmende,38,1980,Generation X,3,pop_weighted
2018,ahv_einnahmen,35-39,35,39,sum_einkommen,8516169284.484295,CHF,chf,nur_arbeitnehmende,39,1979,Generation X,3,pop_weighted
2018,ahv_einnahmen,35-39,35,39,sum_beitrag_ahv,727810540.6629547,CHF,chf,nur_arbeitnehmende,35,1983,Millennials,4,pop_weighted
2018,ahv_einnahmen,35-39,35,39,sum_beitrag_ahv,742097368.5835526,CHF,chf,nur_arbeitnehmende,36,1982,Millennials,4,pop_weighted
2018,ahv_einnahmen,35-39,35,39,sum_beitrag_ahv,736261946.1551605,CHF,chf,nur_arbeitnehmende,37,1981,Millennials,4,pop_weighted
2018,ahv_einnahmen,35-39,35,39,sum_beitrag_ahv,737438685.9416511,CHF,chf,nur_arbeitnehmende,38,1980,Generation X,3,pop_weighted
2018,ahv_einnahmen,35-39,35,39,sum_beitrag_ahv,715358219.8966807,CHF,chf,nur_arbeitnehmende,39,1979,Generation X,3,pop_weighted
2018,ahv_einnahmen,40-44,40,44,n_personen,114887.45625204427,Anzahl,count,nur_arbeitnehmende,40,1978,Generation X,3,pop_weighted
2018,ahv_einnahmen,40-44,40,44,n_personen,114636.2492619177,Anzahl,count,nur_arbeitnehmende,41,1977,Generation X,3,pop_weighted
2018,ahv_einnahmen,40-44,40,44,n_personen,113632.89321736922,Anzahl,count,nur_arbeitnehmende,42,1976,Generation X,3,pop_weighted
2018,ahv_einnahmen,40-44,40,44,n_personen,113038.72980908156,Anzahl,count,nur_arbeitnehmende,43,1975,Generation X,3,pop_weighted
2018,ahv_einnahmen,40-44,40,44,n_personen,115321.67145958726,Anzahl,count,nur_arbeitnehmende,44,1974,Generation X,3,pop_weighted
2018,ahv_einnahmen,40-44,40,44,sum_einkommen,9103124438.955017,CHF,chf,nur_arbeitnehmende,40,1978,Generation X,3,pop_weighted
2018,ahv_einnahmen,40-44,40,44,sum_einkommen,9083220016.264687,CHF,chf,nur_arbeitnehmende,41,1977,Generation X,3,pop_weighted
2018,ahv_einnahmen,40-44,40,44,sum_einkommen,9003718952.980068,CHF,chf,nur_arbeitnehmende,42,1976,Generation X,3,pop_weighted
2018,ahv_einnahmen,40-44,40,44,sum_einkommen,8956640328.21837,CHF,chf,nur_arbeitnehmende,43,1975,Generation X,3,pop_weighted
2018,ahv_einnahmen,40-44,40,44,sum_einkommen,9137529544.581858,CHF,chf,nur_arbeitnehmende,44,1974,Generation X,3,pop_weighted
2018,ahv_einnahmen,40-44,40,44,sum_beitrag_ahv,764662452.8722215,CHF,chf,nur_arbeitnehmende,40,1978,Generation X,3,pop_weighted
2018,ahv_einnahmen,40-44,40,44,sum_beitrag_ahv,762990481.3662337,CHF,chf,nur_arbeitnehmende,41,1977,Generation X,3,pop_weighted
2018,ahv_einnahmen,40-44,40,44,sum_beitrag_ahv,756312392.0503258,CHF,chf,nur_arbeitnehmende,42,1976,Generation X,3,pop_weighted
2018,ahv_einnahmen,40-44,40,44,sum_beitrag_ahv,752357787.5703431,CHF,chf,nur_arbeitnehmende,43,1975,Generation X,3,pop_weighted
2018,ahv_einnahmen,40-44,40,44,sum_beitrag_ahv,767552481.744876,CHF,chf,nur_arbeitnehmende,44,1974,Generation X,3,pop_weighted
2018,ahv_einnahmen,45-49,45,49,n_personen,112923.17819059943,Anzahl,count,nur_arbeitnehmende,45,1973,Generation X,3,pop_weighted
2018,ahv_einnahmen,45-49,45,49,n_personen,116058.3253316885,Anzahl,count,nur_arbeitnehmende,46,1972,Generation X,3,pop_weighted
2018,ahv_einnahmen,45-49,45,49,n_personen,119460.87364028882,Anzahl,count,nur_arbeitnehmende,47,1971,Generation X,3,pop_weighted
2018,ahv_einnahmen,45-49,45,49,n_personen,120890.2022422989,Anzahl,count,nur_arbeitnehmende,48,1970,Generation X,3,pop_weighted
2018,ahv_einnahmen,45-49,45,49,n_personen,123946.42059512435,Anzahl,count,nur_arbeitnehmende,49,1969,Generation X,3,pop_weighted
2018,ahv_einnahmen,45-49,45,49,sum_einkommen,9614890463.637789,CHF,chf,nur_arbeitnehmende,45,1973,Generation X,3,pop_weighted
2018,ahv_einnahmen,45-49,45,49,sum_einkommen,9881833856.765453,CHF,chf,nur_arbeitnehmende,46,1972,Generation X,3,pop_weighted
2018,ahv_einnahmen,45-49,45,49,sum_einkommen,10171545232.309713,CHF,chf,nur_arbeitnehmende,47,1971,Generation X,3,pop_weighted
2018,ahv_einnahmen,45-49,45,49,sum_einkommen,10293246004.153694,CHF,chf,nur_arbeitnehmende,48,1970,Generation X,3,pop_weighted
2018,ahv_einnahmen,45-49,45,49,sum_einkommen,10553468973.133348,CHF,chf,nur_arbeitnehmende,49,1969,Generation X,3,pop_weighted
2018,ahv_einnahmen,45-49,45,49,sum_beitrag_ahv,807650798.9455743,CHF,chf,nur_arbeitnehmende,45,1973,Generation X,3,pop_weighted
2018,ahv_einnahmen,45-49,45,49,sum_beitrag_ahv,830074043.9682981,CHF,chf,nur_arbeitnehmende,46,1972,Generation X,3,pop_weighted
2018,ahv_einnahmen,45-49,45,49,sum_beitrag_ahv,854409799.5140159,CHF,chf,nur_arbeitnehmende,47,1971,Generation X,3,pop_weighted
2018,ahv_einnahmen,45-49,45,49,sum_beitrag_ahv,864632664.3489103,CHF,chf,nur_arbeitnehmende,48,1970,Generation X,3,pop_weighted
2018,ahv_einnahmen,45-49,45,49,sum_beitrag_ahv,886491393.7432013,CHF,chf,nur_arbeitnehmende,49,1969,Generation X,3,pop_weighted
2018,ahv_einnahmen,50-54,50,54,n_personen,121241.65229406004,Anzahl,count,nur_arbeitnehmende,50,1968,Generation X,3,pop_weighted
2018,ahv_einnahmen,50-54,50,54,n_personen,122165.48751380574,Anzahl,count,nur_arbeitnehmende,51,1967,Generation X,3,pop_weighted
2018,ahv_einnahmen,50-54,50,54,n_personen,124207.57700700483,Anzahl,count,nur_arbeitnehmende,52,1966,Generation X,3,pop_weighted
2018,ahv_einnahmen,50-54,50,54,n_personen,124111.97614844408,Anzahl,count,nur_arbeitnehmende,53,1965,Generation X,3,pop_weighted
2018,ahv_einnahmen,50-54,50,54,n_personen,125838.30703668532,Anzahl,count,nur_arbeitnehmende,54,1964,Babyboomers,2,pop_weighted
2018,ahv_einnahmen,50-54,50,54,sum_einkommen,10535561996.934877,CHF,chf,nur_arbeitnehmende,50,1968,Generation X,3,pop_weighted
2018,ahv_einnahmen,50-54,50,54,sum_einkommen,10615840705.18752,CHF,chf,nur_arbeitnehmende,51,1967,Generation X,3,pop_weighted
2018,ahv_einnahmen,50-54,50,54,sum_einkommen,10793292596.116114,CHF,chf,nur_arbeitnehmende,52,1966,Generation X,3,pop_weighted
2018,ahv_einnahmen,50-54,50,54,sum_einkommen,10784985147.69992,CHF,chf,nur_arbeitnehmende,53,1965,Generation X,3,pop_weighted
2018,ahv_einnahmen,50-54,50,54,sum_einkommen,10934998495.061571,CHF,chf,nur_arbeitnehmende,54,1964,Babyboomers,2,pop_weighted
2018,ahv_einnahmen,50-54,50,54,sum_beitrag_ahv,884987207.7425297,CHF,chf,nur_arbeitnehmende,50,1968,Generation X,3,pop_weighted
2018,ahv_einnahmen,50-54,50,54,sum_beitrag_ahv,891730619.2357515,CHF,chf,nur_arbeitnehmende,51,1967,Generation X,3,pop_weighted
2018,ahv_einnahmen,50-54,50,54,sum_beitrag_ahv,906636578.0737535,CHF,chf,nur_arbeitnehmende,52,1966,Generation X,3,pop_weighted
2018,ahv_einnahmen,50-54,50,54,sum_beitrag_ahv,905938752.4067934,CHF,chf,nur_arbeitnehmende,53,1965,Generation X,3,pop_weighted
2018,ahv_einnahmen,50-54,50,54,sum_beitrag_ahv,918539873.5851718,CHF,chf,nur_arbeitnehmende,54,1964,Babyboomers,2,pop_weighted
2018,ahv_einnahmen,55-59,55,59,n_personen,112632.28599872538,Anzahl,count,nur_arbeitnehmende,55,1963,Babyboomers,2,pop_weighted
2018,ahv_einnahmen,55-59,55,59,n_personen,107954.22416433899,Anzahl,count,nur_arbeitnehmende,56,1962,Babyboomers,2,pop_weighted
2018,ahv_einnahmen,55-59,55,59,n_personen,103876.15422855124,Anzahl,count,nur_arbeitnehmende,57,1961,Babyboomers,2,pop_weighted
2018,ahv_einnahmen,55-59,55,59,n_personen,100657.58973273046,Anzahl,count,nur_arbeitnehmende,58,1960,Babyboomers,2,pop_weighted
2018,ahv_einnahmen,55-59,55,59,n_personen,97088.74587565393,Anzahl,count,nur_arbeitnehmende,59,1959,Babyboomers,2,pop_weighted
2018,ahv_einnahmen,55-59,55,59,sum_einkommen,9597822652.342804,CHF,chf,nur_arbeitnehmende,55,1963,Babyboomers,2,pop_weighted
2018,ahv_einnahmen,55-59,55,59,sum_einkommen,9199187328.154835,CHF,chf,nur_arbeitnehmende,56,1962,Babyboomers,2,pop_weighted
2018,ahv_einnahmen,55-59,55,59,sum_einkommen,8851679580.616222,CHF,chf,nur_arbeitnehmende,57,1961,Babyboomers,2,pop_weighted
2018,ahv_einnahmen,55-59,55,59,sum_einkommen,8577413539.11579,CHF,chf,nur_arbeitnehmende,58,1960,Babyboomers,2,pop_weighted
2018,ahv_einnahmen,55-59,55,59,sum_einkommen,8273298869.770349,CHF,chf,nur_arbeitnehmende,59,1959,Babyboomers,2,pop_weighted
2018,ahv_einnahmen,55-59,55,59,sum_beitrag_ahv,806217102.7967956,CHF,chf,nur_arbeitnehmende,55,1963,Babyboomers,2,pop_weighted
2018,ahv_einnahmen,55-59,55,59,sum_beitrag_ahv,772731735.5650061,CHF,chf,nur_arbeitnehmende,56,1962,Babyboomers,2,pop_weighted
2018,ahv_einnahmen,55-59,55,59,sum_beitrag_ahv,743541084.7717627,CHF,chf,nur_arbeitnehmende,57,1961,Babyboomers,2,pop_weighted
2018,ahv_einnahmen,55-59,55,59,sum_beitrag_ahv,720502737.2857264,CHF,chf,nur_arbeitnehmende,58,1960,Babyboomers,2,pop_weighted
2018,ahv_einnahmen,55-59,55,59,sum_beitrag_ahv,694957105.0607094,CHF,chf,nur_arbeitnehmende,59,1959,Babyboomers,2,pop_weighted
2018,ahv_einnahmen,60-64,60,64,n_personen,74339.09141269868,Anzahl,count,nur_arbeitnehmende,60,1958,Babyboomers,2,pop_weighted
2018,ahv_einnahmen,60-64,60,64,n_personen,72128.4144045627,Anzahl,count,nur_arbeitnehmende,61,1957,Babyboomers,2,pop_weighted
2018,ahv_einnahmen,60-64,60,64,n_personen,69567.21010179097,Anzahl,count,nur_arbeitnehmende,62,1956,Babyboomers,2,pop_weighted
2018,ahv_einnahmen,60-64,60,64,n_personen,66275.2570767066,Anzahl,count,nur_arbeitnehmende,63,1955,Babyboomers,2,pop_weighted
2018,ahv_einnahmen,60-64,60,64,n_personen,63827.02700424104,Anzahl,count,nur_arbeitnehmende,64,1954,Babyboomers,2,pop_weighted
2018,ahv_einnahmen,60-64,60,64,sum_einkommen,5563500562.03735,CHF,chf,nur_arbeitnehmende,60,1958,Babyboomers,2,pop_weighted
2018,ahv_einnahmen,60-64,60,64,sum_einkommen,5398054596.213417,CHF,chf,nur_arbeitnehmende,61,1957,Babyboomers,2,pop_weighted
2018,ahv_einnahmen,60-64,60,64,sum_einkommen,5206375342.3084,CHF,chf,nur_arbeitnehmende,62,1956,Babyboomers,2,pop_weighted
2018,ahv_einnahmen,60-64,60,64,sum_einkommen,4960007218.11945,CHF,chf,nur_arbeitnehmende,63,1955,Babyboomers,2,pop_weighted
2018,ahv_einnahmen,60-64,60,64,sum_einkommen,4776782899.321383,CHF,chf,nur_arbeitnehmende,64,1954,Babyboomers,2,pop_weighted
2018,ahv_einnahmen,60-64,60,64,sum_beitrag_ahv,467334047.2111374,CHF,chf,nur_arbeitnehmende,60,1958,Babyboomers,2,pop_weighted
2018,ahv_einnahmen,60-64,60,64,sum_beitrag_ahv,453436586.08192706,CHF,chf,nur_arbeitnehmende,61,1957,Babyboomers,2,pop_weighted
2018,ahv_einnahmen,60-64,60,64,sum_beitrag_ahv,437335528.75390565,CHF,chf,nur_arbeitnehmende,62,1956,Babyboomers,2,pop_weighted
2018,ahv_einnahmen,60-64,60,64,sum_beitrag_ahv,416640606.3220338,CHF,chf,nur_arbeitnehmende,63,1955,Babyboomers,2,pop_weighted
2018,ahv_einnahmen,60-64,60,64,sum_beitrag_ahv,401249763.5429962,CHF,chf,nur_arbeitnehmende,64,1954,Babyboomers,2,pop_weighted
2018,ahv_einnahmen,65-69,65,69,n_personen,13619.45777766962,Anzahl,count,nur_arbeitnehmende,65,1953,Babyboomers,2,pop_weighted
2018,ahv_einnahmen,65-69,65,69,n_personen,13398.734592065191,Anzahl,count,nur_arbeitnehmende,66,1952,Babyboomers,2,pop_weighted
2018,ahv_einnahmen,65-69,65,69,n_personen,12804.989222789281,Anzahl,count,nur_arbeitnehmende,67,1951,Babyboomers,2,pop_weighted
2018,ahv_einnahmen,65-69,65,69,n_personen,13074.423732113308,Anzahl,count,nur_arbeitnehmende,68,1950,Babyboomers,2,pop_weighted
2018,ahv_einnahmen,65-69,65,69,n_personen,12781.3946753626,Anzahl,count,nur_arbeitnehmende,69,1949,Babyboomers,2,pop_weighted
2018,ahv_einnahmen,65-69,65,69,sum_einkommen,688219601.2446705,CHF,chf,nur_arbeitnehmende,65,1953,Babyboomers,2,pop_weighted
2018,ahv_einnahmen,65-69,65,69,sum_einkommen,677065998.4168694,CHF,chf,nur_arbeitnehmende,66,1952,Babyboomers,2,pop_weighted
2018,ahv_einnahmen,65-69,65,69,sum_einkommen,647062806.8100847,CHF,chf,nur_arbeitnehmende,67,1951,Babyboomers,2,pop_weighted
2018,ahv_einnahmen,65-69,65,69,sum_einkommen,660677894.3998833,CHF,chf,nur_arbeitnehmende,68,1950,Babyboomers,2,pop_weighted
2018,ahv_einnahmen,65-69,65,69,sum_einkommen,645870525.1284921,CHF,chf,nur_arbeitnehmende,69,1949,Babyboomers,2,pop_weighted
2018,ahv_einnahmen,65-69,65,69,sum_beitrag_ahv,57810446.50455233,CHF,chf,nur_arbeitnehmende,65,1953,Babyboomers,2,pop_weighted
2018,ahv_einnahmen,65-69,65,69,sum_beitrag_ahv,56873543.86701703,CHF,chf,nur_arbeitnehmende,66,1952,Babyboomers,2,pop_weighted
2018,ahv_einnahmen,65-69,65,69,sum_beitrag_ahv,54353275.77204711,CHF,chf,nur_arbeitnehmende,67,1951,Babyboomers,2,pop_weighted
2018,ahv_einnahmen,65-69,65,69,sum_beitrag_ahv,55496943.12959019,CHF,chf,nur_arbeitnehmende,68,1950,Babyboomers,2,pop_weighted
2018,ahv_einnahmen,65-69,65,69,sum_beitrag_ahv,54253124.11079334,CHF,chf,nur_arbeitnehmende,69,1949,Babyboomers,2,pop_weighted
2018,ahv_einnahmen,70-74,70,74,n_personen,3563.8080204778157,Anzahl,count,nur_arbeitnehmende,70,1948,Babyboomers,2,pop_weighted
2018,ahv_einnahmen,70-74,70,74,n_personen,3491.326081811614,Anzahl,count,nur_arbeitnehmende,71,1947,Babyboomers,2,pop_weighted
2018,ahv_einnahmen,70-74,70,74,n_personen,3453.3100445928103,Anzahl,count,nur_arbeitnehmende,72,1946,Babyboomers,2,pop_weighted
2018,ahv_einnahmen,70-74,70,74,n_personen,3272.0206708851297,Anzahl,count,nur_arbeitnehmende,73,1945,Silent Generation,1,pop_weighted
2018,ahv_einnahmen,70-74,70,74,n_personen,3184.53518223263,Anzahl,count,nur_arbeitnehmende,74,1944,Silent Generation,1,pop_weighted
2018,ahv_einnahmen,70-74,70,74,sum_einkommen,163077370.32969284,CHF,chf,nur_arbeitnehmende,70,1948,Babyboomers,2,pop_weighted
2018,ahv_einnahmen,70-74,70,74,sum_einkommen,159760647.35074362,CHF,chf,nur_arbeitnehmende,71,1947,Babyboomers,2,pop_weighted
2018,ahv_einnahmen,70-74,70,74,sum_einkommen,158021059.9923968,CHF,chf,nur_arbeitnehmende,72,1946,Babyboomers,2,pop_weighted
2018,ahv_einnahmen,70-74,70,74,sum_einkommen,149725384.64650607,CHF,chf,nur_arbeitnehmende,73,1945,Silent Generation,1,pop_weighted
2018,ahv_einnahmen,70-74,70,74,sum_einkommen,145722109.68066067,CHF,chf,nur_arbeitnehmende,74,1944,Silent Generation,1,pop_weighted
2018,ahv_einnahmen,70-74,70,74,sum_beitrag_ahv,13698499.1076942,CHF,chf,nur_arbeitnehmende,70,1948,Babyboomers,2,pop_weighted
2018,ahv_einnahmen,70-74,70,74,sum_beitrag_ahv,13419894.377462465,CHF,chf,nur_arbeitnehmende,71,1947,Babyboomers,2,pop_weighted
2018,ahv_einnahmen,70-74,70,74,sum_beitrag_ahv,13273769.039361332,CHF,chf,nur_arbeitnehmende,72,1946,Babyboomers,2,pop_weighted
2018,ahv_einnahmen,70-74,70,74,sum_beitrag_ahv,12576932.310306508,CHF,chf,nur_arbeitnehmende,73,1945,Silent Generation,1,pop_weighted
2018,ahv_einnahmen,70-74,70,74,sum_beitrag_ahv,12240657.213175496,CHF,chf,nur_arbeitnehmende,74,1944,Silent Generation,1,pop_weighted
2018,ahv_einnahmen,75+,75,100,n_personen,765.6621488864023,Anzahl,count,nur_arbeitnehmende,75,1943,Silent Generation,1,pop_weighted
2018,ahv_einnahmen,75+,75,100,n_personen,720.8946557745194,Anzahl,count,nur_arbeitnehmende,76,1942,Silent Generation,1,pop_weighted
2018,ahv_einnahmen,75+,75,100,n_personen,662.8264052757469,Anzahl,count,nur_arbeitnehmende,77,1941,Silent Generation,1,pop_weighted
2018,ahv_einnahmen,75+,75,100,n_personen,598.4967806064635,Anzahl,count,nur_arbeitnehmende,78,1940,Silent Generation,1,pop_weighted
2018,ahv_einnahmen,75+,75,100,n_personen,571.143900932223,Anzahl,count,nur_arbeitnehmende,79,1939,Silent Generation,1,pop_weighted
2018,ahv_einnahmen,75+,75,100,n_personen,539.2934895133772,Anzahl,count,nur_arbeitnehmende,80,1938,Silent Generation,1,pop_weighted
2018,ahv_einnahmen,75+,75,100,n_personen,503.16402834225875,Anzahl,count,nur_arbeitnehmende,81,1937,Silent Generation,1,pop_weighted
2018,ahv_einnahmen,75+,75,100,n_personen,483.28216703998106,Anzahl,count,nur_arbeitnehmende,82,1936,Silent Generation,1,pop_weighted
2018,ahv_einnahmen,75+,75,100,n_personen,458.62034605178985,Anzahl,count,nur_arbeitnehmende,83,1935,Silent Generation,1,pop_weighted
2018,ahv_einnahmen,75+,75,100,n_personen,424.69169129124253,Anzahl,count,nur_arbeitnehmende,84,1934,Silent Generation,1,pop_weighted
2018,ahv_einnahmen,75+,75,100,n_personen,385.66334709990457,Anzahl,count,nur_arbeitnehmende,85,1933,Silent Generation,1,pop_weighted
2018,ahv_einnahmen,75+,75,100,n_personen,355.97644028806087,Anzahl,count,nur_arbeitnehmende,86,1932,Silent Generation,1,pop_weighted
2018,ahv_einnahmen,75+,75,100,n_personen,318.2643168798005,Anzahl,count,nur_arbeitnehmende,87,1931,Silent Generation,1,pop_weighted
2018,ahv_einnahmen,75+,75,100,n_personen,288.29498212664856,Anzahl,count,nur_arbeitnehmende,88,1930,Silent Generation,1,pop_weighted
2018,ahv_einnahmen,75+,75,100,n_personen,245.78691254523096,Anzahl,count,nur_arbeitnehmende,89,1929,Silent Generation,1,pop_weighted
2018,ahv_einnahmen,75+,75,100,n_personen,209.31107748382894,Anzahl,count,nur_arbeitnehmende,90,1928,Silent Generation,1,pop_weighted
2018,ahv_einnahmen,75+,75,100,n_personen,173.0430667565971,Anzahl,count,nur_arbeitnehmende,91,1927,Silent Generation,1,pop_weighted
2018,ahv_einnahmen,75+,75,100,n_personen,144.4272545900918,Anzahl,count,nur_arbeitnehmende,92,1926,Silent Generation,1,pop_weighted
2018,ahv_einnahmen,75+,75,100,n_personen,117.1756226683957,Anzahl,count,nur_arbeitnehmende,93,1925,Silent Generation,1,pop_weighted
2018,ahv_einnahmen,75+,75,100,n_personen,91.29882864967136,Anzahl,count,nur_arbeitnehmende,94,1924,Silent Generation,1,pop_weighted
2018,ahv_einnahmen,75+,75,100,n_personen,69.04030957714015,Anzahl,count,nur_arbeitnehmende,95,1923,Silent Generation,1,pop_weighted
2018,ahv_einnahmen,75+,75,100,n_personen,49.37160143811388,Anzahl,count,nur_arbeitnehmende,96,1922,Silent Generation,1,pop_weighted
2018,ahv_einnahmen,75+,75,100,n_personen,36.880826071579726,Anzahl,count,nur_arbeitnehmende,97,1921,Silent Generation,1,pop_weighted
2018,ahv_einnahmen,75+,75,100,n_personen,23.74526238620998,Anzahl,count,nur_arbeitnehmende,98,1920,Silent Generation,1,pop_weighted
2018,ahv_einnahmen,75+,75,100,n_personen,35.644537724721395,Anzahl,count,nur_arbeitnehmende,99,1919,Silent Generation,1,pop_weighted
2018,ahv_einnahmen,75+,75,100,n_personen,0.0,Anzahl,count,nur_arbeitnehmende,100,1918,Silent Generation,1,pop_weighted
2018,ahv_einnahmen,75+,75,100,sum_einkommen,37196709.40275306,CHF,chf,nur_arbeitnehmende,75,1943,Silent Generation,1,pop_weighted
2018,ahv_einnahmen,75+,75,100,sum_einkommen,35021855.34421775,CHF,chf,nur_arbeitnehmende,76,1942,Silent Generation,1,pop_weighted
2018,ahv_einnahmen,75+,75,100,sum_einkommen,32200835.861315805,CHF,chf,nur_arbeitnehmende,77,1941,Silent Generation,1,pop_weighted
2018,ahv_einnahmen,75+,75,100,sum_einkommen,29075631.93385024,CHF,chf,nur_arbeitnehmende,78,1940,Silent Generation,1,pop_weighted
2018,ahv_einnahmen,75+,75,100,sum_einkommen,27746798.951769333,CHF,chf,nur_arbeitnehmende,79,1939,Silent Generation,1,pop_weighted
2018,ahv_einnahmen,75+,75,100,sum_einkommen,26199470.930359315,CHF,chf,nur_arbeitnehmende,80,1938,Silent Generation,1,pop_weighted
2018,ahv_einnahmen,75+,75,100,sum_einkommen,24444261.96513263,CHF,chf,nur_arbeitnehmende,81,1937,Silent Generation,1,pop_weighted
2018,ahv_einnahmen,75+,75,100,sum_einkommen,23478379.27350125,CHF,chf,nur_arbeitnehmende,82,1936,Silent Generation,1,pop_weighted
2018,ahv_einnahmen,75+,75,100,sum_einkommen,22280280.88248811,CHF,chf,nur_arbeitnehmende,83,1935,Silent Generation,1,pop_weighted
2018,ahv_einnahmen,75+,75,100,sum_einkommen,20631989.51352081,CHF,chf,nur_arbeitnehmende,84,1934,Silent Generation,1,pop_weighted
2018,ahv_einnahmen,75+,75,100,sum_einkommen,18735949.622470625,CHF,chf,nur_arbeitnehmende,85,1933,Silent Generation,1,pop_weighted
2018,ahv_einnahmen,75+,75,100,sum_einkommen,17293727.034671534,CHF,chf,nur_arbeitnehmende,86,1932,Silent Generation,1,pop_weighted
2018,ahv_einnahmen,75+,75,100,sum_einkommen,15461630.597074298,CHF,chf,nur_arbeitnehmende,87,1931,Silent Generation,1,pop_weighted
2018,ahv_einnahmen,75+,75,100,sum_einkommen,14005687.349222546,CHF,chf,nur_arbeitnehmende,88,1930,Silent Generation,1,pop_weighted
2018,ahv_einnahmen,75+,75,100,sum_einkommen,11940598.571108496,CHF,chf,nur_arbeitnehmende,89,1929,Silent Generation,1,pop_weighted
2018,ahv_einnahmen,75+,75,100,sum_einkommen,10168562.381288929,CHF,chf,nur_arbeitnehmende,90,1928,Silent Generation,1,pop_weighted
2018,ahv_einnahmen,75+,75,100,sum_einkommen,8406622.526225094,CHF,chf,nur_arbeitnehmende,91,1927,Silent Generation,1,pop_weighted
2018,ahv_einnahmen,75+,75,100,sum_einkommen,7016434.894474753,CHF,chf,nur_arbeitnehmende,92,1926,Silent Generation,1,pop_weighted
2018,ahv_einnahmen,75+,75,100,sum_einkommen,5692520.639582532,CHF,chf,nur_arbeitnehmende,93,1925,Silent Generation,1,pop_weighted
2018,ahv_einnahmen,75+,75,100,sum_einkommen,4435397.522305131,CHF,chf,nur_arbeitnehmende,94,1924,Silent Generation,1,pop_weighted
2018,ahv_einnahmen,75+,75,100,sum_einkommen,3354054.1819287506,CHF,chf,nur_arbeitnehmende,95,1923,Silent Generation,1,pop_weighted
2018,ahv_einnahmen,75+,75,100,sum_einkommen,2398526.70543145,CHF,chf,nur_arbeitnehmende,96,1922,Silent Generation,1,pop_weighted
2018,ahv_einnahmen,75+,75,100,sum_einkommen,1791711.0985743192,CHF,chf,nur_arbeitnehmende,97,1921,Silent Generation,1,pop_weighted
2018,ahv_einnahmen,75+,75,100,sum_einkommen,1153570.965936594,CHF,chf,nur_arbeitnehmende,98,1920,Silent Generation,1,pop_weighted
2018,ahv_einnahmen,75+,75,100,sum_einkommen,1731650.8507966509,CHF,chf,nur_arbeitnehmende,99,1919,Silent Generation,1,pop_weighted
2018,ahv_einnahmen,75+,75,100,sum_einkommen,0.0,CHF,chf,nur_arbeitnehmende,100,1918,Silent Generation,1,pop_weighted
2018,ahv_einnahmen,75+,75,100,sum_beitrag_ahv,3124523.5898312572,CHF,chf,nur_arbeitnehmende,75,1943,Silent Generation,1,pop_weighted
2018,ahv_einnahmen,75+,75,100,sum_beitrag_ahv,2941835.8489142912,CHF,chf,nur_arbeitnehmende,76,1942,Silent Generation,1,pop_weighted
2018,ahv_einnahmen,75+,75,100,sum_beitrag_ahv,2704870.2123505278,CHF,chf,nur_arbeitnehmende,77,1941,Silent Generation,1,pop_weighted
2018,ahv_einnahmen,75+,75,100,sum_beitrag_ahv,2442353.0824434203,CHF,chf,nur_arbeitnehmende,78,1940,Silent Generation,1,pop_weighted
2018,ahv_einnahmen,75+,75,100,sum_beitrag_ahv,2330731.1119486243,CHF,chf,nur_arbeitnehmende,79,1939,Silent Generation,1,pop_weighted
2018,ahv_einnahmen,75+,75,100,sum_beitrag_ahv,2200755.5581501825,CHF,chf,nur_arbeitnehmende,80,1938,Silent Generation,1,pop_weighted
2018,ahv_einnahmen,75+,75,100,sum_beitrag_ahv,2053318.0050711413,CHF,chf,nur_arbeitnehmende,81,1937,Silent Generation,1,pop_weighted
2018,ahv_einnahmen,75+,75,100,sum_beitrag_ahv,1972183.8589741052,CHF,chf,nur_arbeitnehmende,82,1936,Silent Generation,1,pop_weighted
2018,ahv_einnahmen,75+,75,100,sum_beitrag_ahv,1871543.5941290013,CHF,chf,nur_arbeitnehmende,83,1935,Silent Generation,1,pop_weighted
2018,ahv_einnahmen,75+,75,100,sum_beitrag_ahv,1733087.1191357481,CHF,chf,nur_arbeitnehmende,84,1934,Silent Generation,1,pop_weighted
2018,ahv_einnahmen,75+,75,100,sum_beitrag_ahv,1573819.7682875327,CHF,chf,nur_arbeitnehmende,85,1933,Silent Generation,1,pop_weighted
2018,ahv_einnahmen,75+,75,100,sum_beitrag_ahv,1452673.0709124089,CHF,chf,nur_arbeitnehmende,86,1932,Silent Generation,1,pop_weighted
2018,ahv_einnahmen,75+,75,100,sum_beitrag_ahv,1298776.9701542412,CHF,chf,nur_arbeitnehmende,87,1931,Silent Generation,1,pop_weighted
2018,ahv_einnahmen,75+,75,100,sum_beitrag_ahv,1176477.737334694,CHF,chf,nur_arbeitnehmende,88,1930,Silent Generation,1,pop_weighted
2018,ahv_einnahmen,75+,75,100,sum_beitrag_ahv,1003010.2799731137,CHF,chf,nur_arbeitnehmende,89,1929,Silent Generation,1,pop_weighted
2018,ahv_einnahmen,75+,75,100,sum_beitrag_ahv,854159.2400282702,CHF,chf,nur_arbeitnehmende,90,1928,Silent Generation,1,pop_weighted
2018,ahv_einnahmen,75+,75,100,sum_beitrag_ahv,706156.2922029078,CHF,chf,nur_arbeitnehmende,91,1927,Silent Generation,1,pop_weighted
2018,ahv_einnahmen,75+,75,100,sum_beitrag_ahv,589380.5311358793,CHF,chf,nur_arbeitnehmende,92,1926,Silent Generation,1,pop_weighted
2018,ahv_einnahmen,75+,75,100,sum_beitrag_ahv,478171.73372493277,CHF,chf,nur_arbeitnehmende,93,1925,Silent Generation,1,pop_weighted
2018,ahv_einnahmen,75+,75,100,sum_beitrag_ahv,372573.39187363104,CHF,chf,nur_arbeitnehmende,94,1924,Silent Generation,1,pop_weighted
2018,ahv_einnahmen,75+,75,100,sum_beitrag_ahv,281740.55128201505,CHF,chf,nur_arbeitnehmende,95,1923,Silent Generation,1,pop_weighted
2018,ahv_einnahmen,75+,75,100,sum_beitrag_ahv,201476.24325624184,CHF,chf,nur_arbeitnehmende,96,1922,Silent Generation,1,pop_weighted
2018,ahv_einnahmen,75+,75,100,sum_beitrag_ahv,150503.7322802428,CHF,chf,nur_arbeitnehmende,97,1921,Silent Generation,1,pop_weighted
2018,ahv_einnahmen,75+,75,100,sum_beitrag_ahv,96899.9611386739,CHF,chf,nur_arbeitnehmende,98,1920,Silent Generation,1,pop_weighted
2018,ahv_einnahmen,75+,75,100,sum_beitrag_ahv,145458.6714669187,CHF,chf,nur_arbeitnehmende,99,1919,Silent Generation,1,pop_weighted
2018,ahv_einnahmen,75+,75,100,sum_beitrag_ahv,0.0,CHF,chf,nur_arbeitnehmende,100,1918,Silent Generation,1,pop_weighted
2019,ahv_einnahmen,<20,0,19,n_personen,3544.8016068411825,Anzahl,count,nur_arbeitnehmende,0,2019,Generation Alpha,6,pop_weighted
2019,ahv_einnahmen,<20,0,19,n_personen,7296.921669788982,Anzahl,count,nur_arbeitnehmende,1,2018,Generation Alpha,6,pop_weighted
2019,ahv_einnahmen,<20,0,19,n_personen,7344.661128115435,Anzahl,count,nur_arbeitnehmende,2,2017,Generation Alpha,6,pop_weighted
2019,ahv_einnahmen,<20,0,19,n_personen,7464.974631173666,Anzahl,count,nur_arbeitnehmende,3,2016,Generation Alpha,6,pop_weighted
2019,ahv_einnahmen,<20,0,19,n_personen,7401.923307918254,Anzahl,count,nur_arbeitnehmende,4,2015,Generation Alpha,6,pop_weighted
2019,ahv_einnahmen,<20,0,19,n_personen,7377.592125291415,Anzahl,count,nur_arbeitnehmende,5,2014,Generation Alpha,6,pop_weighted
2019,ahv_einnahmen,<20,0,19,n_personen,7221.91450679452,Anzahl,count,nur_arbeitnehmende,6,2013,Generation Alpha,6,pop_weighted
2019,ahv_einnahmen,<20,0,19,n_personen,7282.952214935986,Anzahl,count,nur_arbeitnehmende,7,2012,Generation Z,5,pop_weighted
2019,ahv_einnahmen,<20,0,19,n_personen,7212.34983500328,Anzahl,count,nur_arbeitnehmende,8,2011,Generation Z,5,pop_weighted
2019,ahv_einnahmen,<20,0,19,n_personen,7311.310627790716,Anzahl,count,nur_arbeitnehmende,9,2010,Generation Z,5,pop_weighted
2019,ahv_einnahmen,<20,0,19,n_personen,7197.583324167681,Anzahl,count,nur_arbeitnehmende,10,2009,Generation Z,5,pop_weighted
2019,ahv_einnahmen,<20,0,19,n_personen,7162.68066219263,Anzahl,count,nur_arbeitnehmende,11,2008,Generation Z,5,pop_weighted
2019,ahv_einnahmen,<20,0,19,n_personen,7022.356858939567,Anzahl,count,nur_arbeitnehmende,12,2007,Generation Z,5,pop_weighted
2019,ahv_einnahmen,<20,0,19,n_personen,6951.125224283754,Anzahl,count,nur_arbeitnehmende,13,2006,Generation Z,5,pop_weighted
2019,ahv_einnahmen,<20,0,19,n_personen,6931.450526607913,Anzahl,count,nur_arbeitnehmende,14,2005,Generation Z,5,pop_weighted
2019,ahv_einnahmen,<20,0,19,n_personen,6927.003793231283,Anzahl,count,nur_arbeitnehmende,15,2004,Generation Z,5,pop_weighted
2019,ahv_einnahmen,<20,0,19,n_personen,6829.846863983424,Anzahl,count,nur_arbeitnehmende,16,2003,Generation Z,5,pop_weighted
2019,ahv_einnahmen,<20,0,19,n_personen,6937.743073838992,Anzahl,count,nur_arbeitnehmende,17,2002,Generation Z,5,pop_weighted
2019,ahv_einnahmen,<20,0,19,n_personen,7009.520062588166,Anzahl,count,nur_arbeitnehmende,18,2001,Generation Z,5,pop_weighted
2019,ahv_einnahmen,<20,0,19,n_personen,7548.287956513152,Anzahl,count,nur_arbeitnehmende,19,2000,Generation Z,5,pop_weighted
2019,ahv_einnahmen,<20,0,19,sum_einkommen,45755863.71729473,CHF,chf,nur_arbeitnehmende,0,2019,Generation Alpha,6,pop_weighted
2019,ahv_einnahmen,<20,0,19,sum_einkommen,94187768.6001619,CHF,chf,nur_arbeitnehmende,1,2018,Generation Alpha,6,pop_weighted
2019,ahv_einnahmen,<20,0,19,sum_einkommen,94803983.66418889,CHF,chf,nur_arbeitnehmende,2,2017,Generation Alpha,6,pop_weighted
2019,ahv_einnahmen,<20,0,19,sum_einkommen,96356975.58301969,CHF,chf,nur_arbeitnehmende,3,2016,Generation Alpha,6,pop_weighted
2019,ahv_einnahmen,<20,0,19,sum_einkommen,95543116.84731442,CHF,chf,nur_arbeitnehmende,4,2015,Generation Alpha,6,pop_weighted
2019,ahv_einnahmen,<20,0,19,sum_einkommen,95229052.930675,CHF,chf,nur_arbeitnehmende,5,2014,Generation Alpha,6,pop_weighted
2019,ahv_einnahmen,<20,0,19,sum_einkommen,93219585.35369417,CHF,chf,nur_arbeitnehmende,6,2013,Generation Alpha,6,pop_weighted
2019,ahv_einnahmen,<20,0,19,sum_einkommen,94007452.59284995,CHF,chf,nur_arbeitnehmende,7,2012,Generation Z,5,pop_weighted
2019,ahv_einnahmen,<20,0,19,sum_einkommen,93096125.74508418,CHF,chf,nur_arbeitnehmende,8,2011,Generation Z,5,pop_weighted
2019,ahv_einnahmen,<20,0,19,sum_einkommen,94373499.50258832,CHF,chf,nur_arbeitnehmende,9,2010,Generation Z,5,pop_weighted
2019,ahv_einnahmen,<20,0,19,sum_einkommen,92905521.43705475,CHF,chf,nur_arbeitnehmende,10,2009,Generation Z,5,pop_weighted
2019,ahv_einnahmen,<20,0,19,sum_einkommen,92455002.16353062,CHF,chf,nur_arbeitnehmende,11,2008,Generation Z,5,pop_weighted
2019,ahv_einnahmen,<20,0,19,sum_einkommen,90643719.74773948,CHF,chf,nur_arbeitnehmende,12,2007,Generation Z,5,pop_weighted
2019,ahv_einnahmen,<20,0,19,sum_einkommen,89724270.55730201,CHF,chf,nur_arbeitnehmende,13,2006,Generation Z,5,pop_weighted
2019,ahv_einnahmen,<20,0,19,sum_einkommen,89470311.97643323,CHF,chf,nur_arbeitnehmende,14,2005,Generation Z,5,pop_weighted
2019,ahv_einnahmen,<20,0,19,sum_einkommen,89412914.08821982,CHF,chf,nur_arbeitnehmende,15,2004,Generation Z,5,pop_weighted
2019,ahv_einnahmen,<20,0,19,sum_einkommen,88158824.37970795,CHF,chf,nur_arbeitnehmende,16,2003,Generation Z,5,pop_weighted
2019,ahv_einnahmen,<20,0,19,sum_einkommen,89551535.40315033,CHF,chf,nur_arbeitnehmende,17,2002,Generation Z,5,pop_weighted
2019,ahv_einnahmen,<20,0,19,sum_einkommen,90478023.95723662,CHF,chf,nur_arbeitnehmende,18,2001,Generation Z,5,pop_weighted
2019,ahv_einnahmen,<20,0,19,sum_einkommen,97432373.75275396,CHF,chf,nur_arbeitnehmende,19,2000,Generation Z,5,pop_weighted
2019,ahv_einnahmen,<20,0,19,sum_beitrag_ahv,3843492.552252758,CHF,chf,nur_arbeitnehmende,0,2019,Generation Alpha,6,pop_weighted
2019,ahv_einnahmen,<20,0,19,sum_beitrag_ahv,7911772.5624136,CHF,chf,nur_arbeitnehmende,1,2018,Generation Alpha,6,pop_weighted
2019,ahv_einnahmen,<20,0,19,sum_beitrag_ahv,7963534.627791868,CHF,chf,nur_arbeitnehmende,2,2017,Generation Alpha,6,pop_weighted
2019,ahv_einnahmen,<20,0,19,sum_beitrag_ahv,8093985.948973654,CHF,chf,nur_arbeitnehmende,3,2016,Generation Alpha,6,pop_weighted
2019,ahv_einnahmen,<20,0,19,sum_beitrag_ahv,8025621.815174412,CHF,chf,nur_arbeitnehmende,4,2015,Generation Alpha,6,pop_weighted
2019,ahv_einnahmen,<20,0,19,sum_beitrag_ahv,7999240.4461767,CHF,chf,nur_arbeitnehmende,5,2014,Generation Alpha,6,pop_weighted
2019,ahv_einnahmen,<20,0,19,sum_beitrag_ahv,7830445.169710311,CHF,chf,nur_arbeitnehmende,6,2013,Generation Alpha,6,pop_weighted
2019,ahv_einnahmen,<20,0,19,sum_beitrag_ahv,7896626.017799397,CHF,chf,nur_arbeitnehmende,7,2012,Generation Z,5,pop_weighted
2019,ahv_einnahmen,<20,0,19,sum_beitrag_ahv,7820074.562587072,CHF,chf,nur_arbeitnehmende,8,2011,Generation Z,5,pop_weighted
2019,ahv_einnahmen,<20,0,19,sum_beitrag_ahv,7927373.958217419,CHF,chf,nur_arbeitnehmende,9,2010,Generation Z,5,pop_weighted
2019,ahv_einnahmen,<20,0,19,sum_beitrag_ahv,7804063.800712599,CHF,chf,nur_arbeitnehmende,10,2009,Generation Z,5,pop_weighted
2019,ahv_einnahmen,<20,0,19,sum_beitrag_ahv,7766220.181736573,CHF,chf,nur_arbeitnehmende,11,2008,Generation Z,5,pop_weighted
2019,ahv_einnahmen,<20,0,19,sum_beitrag_ahv,7614072.458810116,CHF,chf,nur_arbeitnehmende,12,2007,Generation Z,5,pop_weighted
2019,ahv_einnahmen,<20,0,19,sum_beitrag_ahv,7536838.726813369,CHF,chf,nur_arbeitnehmende,13,2006,Generation Z,5,pop_weighted
2019,ahv_einnahmen,<20,0,19,sum_beitrag_ahv,7515506.2060203925,CHF,chf,nur_arbeitnehmende,14,2005,Generation Z,5,pop_weighted
2019,ahv_einnahmen,<20,0,19,sum_beitrag_ahv,7510684.783410466,CHF,chf,nur_arbeitnehmende,15,2004,Generation Z,5,pop_weighted
2019,ahv_einnahmen,<20,0,19,sum_beitrag_ahv,7405341.247895468,CHF,chf,nur_arbeitnehmende,16,2003,Generation Z,5,pop_weighted
2019,ahv_einnahmen,<20,0,19,sum_beitrag_ahv,7522328.973864628,CHF,chf,nur_arbeitnehmende,17,2002,Generation Z,5,pop_weighted
2019,ahv_einnahmen,<20,0,19,sum_beitrag_ahv,7600154.012407877,CHF,chf,nur_arbeitnehmende,18,2001,Generation Z,5,pop_weighted
2019,ahv_einnahmen,<20,0,19,sum_beitrag_ahv,8184319.395231334,CHF,chf,nur_arbeitnehmende,19,2000,Generation Z,5,pop_weighted
2019,ahv_einnahmen,20-24,20,24,n_personen,89258.81116464446,Anzahl,count,nur_arbeitnehmende,20,1999,Generation Z,5,pop_weighted
2019,ahv_einnahmen,20-24,20,24,n_personen,91121.6106164182,Anzahl,count,nur_arbeitnehmende,21,1998,Generation Z,5,pop_weighted
2019,ahv_einnahmen,20-24,20,24,n_personen,94055.56913788899,Anzahl,count,nur_arbeitnehmende,22,1997,Generation Z,5,pop_weighted
2019,ahv_einnahmen,20-24,20,24,n_personen,97067.06199497178,Anzahl,count,nur_arbeitnehmende,23,1996,Millennials,4,pop_weighted
2019,ahv_einnahmen,20-24,20,24,n_personen,98360.94708607656,Anzahl,count,nur_arbeitnehmende,24,1995,Millennials,4,pop_weighted
2019,ahv_einnahmen,20-24,20,24,sum_einkommen,2636958163.6583447,CHF,chf,nur_arbeitnehmende,20,1999,Generation Z,5,pop_weighted
2019,ahv_einnahmen,20-24,20,24,sum_einkommen,2691990537.017567,CHF,chf,nur_arbeitnehmende,21,1998,Generation Z,5,pop_weighted
2019,ahv_einnahmen,20-24,20,24,sum_einkommen,2778667984.0290046,CHF,chf,nur_arbeitnehmende,22,1997,Generation Z,5,pop_weighted
2019,ahv_einnahmen,20-24,20,24,sum_einkommen,2867636014.9793067,CHF,chf,nur_arbeitnehmende,23,1996,Millennials,4,pop_weighted
2019,ahv_einnahmen,20-24,20,24,sum_einkommen,2905861046.315777,CHF,chf,nur_arbeitnehmende,24,1995,Millennials,4,pop_weighted
2019,ahv_einnahmen,20-24,20,24,sum_beitrag_ahv,221504485.74730095,CHF,chf,nur_arbeitnehmende,20,1999,Generation Z,5,pop_weighted
2019,ahv_einnahmen,20-24,20,24,sum_beitrag_ahv,226127205.10947564,CHF,chf,nur_arbeitnehmende,21,1998,Generation Z,5,pop_weighted
2019,ahv_einnahmen,20-24,20,24,sum_beitrag_ahv,233408110.6584364,CHF,chf,nur_arbeitnehmende,22,1997,Generation Z,5,pop_weighted
2019,ahv_einnahmen,20-24,20,24,sum_beitrag_ahv,240881425.25826177,CHF,chf,nur_arbeitnehmende,23,1996,Millennials,4,pop_weighted
2019,ahv_einnahmen,20-24,20,24,sum_beitrag_ahv,244092327.89052525,CHF,chf,nur_arbeitnehmende,24,1995,Millennials,4,pop_weighted
2019,ahv_einnahmen,25-29,25,29,n_personen,110391.37324656738,Anzahl,count,nur_arbeitnehmende,25,1994,Millennials,4,pop_weighted
2019,ahv_einnahmen,25-29,25,29,n_personen,114966.57990876157,Anzahl,count,nur_arbeitnehmende,26,1993,Millennials,4,pop_weighted
2019,ahv_einnahmen,25-29,25,29,n_personen,121833.68990831432,Anzahl,count,nur_arbeitnehmende,27,1992,Millennials,4,pop_weighted
2019,ahv_einnahmen,25-29,25,29,n_personen,125232.84485799902,Anzahl,count,nur_arbeitnehmende,28,1991,Millennials,4,pop_weighted
2019,ahv_einnahmen,25-29,25,29,n_personen,128474.5120783577,Anzahl,count,nur_arbeitnehmende,29,1990,Millennials,4,pop_weighted
2019,ahv_einnahmen,25-29,25,29,sum_einkommen,5543395890.126673,CHF,chf,nur_arbeitnehmende,25,1994,Millennials,4,pop_weighted
2019,ahv_einnahmen,25-29,25,29,sum_einkommen,5773143750.505573,CHF,chf,nur_arbeitnehmende,26,1993,Millennials,4,pop_weighted
2019,ahv_einnahmen,25-29,25,29,sum_einkommen,6117981469.51413,CHF,chf,nur_arbeitnehmende,27,1992,Millennials,4,pop_weighted
2019,ahv_einnahmen,25-29,25,29,sum_einkommen,6288672901.496763,CHF,chf,nur_arbeitnehmende,28,1991,Millennials,4,pop_weighted
2019,ahv_einnahmen,25-29,25,29,sum_einkommen,6451455954.35686,CHF,chf,nur_arbeitnehmende,29,1990,Millennials,4,pop_weighted
2019,ahv_einnahmen,25-29,25,29,sum_beitrag_ahv,465645254.77064055,CHF,chf,nur_arbeitnehmende,25,1994,Millennials,4,pop_weighted
2019,ahv_einnahmen,25-29,25,29,sum_beitrag_ahv,484944075.0424682,CHF,chf,nur_arbeitnehmende,26,1993,Millennials,4,pop_weighted
2019,ahv_einnahmen,25-29,25,29,sum_beitrag_ahv,513910443.43918693,CHF,chf,nur_arbeitnehmende,27,1992,Millennials,4,pop_weighted
2019,ahv_einnahmen,25-29,25,29,sum_beitrag_ahv,528248523.7257281,CHF,chf,nur_arbeitnehmende,28,1991,Millennials,4,pop_weighted
2019,ahv_einnahmen,25-29,25,29,sum_beitrag_ahv,541922300.1659763,CHF,chf,nur_arbeitnehmende,29,1990,Millennials,4,pop_weighted
2019,ahv_einnahmen,30-34,30,34,n_personen,125500.0427602283,Anzahl,count,nur_arbeitnehmende,30,1989,Millennials,4,pop_weighted
2019,ahv_einnahmen,30-34,30,34,n_personen,128483.33710863486,Anzahl,count,nur_arbeitnehmende,31,1988,Millennials,4,pop_weighted
2019,ahv_einnahmen,30-34,30,34,n_personen,126316.71631407655,Anzahl,count,nur_arbeitnehmende,32,1987,Millennials,4,pop_weighted
2019,ahv_einnahmen,30-34,30,34,n_personen,127969.96951224531,Anzahl,count,nur_arbeitnehmende,33,1986,Millennials,4,pop_weighted
2019,ahv_einnahmen,30-34,30,34,n_personen,128155.934304815,Anzahl,count,nur_arbeitnehmende,34,1985,Millennials,4,pop_weighted
2019,ahv_einnahmen,30-34,30,34,sum_einkommen,8019971614.021568,CHF,chf,nur_arbeitnehmende,30,1989,Millennials,4,pop_weighted
2019,ahv_einnahmen,30-34,30,34,sum_einkommen,8210616457.356028,CHF,chf,nur_arbeitnehmende,31,1988,Millennials,4,pop_weighted
2019,ahv_einnahmen,30-34,30,34,sum_einkommen,8072160430.660448,CHF,chf,nur_arbeitnehmende,32,1987,Millennials,4,pop_weighted
2019,ahv_einnahmen,30-34,30,34,sum_einkommen,8177810145.421388,CHF,chf,nur_arbeitnehmende,33,1986,Millennials,4,pop_weighted
2019,ahv_einnahmen,30-34,30,34,sum_einkommen,8189694064.540569,CHF,chf,nur_arbeitnehmende,34,1985,Millennials,4,pop_weighted
2019,ahv_einnahmen,30-34,30,34,sum_beitrag_ahv,673677615.5778118,CHF,chf,nur_arbeitnehmende,30,1989,Millennials,4,pop_weighted
2019,ahv_einnahmen,30-34,30,34,sum_beitrag_ahv,689691782.4179063,CHF,chf,nur_arbeitnehmende,31,1988,Millennials,4,pop_weighted
2019,ahv_einnahmen,30-34,30,34,sum_beitrag_ahv,678061476.1754776,CHF,chf,nur_arbeitnehmende,32,1987,Millennials,4,pop_weighted
2019,ahv_einnahmen,30-34,30,34,sum_beitrag_ahv,686936052.2153966,CHF,chf,nur_arbeitnehmende,33,1986,Millennials,4,pop_weighted
2019,ahv_einnahmen,30-34,30,34,sum_beitrag_ahv,687934301.4214078,CHF,chf,nur_arbeitnehmende,34,1985,Millennials,4,pop_weighted
2019,ahv_einnahmen,35-39,35,39,n_personen,124164.70583109805,Anzahl,count,nur_arbeitnehmende,35,1984,Millennials,4,pop_weighted
2019,ahv_einnahmen,35-39,35,39,n_personen,123148.66527139464,Anzahl,count,nur_arbeitnehmende,36,1983,Millennials,4,pop_weighted
2019,ahv_einnahmen,35-39,35,39,n_personen,125369.29521108473,Anzahl,count,nur_arbeitnehmende,37,1982,Millennials,4,pop_weighted
2019,ahv_einnahmen,35-39,35,39,n_personen,124308.26579077753,Anzahl,count,nur_arbeitnehmende,38,1981,Millennials,4,pop_weighted
2019,ahv_einnahmen,35-39,35,39,n_personen,124336.06789564504,Anzahl,count,nur_arbeitnehmende,39,1980,Generation X,3,pop_weighted
2019,ahv_einnahmen,35-39,35,39,sum_einkommen,8939615539.532713,CHF,chf,nur_arbeitnehmende,35,1984,Millennials,4,pop_weighted
2019,ahv_einnahmen,35-39,35,39,sum_einkommen,8866462609.998325,CHF,chf,nur_arbeitnehmende,36,1983,Millennials,4,pop_weighted
2019,ahv_einnahmen,35-39,35,39,sum_einkommen,9026343614.697111,CHF,chf,nur_arbeitnehmende,37,1982,Millennials,4,pop_weighted
2019,ahv_einnahmen,35-39,35,39,sum_einkommen,8949951575.34752,CHF,chf,nur_arbeitnehmende,38,1981,Millennials,4,pop_weighted
2019,ahv_einnahmen,35-39,35,39,sum_einkommen,8951953272.424332,CHF,chf,nur_arbeitnehmende,39,1980,Generation X,3,pop_weighted
2019,ahv_einnahmen,35-39,35,39,sum_beitrag_ahv,750927705.3207479,CHF,chf,nur_arbeitnehmende,35,1984,Millennials,4,pop_weighted
2019,ahv_einnahmen,35-39,35,39,sum_beitrag_ahv,744782859.2398593,CHF,chf,nur_arbeitnehmende,36,1983,Millennials,4,pop_weighted
2019,ahv_einnahmen,35-39,35,39,sum_beitrag_ahv,758212863.6345572,CHF,chf,nur_arbeitnehmende,37,1982,Millennials,4,pop_weighted
2019,ahv_einnahmen,35-39,35,39,sum_beitrag_ahv,751795932.3291917,CHF,chf,nur_arbeitnehmende,38,1981,Millennials,4,pop_weighted
2019,ahv_einnahmen,35-39,35,39,sum_beitrag_ahv,751964074.8836439,CHF,chf,nur_arbeitnehmende,39,1980,Generation X,3,pop_weighted
2019,ahv_einnahmen,40-44,40,44,n_personen,117895.75151455739,Anzahl,count,nur_arbeitnehmende,40,1979,Generation X,3,pop_weighted
2019,ahv_einnahmen,40-44,40,44,n_personen,116411.94392706596,Anzahl,count,nur_arbeitnehmende,41,1978,Generation X,3,pop_weighted
2019,ahv_einnahmen,40-44,40,44,n_personen,115982.06960101951,Anzahl,count,nur_arbeitnehmende,42,1977,Generation X,3,pop_weighted
2019,ahv_einnahmen,40-44,40,44,n_personen,114987.42935006371,Anzahl,count,nur_arbeitnehmende,43,1976,Generation X,3,pop_weighted
2019,ahv_einnahmen,40-44,40,44,n_personen,114368.8056072934,Anzahl,count,nur_arbeitnehmende,44,1975,Generation X,3,pop_weighted
2019,ahv_einnahmen,40-44,40,44,sum_einkommen,9386932951.461092,CHF,chf,nur_arbeitnehmende,40,1979,Generation X,3,pop_weighted
2019,ahv_einnahmen,40-44,40,44,sum_einkommen,9268791269.86766,CHF,chf,nur_arbeitnehmende,41,1978,Generation X,3,pop_weighted
2019,ahv_einnahmen,40-44,40,44,sum_einkommen,9234564409.066366,CHF,chf,nur_arbeitnehmende,42,1977,Generation X,3,pop_weighted
2019,ahv_einnahmen,40-44,40,44,sum_einkommen,9155370534.591648,CHF,chf,nur_arbeitnehmende,43,1976,Generation X,3,pop_weighted
2019,ahv_einnahmen,40-44,40,44,sum_einkommen,9106115328.013233,CHF,chf,nur_arbeitnehmende,44,1975,Generation X,3,pop_weighted
2019,ahv_einnahmen,40-44,40,44,sum_beitrag_ahv,788502367.9227318,CHF,chf,nur_arbeitnehmende,40,1979,Generation X,3,pop_weighted
2019,ahv_einnahmen,40-44,40,44,sum_beitrag_ahv,778578466.6688834,CHF,chf,nur_arbeitnehmende,41,1978,Generation X,3,pop_weighted
2019,ahv_einnahmen,40-44,40,44,sum_beitrag_ahv,775703410.3615748,CHF,chf,nur_arbeitnehmende,42,1977,Generation X,3,pop_weighted
2019,ahv_einnahmen,40-44,40,44,sum_beitrag_ahv,769051124.9056984,CHF,chf,nur_arbeitnehmende,43,1976,Generation X,3,pop_weighted
2019,ahv_einnahmen,40-44,40,44,sum_beitrag_ahv,764913687.5531117,CHF,chf,nur_arbeitnehmende,44,1975,Generation X,3,pop_weighted
2019,ahv_einnahmen,45-49,45,49,n_personen,113797.9472564182,Anzahl,count,nur_arbeitnehmende,45,1974,Generation X,3,pop_weighted
2019,ahv_einnahmen,45-49,45,49,n_personen,114201.67251594401,Anzahl,count,nur_arbeitnehmende,46,1973,Generation X,3,pop_weighted
2019,ahv_einnahmen,45-49,45,49,n_personen,117319.08751273633,Anzahl,count,nur_arbeitnehmende,47,1972,Generation X,3,pop_weighted
2019,ahv_einnahmen,45-49,45,49,n_personen,120672.85301988426,Anzahl,count,nur_arbeitnehmende,48,1971,Generation X,3,pop_weighted
2019,ahv_einnahmen,45-49,45,49,n_personen,121968.43969501721,Anzahl,count,nur_arbeitnehmende,49,1970,Generation X,3,pop_weighted
2019,ahv_einnahmen,45-49,45,49,sum_einkommen,9785946163.815535,CHF,chf,nur_arbeitnehmende,45,1974,Generation X,3,pop_weighted
2019,ahv_einnahmen,45-49,45,49,sum_einkommen,9820664133.251217,CHF,chf,nur_arbeitnehmende,46,1973,Generation X,3,pop_weighted
2019,ahv_einnahmen,45-49,45,49,sum_einkommen,10088743268.810144,CHF,chf,nur_arbeitnehmende,47,1972,Generation X,3,pop_weighted
2019,ahv_einnahmen,45-49,45,49,sum_einkommen,10377147141.55364,CHF,chf,nur_arbeitnehmende,48,1971,Generation X,3,pop_weighted
2019,ahv_einnahmen,45-49,45,49,sum_einkommen,10488559884.569466,CHF,chf,nur_arbeitnehmende,49,1970,Generation X,3,pop_weighted
2019,ahv_einnahmen,45-49,45,49,sum_beitrag_ahv,822019477.7605048,CHF,chf,nur_arbeitnehmende,45,1974,Generation X,3,pop_weighted
2019,ahv_einnahmen,45-49,45,49,sum_beitrag_ahv,824935787.1931024,CHF,chf,nur_arbeitnehmende,46,1973,Generation X,3,pop_weighted
2019,ahv_einnahmen,45-49,45,49,sum_beitrag_ahv,847454434.5800521,CHF,chf,nur_arbeitnehmende,47,1972,Generation X,3,pop_weighted
2019,ahv_einnahmen,45-49,45,49,sum_beitrag_ahv,871680359.8905058,CHF,chf,nur_arbeitnehmende,48,1971,Generation X,3,pop_weighted
2019,ahv_einnahmen,45-49,45,49,sum_beitrag_ahv,881039030.3038352,CHF,chf,nur_arbeitnehmende,49,1970,Generation X,3,pop_weighted
2019,ahv_einnahmen,50-54,50,54,n_personen,120078.02380658113,Anzahl,count,nur_arbeitnehmende,50,1969,Generation X,3,pop_weighted
2019,ahv_einnahmen,50-54,50,54,n_personen,122194.04636367473,Anzahl,count,nur_arbeitnehmende,51,1968,Generation X,3,pop_weighted
2019,ahv_einnahmen,50-54,50,54,n_personen,122990.68297682494,Anzahl,count,nur_arbeitnehmende,52,1967,Generation X,3,pop_weighted
2019,ahv_einnahmen,50-54,50,54,n_personen,124938.48035033882,Anzahl,count,nur_arbeitnehmende,53,1966,Generation X,3,pop_weighted
2019,ahv_einnahmen,50-54,50,54,n_personen,124744.76650258036,Anzahl,count,nur_arbeitnehmende,54,1965,Generation X,3,pop_weighted
2019,ahv_einnahmen,50-54,50,54,sum_einkommen,10622857698.017471,CHF,chf,nur_arbeitnehmende,50,1969,Generation X,3,pop_weighted
2019,ahv_einnahmen,50-54,50,54,sum_einkommen,10810054370.62434,CHF,chf,nur_arbeitnehmende,51,1968,Generation X,3,pop_weighted
2019,ahv_einnahmen,50-54,50,54,sum_einkommen,10880529859.063063,CHF,chf,nur_arbeitnehmende,52,1967,Generation X,3,pop_weighted
2019,ahv_einnahmen,50-54,50,54,sum_einkommen,11052844273.203814,CHF,chf,nur_arbeitnehmende,53,1966,Generation X,3,pop_weighted
2019,ahv_einnahmen,50-54,50,54,sum_einkommen,11035707127.091312,CHF,chf,nur_arbeitnehmende,54,1965,Generation X,3,pop_weighted
2019,ahv_einnahmen,50-54,50,54,sum_beitrag_ahv,892320046.6334677,CHF,chf,nur_arbeitnehmende,50,1969,Generation X,3,pop_weighted
2019,ahv_einnahmen,50-54,50,54,sum_beitrag_ahv,908044567.1324445,CHF,chf,nur_arbeitnehmende,51,1968,Generation X,3,pop_weighted
2019,ahv_einnahmen,50-54,50,54,sum_beitrag_ahv,913964508.1612972,CHF,chf,nur_arbeitnehmende,52,1967,Generation X,3,pop_weighted
2019,ahv_einnahmen,50-54,50,54,sum_beitrag_ahv,928438918.9491203,CHF,chf,nur_arbeitnehmende,53,1966,Generation X,3,pop_weighted
2019,ahv_einnahmen,50-54,50,54,sum_beitrag_ahv,926999398.6756703,CHF,chf,nur_arbeitnehmende,54,1965,Generation X,3,pop_weighted
2019,ahv_einnahmen,55-59,55,59,n_personen,117434.62229405892,Anzahl,count,nur_arbeitnehmende,55,1964,Babyboomers,2,pop_weighted
2019,ahv_einnahmen,55-59,55,59,n_personen,113288.86747237689,Anzahl,count,nur_arbeitnehmende,56,1963,Babyboomers,2,pop_weighted
2019,ahv_einnahmen,55-59,55,59,n_personen,108560.27741859431,Anzahl,count,nur_arbeitnehmende,57,1962,Babyboomers,2,pop_weighted
2019,ahv_einnahmen,55-59,55,59,n_personen,104310.70641735852,Anzahl,count,nur_arbeitnehmende,58,1961,Babyboomers,2,pop_weighted
2019,ahv_einnahmen,55-59,55,59,n_personen,100892.52639761135,Anzahl,count,nur_arbeitnehmende,59,1960,Babyboomers,2,pop_weighted
2019,ahv_einnahmen,55-59,55,59,sum_einkommen,10139431012.481535,CHF,chf,nur_arbeitnehmende,55,1964,Babyboomers,2,pop_weighted
2019,ahv_einnahmen,55-59,55,59,sum_einkommen,9781482102.799267,CHF,chf,nur_arbeitnehmende,56,1963,Babyboomers,2,pop_weighted
2019,ahv_einnahmen,55-59,55,59,sum_einkommen,9373210575.203434,CHF,chf,nur_arbeitnehmende,57,1962,Babyboomers,2,pop_weighted
2019,ahv_einnahmen,55-59,55,59,sum_einkommen,9006298065.434566,CHF,chf,nur_arbeitnehmende,58,1961,Babyboomers,2,pop_weighted
2019,ahv_einnahmen,55-59,55,59,sum_einkommen,8711168743.0812,CHF,chf,nur_arbeitnehmende,59,1960,Babyboomers,2,pop_weighted
2019,ahv_einnahmen,55-59,55,59,sum_beitrag_ahv,851712205.048449,CHF,chf,nur_arbeitnehmende,55,1964,Babyboomers,2,pop_weighted
2019,ahv_einnahmen,55-59,55,59,sum_beitrag_ahv,821644496.6351383,CHF,chf,nur_arbeitnehmende,56,1963,Babyboomers,2,pop_weighted
2019,ahv_einnahmen,55-59,55,59,sum_beitrag_ahv,787349688.3170885,CHF,chf,nur_arbeitnehmende,57,1962,Babyboomers,2,pop_weighted
2019,ahv_einnahmen,55-59,55,59,sum_beitrag_ahv,756529037.4965035,CHF,chf,nur_arbeitnehmende,58,1961,Babyboomers,2,pop_weighted
2019,ahv_einnahmen,55-59,55,59,sum_beitrag_ahv,731738174.4188206,CHF,chf,nur_arbeitnehmende,59,1960,Babyboomers,2,pop_weighted
2019,ahv_einnahmen,60-64,60,64,n_personen,78119.87463924653,Anzahl,count,nur_arbeitnehmende,60,1959,Babyboomers,2,pop_weighted
2019,ahv_einnahmen,60-64,60,64,n_personen,74554.5708804977,Anzahl,count,nur_arbeitnehmende,61,1958,Babyboomers,2,pop_weighted
2019,ahv_einnahmen,60-64,60,64,n_personen,72314.7310118379,Anzahl,count,nur_arbeitnehmende,62,1957,Babyboomers,2,pop_weighted
2019,ahv_einnahmen,60-64,60,64,n_personen,69724.46122872202,Anzahl,count,nur_arbeitnehmende,63,1956,Babyboomers,2,pop_weighted
2019,ahv_einnahmen,60-64,60,64,n_personen,66312.36223969585,Anzahl,count,nur_arbeitnehmende,64,1955,Babyboomers,2,pop_weighted
2019,ahv_einnahmen,60-64,60,64,sum_einkommen,5942807941.956104,CHF,chf,nur_arbeitnehmende,60,1959,Babyboomers,2,pop_weighted
2019,ahv_einnahmen,60-64,60,64,sum_einkommen,5671584830.157435,CHF,chf,nur_arbeitnehmende,61,1958,Babyboomers,2,pop_weighted
2019,ahv_einnahmen,60-64,60,64,sum_einkommen,5501193643.258447,CHF,chf,nur_arbeitnehmende,62,1957,Babyboomers,2,pop_weighted
2019,ahv_einnahmen,60-64,60,64,sum_einkommen,5304144225.168669,CHF,chf,nur_arbeitnehmende,63,1956,Babyboomers,2,pop_weighted
2019,ahv_einnahmen,60-64,60,64,sum_einkommen,5044575849.459346,CHF,chf,nur_arbeitnehmende,64,1955,Babyboomers,2,pop_weighted
2019,ahv_einnahmen,60-64,60,64,sum_beitrag_ahv,499195867.12431276,CHF,chf,nur_arbeitnehmende,60,1959,Babyboomers,2,pop_weighted
2019,ahv_einnahmen,60-64,60,64,sum_beitrag_ahv,476413125.7332245,CHF,chf,nur_arbeitnehmende,61,1958,Babyboomers,2,pop_weighted
2019,ahv_einnahmen,60-64,60,64,sum_beitrag_ahv,462100266.03370947,CHF,chf,nur_arbeitnehmende,62,1957,Babyboomers,2,pop_weighted
2019,ahv_einnahmen,60-64,60,64,sum_beitrag_ahv,445548114.9141681,CHF,chf,nur_arbeitnehmende,63,1956,Babyboomers,2,pop_weighted
2019,ahv_einnahmen,60-64,60,64,sum_beitrag_ahv,423744371.354585,CHF,chf,nur_arbeitnehmende,64,1955,Babyboomers,2,pop_weighted
2019,ahv_einnahmen,65-69,65,69,n_personen,14395.559435918705,Anzahl,count,nur_arbeitnehmende,65,1954,Babyboomers,2,pop_weighted
2019,ahv_einnahmen,65-69,65,69,n_personen,13775.82122102401,Anzahl,count,nur_arbeitnehmende,66,1953,Babyboomers,2,pop_weighted
2019,ahv_einnahmen,65-69,65,69,n_personen,13600.277096870825,Anzahl,count,nur_arbeitnehmende,67,1952,Babyboomers,2,pop_weighted
2019,ahv_einnahmen,65-69,65,69,n_personen,13016.07127171759,Anzahl,count,nur_arbeitnehmende,68,1951,Babyboomers,2,pop_weighted
2019,ahv_einnahmen,65-69,65,69,n_personen,13293.27097446887,Anzahl,count,nur_arbeitnehmende,69,1950,Babyboomers,2,pop_weighted
2019,ahv_einnahmen,65-69,65,69,sum_einkommen,710320097.9158856,CHF,chf,nur_arbeitnehmende,65,1954,Babyboomers,2,pop_weighted
2019,ahv_einnahmen,65-69,65,69,sum_einkommen,679740354.8051155,CHF,chf,nur_arbeitnehmende,66,1953,Babyboomers,2,pop_weighted
2019,ahv_einnahmen,65-69,65,69,sum_einkommen,671078480.9813079,CHF,chf,nur_arbeitnehmende,67,1952,Babyboomers,2,pop_weighted
2019,ahv_einnahmen,65-69,65,69,sum_einkommen,642252012.5989493,CHF,chf,nur_arbeitnehmende,68,1951,Babyboomers,2,pop_weighted
2019,ahv_einnahmen,65-69,65,69,sum_einkommen,655929877.6987419,CHF,chf,nur_arbeitnehmende,69,1950,Babyboomers,2,pop_weighted
2019,ahv_einnahmen,65-69,65,69,sum_beitrag_ahv,59666888.22493439,CHF,chf,nur_arbeitnehmende,65,1954,Babyboomers,2,pop_weighted
2019,ahv_einnahmen,65-69,65,69,sum_beitrag_ahv,57098189.803629704,CHF,chf,nur_arbeitnehmende,66,1953,Babyboomers,2,pop_weighted
2019,ahv_einnahmen,65-69,65,69,sum_beitrag_ahv,56370592.40242987,CHF,chf,nur_arbeitnehmende,67,1952,Babyboomers,2,pop_weighted
2019,ahv_einnahmen,65-69,65,69,sum_beitrag_ahv,53949169.05831174,CHF,chf,nur_arbeitnehmende,68,1951,Babyboomers,2,pop_weighted
2019,ahv_einnahmen,65-69,65,69,sum_beitrag_ahv,55098109.72669432,CHF,chf,nur_arbeitnehmende,69,1950,Babyboomers,2,pop_weighted
2019,ahv_einnahmen,70-74,70,74,n_personen,3576.4651044338857,Anzahl,count,nur_arbeitnehmende,70,1949,Babyboomers,2,pop_weighted
2019,ahv_einnahmen,70-74,70,74,n_personen,3589.2779351659765,Anzahl,count,nur_arbeitnehmende,71,1948,Babyboomers,2,pop_weighted
2019,ahv_einnahmen,70-74,70,74,n_personen,3513.438077038425,Anzahl,count,nur_arbeitnehmende,72,1947,Babyboomers,2,pop_weighted
2019,ahv_einnahmen,70-74,70,74,n_personen,3469.2953903846965,Anzahl,count,nur_arbeitnehmende,73,1946,Babyboomers,2,pop_weighted
2019,ahv_einnahmen,70-74,70,74,n_personen,3286.5234929770163,Anzahl,count,nur_arbeitnehmende,74,1945,Silent Generation,1,pop_weighted
2019,ahv_einnahmen,70-74,70,74,sum_einkommen,157147070.2868121,CHF,chf,nur_arbeitnehmende,70,1949,Babyboomers,2,pop_weighted
2019,ahv_einnahmen,70-74,70,74,sum_einkommen,157710056.01513156,CHF,chf,nur_arbeitnehmende,71,1948,Babyboomers,2,pop_weighted
2019,ahv_einnahmen,70-74,70,74,sum_einkommen,154377712.1594801,CHF,chf,nur_arbeitnehmende,72,1947,Babyboomers,2,pop_weighted
2019,ahv_einnahmen,70-74,70,74,sum_einkommen,152438117.14606246,CHF,chf,nur_arbeitnehmende,73,1946,Babyboomers,2,pop_weighted
2019,ahv_einnahmen,70-74,70,74,sum_einkommen,144407263.39251375,CHF,chf,nur_arbeitnehmende,74,1945,Silent Generation,1,pop_weighted
2019,ahv_einnahmen,70-74,70,74,sum_beitrag_ahv,13200353.904092217,CHF,chf,nur_arbeitnehmende,70,1949,Babyboomers,2,pop_weighted
2019,ahv_einnahmen,70-74,70,74,sum_beitrag_ahv,13247644.705271052,CHF,chf,nur_arbeitnehmende,71,1948,Babyboomers,2,pop_weighted
2019,ahv_einnahmen,70-74,70,74,sum_beitrag_ahv,12967727.821396327,CHF,chf,nur_arbeitnehmende,72,1947,Babyboomers,2,pop_weighted
2019,ahv_einnahmen,70-74,70,74,sum_beitrag_ahv,12804801.840269245,CHF,chf,nur_arbeitnehmende,73,1946,Babyboomers,2,pop_weighted
2019,ahv_einnahmen,70-74,70,74,sum_beitrag_ahv,12130210.124971155,CHF,chf,nur_arbeitnehmende,74,1945,Silent Generation,1,pop_weighted
2019,ahv_einnahmen,75+,75,100,n_personen,812.2186950517104,Anzahl,count,nur_arbeitnehmende,75,1944,Silent Generation,1,pop_weighted
2019,ahv_einnahmen,75+,75,100,n_personen,772.4190833243282,Anzahl,count,nur_arbeitnehmende,76,1943,Silent Generation,1,pop_weighted
2019,ahv_einnahmen,75+,75,100,n_personen,726.7454159657751,Anzahl,count,nur_arbeitnehmende,77,1942,Silent Generation,1,pop_weighted
2019,ahv_einnahmen,75+,75,100,n_personen,666.1310963516991,Anzahl,count,nur_arbeitnehmende,78,1941,Silent Generation,1,pop_weighted
2019,ahv_einnahmen,75+,75,100,n_personen,598.8679392130982,Anzahl,count,nur_arbeitnehmende,79,1940,Silent Generation,1,pop_weighted
2019,ahv_einnahmen,75+,75,100,n_personen,570.1735346237859,Anzahl,count,nur_arbeitnehmende,80,1939,Silent Generation,1,pop_weighted
2019,ahv_einnahmen,75+,75,100,n_personen,535.824870685105,Anzahl,count,nur_arbeitnehmende,81,1938,Silent Generation,1,pop_weighted
2019,ahv_einnahmen,75+,75,100,n_personen,497.25062322877164,Anzahl,count,nur_arbeitnehmende,82,1937,Silent Generation,1,pop_weighted
2019,ahv_einnahmen,75+,75,100,n_personen,474.15003401133214,Anzahl,count,nur_arbeitnehmende,83,1936,Silent Generation,1,pop_weighted
2019,ahv_einnahmen,75+,75,100,n_personen,447.2799385609802,Anzahl,count,nur_arbeitnehmende,84,1935,Silent Generation,1,pop_weighted
2019,ahv_einnahmen,75+,75,100,n_personen,410.8926641085814,Anzahl,count,nur_arbeitnehmende,85,1934,Silent Generation,1,pop_weighted
2019,ahv_einnahmen,75+,75,100,n_personen,369.9226371806011,Anzahl,count,nur_arbeitnehmende,86,1933,Silent Generation,1,pop_weighted
2019,ahv_einnahmen,75+,75,100,n_personen,337.14002174976275,Anzahl,count,nur_arbeitnehmende,87,1932,Silent Generation,1,pop_weighted
2019,ahv_einnahmen,75+,75,100,n_personen,297.67010444508435,Anzahl,count,nur_arbeitnehmende,88,1931,Silent Generation,1,pop_weighted
2019,ahv_einnahmen,75+,75,100,n_personen,266.3326495670973,Anzahl,count,nur_arbeitnehmende,89,1930,Silent Generation,1,pop_weighted
2019,ahv_einnahmen,75+,75,100,n_personen,222.50527097568485,Anzahl,count,nur_arbeitnehmende,90,1929,Silent Generation,1,pop_weighted
2019,ahv_einnahmen,75+,75,100,n_personen,186.57956871507125,Anzahl,count,nur_arbeitnehmende,91,1928,Silent Generation,1,pop_weighted
2019,ahv_einnahmen,75+,75,100,n_personen,150.6538664544576,Anzahl,count,nur_arbeitnehmende,92,1927,Silent Generation,1,pop_weighted
2019,ahv_einnahmen,75+,75,100,n_personen,122.94854513325633,Anzahl,count,nur_arbeitnehmende,93,1926,Silent Generation,1,pop_weighted
2019,ahv_einnahmen,75+,75,100,n_personen,97.07302785806063,Anzahl,count,nur_arbeitnehmende,94,1925,Silent Generation,1,pop_weighted
2019,ahv_einnahmen,75+,75,100,n_personen,74.29114324923466,Anzahl,count,nur_arbeitnehmende,95,1924,Silent Generation,1,pop_weighted
2019,ahv_einnahmen,75+,75,100,n_personen,54.4984880729223,Anzahl,count,nur_arbeitnehmende,96,1923,Silent Generation,1,pop_weighted
2019,ahv_einnahmen,75+,75,100,n_personen,37.535710024816716,Anzahl,count,nur_arbeitnehmende,97,1922,Silent Generation,1,pop_weighted
2019,ahv_einnahmen,75+,75,100,n_personen,27.45255559712843,Anzahl,count,nur_arbeitnehmende,98,1921,Silent Generation,1,pop_weighted
2019,ahv_einnahmen,75+,75,100,n_personen,40.44251585165438,Anzahl,count,nur_arbeitnehmende,99,1920,Silent Generation,1,pop_weighted
2019,ahv_einnahmen,75+,75,100,n_personen,0.0,Anzahl,count,nur_arbeitnehmende,100,1919,Silent Generation,1,pop_weighted
2019,ahv_einnahmen,75+,75,100,sum_einkommen,38741005.57759175,CHF,chf,nur_arbeitnehmende,75,1944,Silent Generation,1,pop_weighted
2019,ahv_einnahmen,75+,75,100,sum_einkommen,36842653.58285179,CHF,chf,nur_arbeitnehmende,76,1943,Silent Generation,1,pop_weighted
2019,ahv_einnahmen,75+,75,100,sum_einkommen,34664122.34161495,CHF,chf,nur_arbeitnehmende,77,1942,Silent Generation,1,pop_weighted
2019,ahv_einnahmen,75+,75,100,sum_einkommen,31772955.580055304,CHF,chf,nur_arbeitnehmende,78,1941,Silent Generation,1,pop_weighted
2019,ahv_einnahmen,75+,75,100,sum_einkommen,28564654.217690013,CHF,chf,nur_arbeitnehmende,79,1940,Silent Generation,1,pop_weighted
2019,ahv_einnahmen,75+,75,100,sum_einkommen,27195995.634708926,CHF,chf,nur_arbeitnehmende,80,1939,Silent Generation,1,pop_weighted
2019,ahv_einnahmen,75+,75,100,sum_einkommen,25557641.593687322,CHF,chf,nur_arbeitnehmende,81,1938,Silent Generation,1,pop_weighted
2019,ahv_einnahmen,75+,75,100,sum_einkommen,23717736.719591714,CHF,chf,nur_arbeitnehmende,82,1937,Silent Generation,1,pop_weighted
2019,ahv_einnahmen,75+,75,100,sum_einkommen,22615890.552825626,CHF,chf,nur_arbeitnehmende,83,1936,Silent Generation,1,pop_weighted
2019,ahv_einnahmen,75+,75,100,sum_einkommen,21334247.41403253,CHF,chf,nur_arbeitnehmende,84,1935,Silent Generation,1,pop_weighted
2019,ahv_einnahmen,75+,75,100,sum_einkommen,19598656.235077955,CHF,chf,nur_arbeitnehmende,85,1934,Silent Generation,1,pop_weighted
2019,ahv_einnahmen,75+,75,100,sum_einkommen,17644478.06680775,CHF,chf,nur_arbeitnehmende,86,1933,Silent Generation,1,pop_weighted
2019,ahv_einnahmen,75+,75,100,sum_einkommen,16080821.018537892,CHF,chf,nur_arbeitnehmende,87,1932,Silent Generation,1,pop_weighted
2019,ahv_einnahmen,75+,75,100,sum_einkommen,14198194.706482517,CHF,chf,nur_arbeitnehmende,88,1931,Silent Generation,1,pop_weighted
2019,ahv_einnahmen,75+,75,100,sum_einkommen,12703468.567313392,CHF,chf,nur_arbeitnehmende,89,1930,Silent Generation,1,pop_weighted
2019,ahv_einnahmen,75+,75,100,sum_einkommen,10613001.149110178,CHF,chf,nur_arbeitnehmende,90,1929,Silent Generation,1,pop_weighted
2019,ahv_einnahmen,75+,75,100,sum_einkommen,8899425.925914012,CHF,chf,nur_arbeitnehmende,91,1928,Silent Generation,1,pop_weighted
2019,ahv_einnahmen,75+,75,100,sum_einkommen,7185850.702717846,CHF,chf,nur_arbeitnehmende,92,1927,Silent Generation,1,pop_weighted
2019,ahv_einnahmen,75+,75,100,sum_einkommen,5864369.167790487,CHF,chf,nur_arbeitnehmende,93,1926,Silent Generation,1,pop_weighted
2019,ahv_einnahmen,75+,75,100,sum_einkommen,4630165.171762536,CHF,chf,nur_arbeitnehmende,94,1925,Silent Generation,1,pop_weighted
2019,ahv_einnahmen,75+,75,100,sum_einkommen,3543520.4982582075,CHF,chf,nur_arbeitnehmende,95,1924,Silent Generation,1,pop_weighted
2019,ahv_einnahmen,75+,75,100,sum_einkommen,2599455.347760718,CHF,chf,nur_arbeitnehmende,96,1923,Silent Generation,1,pop_weighted
2019,ahv_einnahmen,75+,75,100,sum_einkommen,1790368.9736391874,CHF,chf,nur_arbeitnehmende,97,1922,Silent Generation,1,pop_weighted
2019,ahv_einnahmen,75+,75,100,sum_einkommen,1309425.178202515,CHF,chf,nur_arbeitnehmende,98,1921,Silent Generation,1,pop_weighted
2019,ahv_einnahmen,75+,75,100,sum_einkommen,1929017.075974882,CHF,chf,nur_arbeitnehmende,99,1920,Silent Generation,1,pop_weighted
2019,ahv_einnahmen,75+,75,100,sum_einkommen,0.0,CHF,chf,nur_arbeitnehmende,100,1919,Silent Generation,1,pop_weighted
2019,ahv_einnahmen,75+,75,100,sum_beitrag_ahv,3254244.4685177067,CHF,chf,nur_arbeitnehmende,75,1944,Silent Generation,1,pop_weighted
2019,ahv_einnahmen,75+,75,100,sum_beitrag_ahv,3094782.9009595504,CHF,chf,nur_arbeitnehmende,76,1943,Silent Generation,1,pop_weighted
2019,ahv_einnahmen,75+,75,100,sum_beitrag_ahv,2911786.276695655,CHF,chf,nur_arbeitnehmende,77,1942,Silent Generation,1,pop_weighted
2019,ahv_einnahmen,75+,75,100,sum_beitrag_ahv,2668928.2687246455,CHF,chf,nur_arbeitnehmende,78,1941,Silent Generation,1,pop_weighted
2019,ahv_einnahmen,75+,75,100,sum_beitrag_ahv,2399430.9542859606,CHF,chf,nur_arbeitnehmende,79,1940,Silent Generation,1,pop_weighted
2019,ahv_einnahmen,75+,75,100,sum_beitrag_ahv,2284463.6333155497,CHF,chf,nur_arbeitnehmende,80,1939,Silent Generation,1,pop_weighted
2019,ahv_einnahmen,75+,75,100,sum_beitrag_ahv,2146841.893869735,CHF,chf,nur_arbeitnehmende,81,1938,Silent Generation,1,pop_weighted
2019,ahv_einnahmen,75+,75,100,sum_beitrag_ahv,1992289.8844457038,CHF,chf,nur_arbeitnehmende,82,1937,Silent Generation,1,pop_weighted
2019,ahv_einnahmen,75+,75,100,sum_beitrag_ahv,1899734.8064373524,CHF,chf,nur_arbeitnehmende,83,1936,Silent Generation,1,pop_weighted
2019,ahv_einnahmen,75+,75,100,sum_beitrag_ahv,1792076.7827787325,CHF,chf,nur_arbeitnehmende,84,1935,Silent Generation,1,pop_weighted
2019,ahv_einnahmen,75+,75,100,sum_beitrag_ahv,1646287.1237465483,CHF,chf,nur_arbeitnehmende,85,1934,Silent Generation,1,pop_weighted
2019,ahv_einnahmen,75+,75,100,sum_beitrag_ahv,1482136.1576118509,CHF,chf,nur_arbeitnehmende,86,1933,Silent Generation,1,pop_weighted
2019,ahv_einnahmen,75+,75,100,sum_beitrag_ahv,1350788.965557183,CHF,chf,nur_arbeitnehmende,87,1932,Silent Generation,1,pop_weighted
2019,ahv_einnahmen,75+,75,100,sum_beitrag_ahv,1192648.3553445314,CHF,chf,nur_arbeitnehmende,88,1931,Silent Generation,1,pop_weighted
2019,ahv_einnahmen,75+,75,100,sum_beitrag_ahv,1067091.3596543248,CHF,chf,nur_arbeitnehmende,89,1930,Silent Generation,1,pop_weighted
2019,ahv_einnahmen,75+,75,100,sum_beitrag_ahv,891492.0965252548,CHF,chf,nur_arbeitnehmende,90,1929,Silent Generation,1,pop_weighted
2019,ahv_einnahmen,75+,75,100,sum_beitrag_ahv,747551.7777767769,CHF,chf,nur_arbeitnehmende,91,1928,Silent Generation,1,pop_weighted
2019,ahv_einnahmen,75+,75,100,sum_beitrag_ahv,603611.459028299,CHF,chf,nur_arbeitnehmende,92,1927,Silent Generation,1,pop_weighted
2019,ahv_einnahmen,75+,75,100,sum_beitrag_ahv,492607.0100944009,CHF,chf,nur_arbeitnehmende,93,1926,Silent Generation,1,pop_weighted
2019,ahv_einnahmen,75+,75,100,sum_beitrag_ahv,388933.87442805304,CHF,chf,nur_arbeitnehmende,94,1925,Silent Generation,1,pop_weighted
2019,ahv_einnahmen,75+,75,100,sum_beitrag_ahv,297655.7218536894,CHF,chf,nur_arbeitnehmende,95,1924,Silent Generation,1,pop_weighted
2019,ahv_einnahmen,75+,75,100,sum_beitrag_ahv,218354.24921190026,CHF,chf,nur_arbeitnehmende,96,1923,Silent Generation,1,pop_weighted
2019,ahv_einnahmen,75+,75,100,sum_beitrag_ahv,150390.99378569174,CHF,chf,nur_arbeitnehmende,97,1922,Silent Generation,1,pop_weighted
2019,ahv_einnahmen,75+,75,100,sum_beitrag_ahv,109991.71496901126,CHF,chf,nur_arbeitnehmende,98,1921,Silent Generation,1,pop_weighted
2019,ahv_einnahmen,75+,75,100,sum_beitrag_ahv,162037.43438189008,CHF,chf,nur_arbeitnehmende,99,1920,Silent Generation,1,pop_weighted
2019,ahv_einnahmen,75+,75,100,sum_beitrag_ahv,0.0,CHF,chf,nur_arbeitnehmende,100,1919,Silent Generation,1,pop_weighted
2020,ahv_einnahmen,<20,0,19,n_personen,3243.279074726749,Anzahl,count,nur_arbeitnehmende,0,2020,Generation Alpha,6,pop_weighted
2020,ahv_einnahmen,<20,0,19,n_personen,6564.167133878479,Anzahl,count,nur_arbeitnehmende,1,2019,Generation Alpha,6,pop_weighted
2020,ahv_einnahmen,<20,0,19,n_personen,6772.3160445576605,Anzahl,count,nur_arbeitnehmende,2,2018,Generation Alpha,6,pop_weighted
2020,ahv_einnahmen,<20,0,19,n_personen,6771.931651370811,Anzahl,count,nur_arbeitnehmende,3,2017,Generation Alpha,6,pop_weighted
2020,ahv_einnahmen,<20,0,19,n_personen,6875.6409331828945,Anzahl,count,nur_arbeitnehmende,4,2016,Generation Alpha,6,pop_weighted
2020,ahv_einnahmen,<20,0,19,n_personen,6824.401321375813,Anzahl,count,nur_arbeitnehmende,5,2015,Generation Alpha,6,pop_weighted
2020,ahv_einnahmen,<20,0,19,n_personen,6805.604494538857,Anzahl,count,nur_arbeitnehmende,6,2014,Generation Alpha,6,pop_weighted
2020,ahv_einnahmen,<20,0,19,n_personen,6665.454738613408,Anzahl,count,nur_arbeitnehmende,7,2013,Generation Alpha,6,pop_weighted
2020,ahv_einnahmen,<20,0,19,n_personen,6723.382791871678,Anzahl,count,nur_arbeitnehmende,8,2012,Generation Z,5,pop_weighted
2020,ahv_einnahmen,<20,0,19,n_personen,6655.883348260848,Anzahl,count,nur_arbeitnehmende,9,2011,Generation Z,5,pop_weighted
2020,ahv_einnahmen,<20,0,19,n_personen,6748.214591742177,Anzahl,count,nur_arbeitnehmende,10,2010,Generation Z,5,pop_weighted
2020,ahv_einnahmen,<20,0,19,n_personen,6645.081899710367,Anzahl,count,nur_arbeitnehmende,11,2009,Generation Z,5,pop_weighted
2020,ahv_einnahmen,<20,0,19,n_personen,6612.100964278652,Anzahl,count,nur_arbeitnehmende,12,2008,Generation Z,5,pop_weighted
2020,ahv_einnahmen,<20,0,19,n_personen,6477.255834331732,Anzahl,count,nur_arbeitnehmende,13,2007,Generation Z,5,pop_weighted
2020,ahv_einnahmen,<20,0,19,n_personen,6416.982982633679,Anzahl,count,nur_arbeitnehmende,14,2006,Generation Z,5,pop_weighted
2020,ahv_einnahmen,<20,0,19,n_personen,6396.9945369174875,Anzahl,count,nur_arbeitnehmende,15,2005,Generation Z,5,pop_weighted
2020,ahv_einnahmen,<20,0,19,n_personen,6394.419102565594,Anzahl,count,nur_arbeitnehmende,16,2004,Generation Z,5,pop_weighted
2020,ahv_einnahmen,<20,0,19,n_personen,6300.665604292921,Anzahl,count,nur_arbeitnehmende,17,2003,Generation Z,5,pop_weighted
2020,ahv_einnahmen,<20,0,19,n_personen,6450.617386483039,Anzahl,count,nur_arbeitnehmende,18,2002,Generation Z,5,pop_weighted
2020,ahv_einnahmen,<20,0,19,n_personen,6537.605564667155,Anzahl,count,nur_arbeitnehmende,19,2001,Generation Z,5,pop_weighted
2020,ahv_einnahmen,<20,0,19,sum_einkommen,44277670.406618334,CHF,chf,nur_arbeitnehmende,0,2020,Generation Alpha,6,pop_weighted
2020,ahv_einnahmen,<20,0,19,sum_einkommen,89614868.82602452,CHF,chf,nur_arbeitnehmende,1,2019,Generation Alpha,6,pop_weighted
2020,ahv_einnahmen,<20,0,19,sum_einkommen,92456544.99702315,CHF,chf,nur_arbeitnehmende,2,2018,Generation Alpha,6,pop_weighted
2020,ahv_einnahmen,<20,0,19,sum_einkommen,92451297.21092711,CHF,chf,nur_arbeitnehmende,3,2017,Generation Alpha,6,pop_weighted
2020,ahv_einnahmen,<20,0,19,sum_einkommen,93867149.89963521,CHF,chf,nur_arbeitnehmende,4,2016,Generation Alpha,6,pop_weighted
2020,ahv_einnahmen,<20,0,19,sum_einkommen,93167620.0130348,CHF,chf,nur_arbeitnehmende,5,2015,Generation Alpha,6,pop_weighted
2020,ahv_einnahmen,<20,0,19,sum_einkommen,92911003.27293909,CHF,chf,nur_arbeitnehmende,6,2014,Generation Alpha,6,pop_weighted
2020,ahv_einnahmen,<20,0,19,sum_einkommen,90997660.46232763,CHF,chf,nur_arbeitnehmende,7,2013,Generation Alpha,6,pop_weighted
2020,ahv_einnahmen,<20,0,19,sum_einkommen,91788501.82699892,CHF,chf,nur_arbeitnehmende,8,2012,Generation Z,5,pop_weighted
2020,ahv_einnahmen,<20,0,19,sum_einkommen,90866990.58853658,CHF,chf,nur_arbeitnehmende,9,2011,Generation Z,5,pop_weighted
2020,ahv_einnahmen,<20,0,19,sum_einkommen,92127508.80880226,CHF,chf,nur_arbeitnehmende,10,2010,Generation Z,5,pop_weighted
2020,ahv_einnahmen,<20,0,19,sum_einkommen,90719527.7992382,CHF,chf,nur_arbeitnehmende,11,2009,Generation Z,5,pop_weighted
2020,ahv_einnahmen,<20,0,19,sum_einkommen,90269267.75219908,CHF,chf,nur_arbeitnehmende,12,2008,Generation Z,5,pop_weighted
2020,ahv_einnahmen,<20,0,19,sum_einkommen,88428344.38971281,CHF,chf,nur_arbeitnehmende,13,2007,Generation Z,5,pop_weighted
2020,ahv_einnahmen,<20,0,19,sum_einkommen,87605491.52985577,CHF,chf,nur_arbeitnehmende,14,2006,Generation Z,5,pop_weighted
2020,ahv_einnahmen,<20,0,19,sum_einkommen,87332606.65286237,CHF,chf,nur_arbeitnehmende,15,2005,Generation Z,5,pop_weighted
2020,ahv_einnahmen,<20,0,19,sum_einkommen,87297446.48601899,CHF,chf,nur_arbeitnehmende,16,2004,Generation Z,5,pop_weighted
2020,ahv_einnahmen,<20,0,19,sum_einkommen,86017511.45719801,CHF,chf,nur_arbeitnehmende,17,2003,Generation Z,5,pop_weighted
2020,ahv_einnahmen,<20,0,19,sum_einkommen,88064672.81325814,CHF,chf,nur_arbeitnehmende,18,2002,Generation Z,5,pop_weighted
2020,ahv_einnahmen,<20,0,19,sum_einkommen,89252246.80678906,CHF,chf,nur_arbeitnehmende,19,2001,Generation Z,5,pop_weighted
2020,ahv_einnahmen,<20,0,19,sum_beitrag_ahv,3852157.325375795,CHF,chf,nur_arbeitnehmende,0,2020,Generation Alpha,6,pop_weighted
2020,ahv_einnahmen,<20,0,19,sum_beitrag_ahv,7796493.587864133,CHF,chf,nur_arbeitnehmende,1,2019,Generation Alpha,6,pop_weighted
2020,ahv_einnahmen,<20,0,19,sum_beitrag_ahv,8043719.414741013,CHF,chf,nur_arbeitnehmende,2,2018,Generation Alpha,6,pop_weighted
2020,ahv_einnahmen,<20,0,19,sum_beitrag_ahv,8043262.857350659,CHF,chf,nur_arbeitnehmende,3,2017,Generation Alpha,6,pop_weighted
2020,ahv_einnahmen,<20,0,19,sum_beitrag_ahv,8166442.041268262,CHF,chf,nur_arbeitnehmende,4,2016,Generation Alpha,6,pop_weighted
2020,ahv_einnahmen,<20,0,19,sum_beitrag_ahv,8105582.941134027,CHF,chf,nur_arbeitnehmende,5,2015,Generation Alpha,6,pop_weighted
2020,ahv_einnahmen,<20,0,19,sum_beitrag_ahv,8083257.284745701,CHF,chf,nur_arbeitnehmende,6,2014,Generation Alpha,6,pop_weighted
2020,ahv_einnahmen,<20,0,19,sum_beitrag_ahv,7916796.460222504,CHF,chf,nur_arbeitnehmende,7,2013,Generation Alpha,6,pop_weighted
2020,ahv_einnahmen,<20,0,19,sum_beitrag_ahv,7985599.658948905,CHF,chf,nur_arbeitnehmende,8,2012,Generation Z,5,pop_weighted
2020,ahv_einnahmen,<20,0,19,sum_beitrag_ahv,7905428.181202681,CHF,chf,nur_arbeitnehmende,9,2011,Generation Z,5,pop_weighted
2020,ahv_einnahmen,<20,0,19,sum_beitrag_ahv,8015093.266365795,CHF,chf,nur_arbeitnehmende,10,2010,Generation Z,5,pop_weighted
2020,ahv_einnahmen,<20,0,19,sum_beitrag_ahv,7892598.918533723,CHF,chf,nur_arbeitnehmende,11,2009,Generation Z,5,pop_weighted
2020,ahv_einnahmen,<20,0,19,sum_beitrag_ahv,7853426.29444132,CHF,chf,nur_arbeitnehmende,12,2008,Generation Z,5,pop_weighted
2020,ahv_einnahmen,<20,0,19,sum_beitrag_ahv,7693265.961905014,CHF,chf,nur_arbeitnehmende,13,2007,Generation Z,5,pop_weighted
2020,ahv_einnahmen,<20,0,19,sum_beitrag_ahv,7621677.763097452,CHF,chf,nur_arbeitnehmende,14,2006,Generation Z,5,pop_weighted
2020,ahv_einnahmen,<20,0,19,sum_beitrag_ahv,7597936.778799025,CHF,chf,nur_arbeitnehmende,15,2005,Generation Z,5,pop_weighted
2020,ahv_einnahmen,<20,0,19,sum_beitrag_ahv,7594877.844283652,CHF,chf,nur_arbeitnehmende,16,2004,Generation Z,5,pop_weighted
2020,ahv_einnahmen,<20,0,19,sum_beitrag_ahv,7483523.496776226,CHF,chf,nur_arbeitnehmende,17,2003,Generation Z,5,pop_weighted
2020,ahv_einnahmen,<20,0,19,sum_beitrag_ahv,7661626.534753458,CHF,chf,nur_arbeitnehmende,18,2002,Generation Z,5,pop_weighted
2020,ahv_einnahmen,<20,0,19,sum_beitrag_ahv,7764945.472190647,CHF,chf,nur_arbeitnehmende,19,2001,Generation Z,5,pop_weighted
2020,ahv_einnahmen,20-24,20,24,n_personen,86857.531925873,Anzahl,count,nur_arbeitnehmende,20,2000,Generation Z,5,pop_weighted
2020,ahv_einnahmen,20-24,20,24,n_personen,87003.23807719785,Anzahl,count,nur_arbeitnehmende,21,1999,Generation Z,5,pop_weighted
2020,ahv_einnahmen,20-24,20,24,n_personen,89173.1169385944,Anzahl,count,nur_arbeitnehmende,22,1998,Generation Z,5,pop_weighted
2020,ahv_einnahmen,20-24,20,24,n_personen,92489.59845486098,Anzahl,count,nur_arbeitnehmende,23,1997,Generation Z,5,pop_weighted
2020,ahv_einnahmen,20-24,20,24,n_personen,95697.51460347377,Anzahl,count,nur_arbeitnehmende,24,1996,Millennials,4,pop_weighted
2020,ahv_einnahmen,20-24,20,24,sum_einkommen,2669808007.513644,CHF,chf,nur_arbeitnehmende,20,2000,Generation Z,5,pop_weighted
2020,ahv_einnahmen,20-24,20,24,sum_einkommen,2674286691.6406937,CHF,chf,nur_arbeitnehmende,21,1999,Generation Z,5,pop_weighted
2020,ahv_einnahmen,20-24,20,24,sum_einkommen,2740983958.199397,CHF,chf,nur_arbeitnehmende,22,1998,Generation Z,5,pop_weighted
2020,ahv_einnahmen,20-24,20,24,sum_einkommen,2842925248.868998,CHF,chf,nur_arbeitnehmende,23,1997,Generation Z,5,pop_weighted
2020,ahv_einnahmen,20-24,20,24,sum_einkommen,2941529480.777268,CHF,chf,nur_arbeitnehmende,24,1996,Millennials,4,pop_weighted
2020,ahv_einnahmen,20-24,20,24,sum_beitrag_ahv,232273296.65368703,CHF,chf,nur_arbeitnehmende,20,2000,Generation Z,5,pop_weighted
2020,ahv_einnahmen,20-24,20,24,sum_beitrag_ahv,232662942.1727403,CHF,chf,nur_arbeitnehmende,21,1999,Generation Z,5,pop_weighted
2020,ahv_einnahmen,20-24,20,24,sum_beitrag_ahv,238465604.36334753,CHF,chf,nur_arbeitnehmende,22,1998,Generation Z,5,pop_weighted
2020,ahv_einnahmen,20-24,20,24,sum_beitrag_ahv,247334496.6516028,CHF,chf,nur_arbeitnehmende,23,1997,Generation Z,5,pop_weighted
2020,ahv_einnahmen,20-24,20,24,sum_beitrag_ahv,255913064.82762226,CHF,chf,nur_arbeitnehmende,24,1996,Millennials,4,pop_weighted
2020,ahv_einnahmen,25-29,25,29,n_personen,107863.24905965143,Anzahl,count,nur_arbeitnehmende,25,1995,Millennials,4,pop_weighted
2020,ahv_einnahmen,25-29,25,29,n_personen,111458.72592920186,Anzahl,count,nur_arbeitnehmende,26,1994,Millennials,4,pop_weighted
2020,ahv_einnahmen,25-29,25,29,n_personen,116134.48425125281,Anzahl,count,nur_arbeitnehmende,27,1993,Millennials,4,pop_weighted
2020,ahv_einnahmen,25-29,25,29,n_personen,122868.8023861656,Anzahl,count,nur_arbeitnehmende,28,1992,Millennials,4,pop_weighted
2020,ahv_einnahmen,25-29,25,29,n_personen,126055.73837372831,Anzahl,count,nur_arbeitnehmende,29,1991,Millennials,4,pop_weighted
2020,ahv_einnahmen,25-29,25,29,sum_einkommen,5542863821.594878,CHF,chf,nur_arbeitnehmende,25,1995,Millennials,4,pop_weighted
2020,ahv_einnahmen,25-29,25,29,sum_einkommen,5727627759.593731,CHF,chf,nur_arbeitnehmende,26,1994,Millennials,4,pop_weighted
2020,ahv_einnahmen,25-29,25,29,sum_einkommen,5967905072.466854,CHF,chf,nur_arbeitnehmende,27,1993,Millennials,4,pop_weighted
2020,ahv_einnahmen,25-29,25,29,sum_einkommen,6313967412.314185,CHF,chf,nur_arbeitnehmende,28,1992,Millennials,4,pop_weighted
2020,ahv_einnahmen,25-29,25,29,sum_einkommen,6477737300.030352,CHF,chf,nur_arbeitnehmende,29,1991,Millennials,4,pop_weighted
2020,ahv_einnahmen,25-29,25,29,sum_beitrag_ahv,482229152.4787544,CHF,chf,nur_arbeitnehmende,25,1995,Millennials,4,pop_weighted
2020,ahv_einnahmen,25-29,25,29,sum_beitrag_ahv,498303615.0846546,CHF,chf,nur_arbeitnehmende,26,1994,Millennials,4,pop_weighted
2020,ahv_einnahmen,25-29,25,29,sum_beitrag_ahv,519207741.3046163,CHF,chf,nur_arbeitnehmende,27,1993,Millennials,4,pop_weighted
2020,ahv_einnahmen,25-29,25,29,sum_beitrag_ahv,549315164.8713341,CHF,chf,nur_arbeitnehmende,28,1992,Millennials,4,pop_weighted
2020,ahv_einnahmen,25-29,25,29,sum_beitrag_ahv,563563145.1026406,CHF,chf,nur_arbeitnehmende,29,1991,Millennials,4,pop_weighted
2020,ahv_einnahmen,30-34,30,34,n_personen,127593.32070983121,Anzahl,count,nur_arbeitnehmende,30,1990,Millennials,4,pop_weighted
2020,ahv_einnahmen,30-34,30,34,n_personen,127631.98709419959,Anzahl,count,nur_arbeitnehmende,31,1989,Millennials,4,pop_weighted
2020,ahv_einnahmen,30-34,30,34,n_personen,130381.48053401518,Anzahl,count,nur_arbeitnehmende,32,1988,Millennials,4,pop_weighted
2020,ahv_einnahmen,30-34,30,34,n_personen,127921.98497696235,Anzahl,count,nur_arbeitnehmende,33,1987,Millennials,4,pop_weighted
2020,ahv_einnahmen,30-34,30,34,n_personen,129366.22668499168,Anzahl,count,nur_arbeitnehmende,34,1986,Millennials,4,pop_weighted
2020,ahv_einnahmen,30-34,30,34,sum_einkommen,8286719065.242309,CHF,chf,nur_arbeitnehmende,30,1990,Millennials,4,pop_weighted
2020,ahv_einnahmen,30-34,30,34,sum_einkommen,8289230305.3507,CHF,chf,nur_arbeitnehmende,31,1989,Millennials,4,pop_weighted
2020,ahv_einnahmen,30-34,30,34,sum_einkommen,8467799838.463597,CHF,chf,nur_arbeitnehmende,32,1988,Millennials,4,pop_weighted
2020,ahv_einnahmen,30-34,30,34,sum_einkommen,8308064606.163634,CHF,chf,nur_arbeitnehmende,33,1987,Millennials,4,pop_weighted
2020,ahv_einnahmen,30-34,30,34,sum_einkommen,8401862817.779758,CHF,chf,nur_arbeitnehmende,34,1986,Millennials,4,pop_weighted
2020,ahv_einnahmen,30-34,30,34,sum_beitrag_ahv,720944558.676081,CHF,chf,nur_arbeitnehmende,30,1990,Millennials,4,pop_weighted
2020,ahv_einnahmen,30-34,30,34,sum_beitrag_ahv,721163036.565511,CHF,chf,nur_arbeitnehmende,31,1989,Millennials,4,pop_weighted
2020,ahv_einnahmen,30-34,30,34,sum_beitrag_ahv,736698585.9463329,CHF,chf,nur_arbeitnehmende,32,1988,Millennials,4,pop_weighted
2020,ahv_einnahmen,30-34,30,34,sum_beitrag_ahv,722801620.7362362,CHF,chf,nur_arbeitnehmende,33,1987,Millennials,4,pop_weighted
2020,ahv_einnahmen,30-34,30,34,sum_beitrag_ahv,730962065.146839,CHF,chf,nur_arbeitnehmende,34,1986,Millennials,4,pop_weighted
2020,ahv_einnahmen,35-39,35,39,n_personen,125695.98729598829,Anzahl,count,nur_arbeitnehmende,35,1985,Millennials,4,pop_weighted
2020,ahv_einnahmen,35-39,35,39,n_personen,125926.03231188646,Anzahl,count,nur_arbeitnehmende,36,1984,Millennials,4,pop_weighted
2020,ahv_einnahmen,35-39,35,39,n_personen,124908.85755064138,Anzahl,count,nur_arbeitnehmende,37,1983,Millennials,4,pop_weighted
2020,ahv_einnahmen,35-39,35,39,n_personen,127030.04525794082,Anzahl,count,nur_arbeitnehmende,38,1982,Millennials,4,pop_weighted
2020,ahv_einnahmen,35-39,35,39,n_personen,125864.07758354304,Anzahl,count,nur_arbeitnehmende,39,1981,Millennials,4,pop_weighted
2020,ahv_einnahmen,35-39,35,39,sum_einkommen,9135611586.925508,CHF,chf,nur_arbeitnehmende,35,1985,Millennials,4,pop_weighted
2020,ahv_einnahmen,35-39,35,39,sum_einkommen,9152331308.516977,CHF,chf,nur_arbeitnehmende,36,1984,Millennials,4,pop_weighted
2020,ahv_einnahmen,35-39,35,39,sum_einkommen,9078402826.513197,CHF,chf,nur_arbeitnehmende,37,1983,Millennials,4,pop_weighted
2020,ahv_einnahmen,35-39,35,39,sum_einkommen,9232571208.604956,CHF,chf,nur_arbeitnehmende,38,1982,Millennials,4,pop_weighted
2020,ahv_einnahmen,35-39,35,39,sum_einkommen,9147828425.439363,CHF,chf,nur_arbeitnehmende,39,1981,Millennials,4,pop_weighted
2020,ahv_einnahmen,35-39,35,39,sum_beitrag_ahv,794798208.0625192,CHF,chf,nur_arbeitnehmende,35,1985,Millennials,4,pop_weighted
2020,ahv_einnahmen,35-39,35,39,sum_beitrag_ahv,796252823.840977,CHF,chf,nur_arbeitnehmende,36,1984,Millennials,4,pop_weighted
2020,ahv_einnahmen,35-39,35,39,sum_beitrag_ahv,789821045.9066482,CHF,chf,nur_arbeitnehmende,37,1983,Millennials,4,pop_weighted
2020,ahv_einnahmen,35-39,35,39,sum_beitrag_ahv,803233695.1486311,CHF,chf,nur_arbeitnehmende,38,1982,Millennials,4,pop_weighted
2020,ahv_einnahmen,35-39,35,39,sum_beitrag_ahv,795861073.0132246,CHF,chf,nur_arbeitnehmende,39,1981,Millennials,4,pop_weighted
2020,ahv_einnahmen,40-44,40,44,n_personen,124018.5528948128,Anzahl,count,nur_arbeitnehmende,40,1980,Generation X,3,pop_weighted
2020,ahv_einnahmen,40-44,40,44,n_personen,120316.43927356704,Anzahl,count,nur_arbeitnehmende,41,1979,Generation X,3,pop_weighted
2020,ahv_einnahmen,40-44,40,44,n_personen,118794.6317130414,Anzahl,count,nur_arbeitnehmende,42,1978,Generation X,3,pop_weighted
2020,ahv_einnahmen,40-44,40,44,n_personen,118191.21673757797,Anzahl,count,nur_arbeitnehmende,43,1977,Generation X,3,pop_weighted
2020,ahv_einnahmen,40-44,40,44,n_personen,117164.15938100079,Anzahl,count,nur_arbeitnehmende,44,1976,Generation X,3,pop_weighted
2020,ahv_einnahmen,40-44,40,44,sum_einkommen,9885597676.387968,CHF,chf,nur_arbeitnehmende,40,1980,Generation X,3,pop_weighted
2020,ahv_einnahmen,40-44,40,44,sum_einkommen,9590499846.606388,CHF,chf,nur_arbeitnehmende,41,1979,Generation X,3,pop_weighted
2020,ahv_einnahmen,40-44,40,44,sum_einkommen,9469195598.708885,CHF,chf,nur_arbeitnehmende,42,1978,Generation X,3,pop_weighted
2020,ahv_einnahmen,40-44,40,44,sum_einkommen,9421097007.489244,CHF,chf,nur_arbeitnehmende,43,1977,Generation X,3,pop_weighted
2020,ahv_einnahmen,40-44,40,44,sum_einkommen,9339229612.807516,CHF,chf,nur_arbeitnehmende,44,1976,Generation X,3,pop_weighted
2020,ahv_einnahmen,40-44,40,44,sum_beitrag_ahv,860046997.8457532,CHF,chf,nur_arbeitnehmende,40,1980,Generation X,3,pop_weighted
2020,ahv_einnahmen,40-44,40,44,sum_beitrag_ahv,834373486.6547557,CHF,chf,nur_arbeitnehmende,41,1979,Generation X,3,pop_weighted
2020,ahv_einnahmen,40-44,40,44,sum_beitrag_ahv,823820017.087673,CHF,chf,nur_arbeitnehmende,42,1978,Generation X,3,pop_weighted
2020,ahv_einnahmen,40-44,40,44,sum_beitrag_ahv,819635439.6515642,CHF,chf,nur_arbeitnehmende,43,1977,Generation X,3,pop_weighted
2020,ahv_einnahmen,40-44,40,44,sum_beitrag_ahv,812512976.3142538,CHF,chf,nur_arbeitnehmende,44,1976,Generation X,3,pop_weighted
2020,ahv_einnahmen,45-49,45,49,n_personen,114463.30055369732,Anzahl,count,nur_arbeitnehmende,45,1975,Generation X,3,pop_weighted
2020,ahv_einnahmen,45-49,45,49,n_personen,116585.46118001695,Anzahl,count,nur_arbeitnehmende,46,1974,Generation X,3,pop_weighted
2020,ahv_einnahmen,45-49,45,49,n_personen,116905.36016125718,Anzahl,count,nur_arbeitnehmende,47,1973,Generation X,3,pop_weighted
2020,ahv_einnahmen,45-49,45,49,n_personen,120020.68408625794,Anzahl,count,nur_arbeitnehmende,48,1972,Generation X,3,pop_weighted
2020,ahv_einnahmen,45-49,45,49,n_personen,123375.19401877062,Anzahl,count,nur_arbeitnehmende,49,1971,Generation X,3,pop_weighted
2020,ahv_einnahmen,45-49,45,49,sum_einkommen,9803005502.72079,CHF,chf,nur_arbeitnehmende,45,1975,Generation X,3,pop_weighted
2020,ahv_einnahmen,45-49,45,49,sum_einkommen,9984754169.733143,CHF,chf,nur_arbeitnehmende,46,1974,Generation X,3,pop_weighted
2020,ahv_einnahmen,45-49,45,49,sum_einkommen,10012151348.202076,CHF,chf,nur_arbeitnehmende,47,1973,Generation X,3,pop_weighted
2020,ahv_einnahmen,45-49,45,49,sum_einkommen,10278957716.984123,CHF,chf,nur_arbeitnehmende,48,1972,Generation X,3,pop_weighted
2020,ahv_einnahmen,45-49,45,49,sum_einkommen,10566248745.359867,CHF,chf,nur_arbeitnehmende,49,1971,Generation X,3,pop_weighted
2020,ahv_einnahmen,45-49,45,49,sum_beitrag_ahv,852861478.7367088,CHF,chf,nur_arbeitnehmende,45,1975,Generation X,3,pop_weighted
2020,ahv_einnahmen,45-49,45,49,sum_beitrag_ahv,868673612.7667835,CHF,chf,nur_arbeitnehmende,46,1974,Generation X,3,pop_weighted
2020,ahv_einnahmen,45-49,45,49,sum_beitrag_ahv,871057167.2935805,CHF,chf,nur_arbeitnehmende,47,1973,Generation X,3,pop_weighted
2020,ahv_einnahmen,45-49,45,49,sum_beitrag_ahv,894269321.3776188,CHF,chf,nur_arbeitnehmende,48,1972,Generation X,3,pop_weighted
2020,ahv_einnahmen,45-49,45,49,sum_beitrag_ahv,919263640.8463084,CHF,chf,nur_arbeitnehmende,49,1971,Generation X,3,pop_weighted
2020,ahv_einnahmen,50-54,50,54,n_personen,120136.88281758287,Anzahl,count,nur_arbeitnehmende,50,1970,Generation X,3,pop_weighted
2020,ahv_einnahmen,50-54,50,54,n_personen,122981.3930394304,Anzahl,count,nur_arbeitnehmende,51,1969,Generation X,3,pop_weighted
2020,ahv_einnahmen,50-54,50,54,n_personen,125055.43595652851,Anzahl,count,nur_arbeitnehmende,52,1968,Generation X,3,pop_weighted
2020,ahv_einnahmen,50-54,50,54,n_personen,125794.57187365412,Anzahl,count,nur_arbeitnehmende,53,1967,Generation X,3,pop_weighted
2020,ahv_einnahmen,50-54,50,54,n_personen,127697.71631280411,Anzahl,count,nur_arbeitnehmende,54,1966,Generation X,3,pop_weighted
2020,ahv_einnahmen,50-54,50,54,sum_einkommen,10512207667.265514,CHF,chf,nur_arbeitnehmende,50,1970,Generation X,3,pop_weighted
2020,ahv_einnahmen,50-54,50,54,sum_einkommen,10761107767.404825,CHF,chf,nur_arbeitnehmende,51,1969,Generation X,3,pop_weighted
2020,ahv_einnahmen,50-54,50,54,sum_einkommen,10942590500.633902,CHF,chf,nur_arbeitnehmende,52,1968,Generation X,3,pop_weighted
2020,ahv_einnahmen,50-54,50,54,sum_einkommen,11007266311.03392,CHF,chf,nur_arbeitnehmende,53,1967,Generation X,3,pop_weighted
2020,ahv_einnahmen,50-54,50,54,sum_einkommen,11173795099.66184,CHF,chf,nur_arbeitnehmende,54,1966,Generation X,3,pop_weighted
2020,ahv_einnahmen,50-54,50,54,sum_beitrag_ahv,914562067.0520998,CHF,chf,nur_arbeitnehmende,50,1970,Generation X,3,pop_weighted
2020,ahv_einnahmen,50-54,50,54,sum_beitrag_ahv,936216375.7642198,CHF,chf,nur_arbeitnehmende,51,1969,Generation X,3,pop_weighted
2020,ahv_einnahmen,50-54,50,54,sum_beitrag_ahv,952005373.5551496,CHF,chf,nur_arbeitnehmende,52,1968,Generation X,3,pop_weighted
2020,ahv_einnahmen,50-54,50,54,sum_beitrag_ahv,957632169.0599511,CHF,chf,nur_arbeitnehmende,53,1967,Generation X,3,pop_weighted
2020,ahv_einnahmen,50-54,50,54,sum_beitrag_ahv,972120173.6705801,CHF,chf,nur_arbeitnehmende,54,1966,Generation X,3,pop_weighted
2020,ahv_einnahmen,55-59,55,59,n_personen,119848.44412614102,Anzahl,count,nur_arbeitnehmende,55,1965,Generation X,3,pop_weighted
2020,ahv_einnahmen,55-59,55,59,n_personen,121183.85011003909,Anzahl,count,nur_arbeitnehmende,56,1964,Babyboomers,2,pop_weighted
2020,ahv_einnahmen,55-59,55,59,n_personen,116878.39402817373,Anzahl,count,nur_arbeitnehmende,57,1963,Babyboomers,2,pop_weighted
2020,ahv_einnahmen,55-59,55,59,n_personen,111872.6313968929,Anzahl,count,nur_arbeitnehmende,58,1962,Babyboomers,2,pop_weighted
2020,ahv_einnahmen,55-59,55,59,n_personen,107374.68033875327,Anzahl,count,nur_arbeitnehmende,59,1961,Babyboomers,2,pop_weighted
2020,ahv_einnahmen,55-59,55,59,sum_einkommen,10276553173.559734,CHF,chf,nur_arbeitnehmende,55,1965,Generation X,3,pop_weighted
2020,ahv_einnahmen,55-59,55,59,sum_einkommen,10391059212.431416,CHF,chf,nur_arbeitnehmende,56,1964,Babyboomers,2,pop_weighted
2020,ahv_einnahmen,55-59,55,59,sum_einkommen,10021882551.98894,CHF,chf,nur_arbeitnehmende,57,1963,Babyboomers,2,pop_weighted
2020,ahv_einnahmen,55-59,55,59,sum_einkommen,9592657239.723452,CHF,chf,nur_arbeitnehmende,58,1962,Babyboomers,2,pop_weighted
2020,ahv_einnahmen,55-59,55,59,sum_einkommen,9206974859.296461,CHF,chf,nur_arbeitnehmende,59,1961,Babyboomers,2,pop_weighted
2020,ahv_einnahmen,55-59,55,59,sum_beitrag_ahv,894060126.0996969,CHF,chf,nur_arbeitnehmende,55,1965,Generation X,3,pop_weighted
2020,ahv_einnahmen,55-59,55,59,sum_beitrag_ahv,904022151.4815332,CHF,chf,nur_arbeitnehmende,56,1964,Babyboomers,2,pop_weighted
2020,ahv_einnahmen,55-59,55,59,sum_beitrag_ahv,871903782.0230377,CHF,chf,nur_arbeitnehmende,57,1963,Babyboomers,2,pop_weighted
2020,ahv_einnahmen,55-59,55,59,sum_beitrag_ahv,834561179.8559402,CHF,chf,nur_arbeitnehmende,58,1962,Babyboomers,2,pop_weighted
2020,ahv_einnahmen,55-59,55,59,sum_beitrag_ahv,801006812.758792,CHF,chf,nur_arbeitnehmende,59,1961,Babyboomers,2,pop_weighted
2020,ahv_einnahmen,60-64,60,64,n_personen,83978.28595216273,Anzahl,count,nur_arbeitnehmende,60,1960,Babyboomers,2,pop_weighted
2020,ahv_einnahmen,60-64,60,64,n_personen,80723.21251617071,Anzahl,count,nur_arbeitnehmende,61,1959,Babyboomers,2,pop_weighted
2020,ahv_einnahmen,60-64,60,64,n_personen,77034.0809795199,Anzahl,count,nur_arbeitnehmende,62,1958,Babyboomers,2,pop_weighted
2020,ahv_einnahmen,60-64,60,64,n_personen,74615.2396773513,Anzahl,count,nur_arbeitnehmende,63,1957,Babyboomers,2,pop_weighted
2020,ahv_einnahmen,60-64,60,64,n_personen,71831.18087479536,Anzahl,count,nur_arbeitnehmende,64,1956,Babyboomers,2,pop_weighted
2020,ahv_einnahmen,60-64,60,64,sum_einkommen,6323329434.439574,CHF,chf,nur_arbeitnehmende,60,1960,Babyboomers,2,pop_weighted
2020,ahv_einnahmen,60-64,60,64,sum_einkommen,6078231532.813009,CHF,chf,nur_arbeitnehmende,61,1959,Babyboomers,2,pop_weighted
2020,ahv_einnahmen,60-64,60,64,sum_einkommen,5800450273.422795,CHF,chf,nur_arbeitnehmende,62,1958,Babyboomers,2,pop_weighted
2020,ahv_einnahmen,60-64,60,64,sum_einkommen,5618318306.452744,CHF,chf,nur_arbeitnehmende,63,1957,Babyboomers,2,pop_weighted
2020,ahv_einnahmen,60-64,60,64,sum_einkommen,5408686485.871876,CHF,chf,nur_arbeitnehmende,64,1956,Babyboomers,2,pop_weighted
2020,ahv_einnahmen,60-64,60,64,sum_beitrag_ahv,550129660.796243,CHF,chf,nur_arbeitnehmende,60,1960,Babyboomers,2,pop_weighted
2020,ahv_einnahmen,60-64,60,64,sum_beitrag_ahv,528806143.3547318,CHF,chf,nur_arbeitnehmende,61,1959,Babyboomers,2,pop_weighted
2020,ahv_einnahmen,60-64,60,64,sum_beitrag_ahv,504639173.7877832,CHF,chf,nur_arbeitnehmende,62,1958,Babyboomers,2,pop_weighted
2020,ahv_einnahmen,60-64,60,64,sum_beitrag_ahv,488793692.6613887,CHF,chf,nur_arbeitnehmende,63,1957,Babyboomers,2,pop_weighted
2020,ahv_einnahmen,60-64,60,64,sum_beitrag_ahv,470555724.27085316,CHF,chf,nur_arbeitnehmende,64,1956,Babyboomers,2,pop_weighted
2020,ahv_einnahmen,65-69,65,69,n_personen,15398.79438992103,Anzahl,count,nur_arbeitnehmende,65,1955,Babyboomers,2,pop_weighted
2020,ahv_einnahmen,65-69,65,69,n_personen,14764.256139590085,Anzahl,count,nur_arbeitnehmende,66,1954,Babyboomers,2,pop_weighted
2020,ahv_einnahmen,65-69,65,69,n_personen,14177.879563609806,Anzahl,count,nur_arbeitnehmende,67,1953,Babyboomers,2,pop_weighted
2020,ahv_einnahmen,65-69,65,69,n_personen,14015.866312137674,Anzahl,count,nur_arbeitnehmende,68,1952,Babyboomers,2,pop_weighted
2020,ahv_einnahmen,65-69,65,69,n_personen,13417.203594741406,Anzahl,count,nur_arbeitnehmende,69,1951,Babyboomers,2,pop_weighted
2020,ahv_einnahmen,65-69,65,69,sum_einkommen,757675900.9361551,CHF,chf,nur_arbeitnehmende,65,1955,Babyboomers,2,pop_weighted
2020,ahv_einnahmen,65-69,65,69,sum_einkommen,726454343.6944641,CHF,chf,nur_arbeitnehmende,66,1954,Babyboomers,2,pop_weighted
2020,ahv_einnahmen,65-69,65,69,sum_einkommen,697602513.5288173,CHF,chf,nur_arbeitnehmende,67,1953,Babyboomers,2,pop_weighted
2020,ahv_einnahmen,65-69,65,69,sum_einkommen,689630880.6097435,CHF,chf,nur_arbeitnehmende,68,1952,Babyboomers,2,pop_weighted
2020,ahv_einnahmen,65-69,65,69,sum_einkommen,660174528.2308201,CHF,chf,nur_arbeitnehmende,69,1951,Babyboomers,2,pop_weighted
2020,ahv_einnahmen,65-69,65,69,sum_beitrag_ahv,65917803.38144549,CHF,chf,nur_arbeitnehmende,65,1955,Babyboomers,2,pop_weighted
2020,ahv_einnahmen,65-69,65,69,sum_beitrag_ahv,63201527.90141837,CHF,chf,nur_arbeitnehmende,66,1954,Babyboomers,2,pop_weighted
2020,ahv_einnahmen,65-69,65,69,sum_beitrag_ahv,60691418.6770071,CHF,chf,nur_arbeitnehmende,67,1953,Babyboomers,2,pop_weighted
2020,ahv_einnahmen,65-69,65,69,sum_beitrag_ahv,59997886.61304768,CHF,chf,nur_arbeitnehmende,68,1952,Babyboomers,2,pop_weighted
2020,ahv_einnahmen,65-69,65,69,sum_beitrag_ahv,57435183.95608134,CHF,chf,nur_arbeitnehmende,69,1951,Babyboomers,2,pop_weighted
2020,ahv_einnahmen,70-74,70,74,n_personen,3666.154349731667,Anzahl,count,nur_arbeitnehmende,70,1950,Babyboomers,2,pop_weighted
2020,ahv_einnahmen,70-74,70,74,n_personen,3577.502524290517,Anzahl,count,nur_arbeitnehmende,71,1949,Babyboomers,2,pop_weighted
2020,ahv_einnahmen,70-74,70,74,n_personen,3586.2317243215857,Anzahl,count,nur_arbeitnehmende,72,1948,Babyboomers,2,pop_weighted
2020,ahv_einnahmen,70-74,70,74,n_personen,3505.8265803168215,Anzahl,count,nur_arbeitnehmende,73,1947,Babyboomers,2,pop_weighted
2020,ahv_einnahmen,70-74,70,74,n_personen,3454.2848213394086,Anzahl,count,nur_arbeitnehmende,74,1946,Babyboomers,2,pop_weighted
2020,ahv_einnahmen,70-74,70,74,sum_einkommen,159190418.16063365,CHF,chf,nur_arbeitnehmende,70,1950,Babyboomers,2,pop_weighted
2020,ahv_einnahmen,70-74,70,74,sum_einkommen,155341010.9026678,CHF,chf,nur_arbeitnehmende,71,1949,Babyboomers,2,pop_weighted
2020,ahv_einnahmen,70-74,70,74,sum_einkommen,155720047.04533738,CHF,chf,nur_arbeitnehmende,72,1948,Babyboomers,2,pop_weighted
2020,ahv_einnahmen,70-74,70,74,sum_einkommen,152228724.18346137,CHF,chf,nur_arbeitnehmende,73,1947,Babyboomers,2,pop_weighted
2020,ahv_einnahmen,70-74,70,74,sum_einkommen,149990696.7078998,CHF,chf,nur_arbeitnehmende,74,1946,Babyboomers,2,pop_weighted
2020,ahv_einnahmen,70-74,70,74,sum_beitrag_ahv,13849566.379975129,CHF,chf,nur_arbeitnehmende,70,1950,Babyboomers,2,pop_weighted
2020,ahv_einnahmen,70-74,70,74,sum_beitrag_ahv,13514667.948532099,CHF,chf,nur_arbeitnehmende,71,1949,Babyboomers,2,pop_weighted
2020,ahv_einnahmen,70-74,70,74,sum_beitrag_ahv,13547644.092944352,CHF,chf,nur_arbeitnehmende,72,1948,Babyboomers,2,pop_weighted
2020,ahv_einnahmen,70-74,70,74,sum_beitrag_ahv,13243899.00396114,CHF,chf,nur_arbeitnehmende,73,1947,Babyboomers,2,pop_weighted
2020,ahv_einnahmen,70-74,70,74,sum_beitrag_ahv,13049190.613587284,CHF,chf,nur_arbeitnehmende,74,1946,Babyboomers,2,pop_weighted
2020,ahv_einnahmen,75+,75,100,n_personen,849.8616714171203,Anzahl,count,nur_arbeitnehmende,75,1945,Silent Generation,1,pop_weighted
2020,ahv_einnahmen,75+,75,100,n_personen,823.7415363715543,Anzahl,count,nur_arbeitnehmende,76,1944,Silent Generation,1,pop_weighted
2020,ahv_einnahmen,75+,75,100,n_personen,782.2251088100372,Anzahl,count,nur_arbeitnehmende,77,1943,Silent Generation,1,pop_weighted
2020,ahv_einnahmen,75+,75,100,n_personen,733.2156669411644,Anzahl,count,nur_arbeitnehmende,78,1942,Silent Generation,1,pop_weighted
2020,ahv_einnahmen,75+,75,100,n_personen,670.8327615138396,Anzahl,count,nur_arbeitnehmende,79,1941,Silent Generation,1,pop_weighted
2020,ahv_einnahmen,75+,75,100,n_personen,599.7602387338777,Anzahl,count,nur_arbeitnehmende,80,1940,Silent Generation,1,pop_weighted
2020,ahv_einnahmen,75+,75,100,n_personen,568.8024085195323,Anzahl,count,nur_arbeitnehmende,81,1939,Silent Generation,1,pop_weighted
2020,ahv_einnahmen,75+,75,100,n_personen,531.5424689333726,Anzahl,count,nur_arbeitnehmende,82,1938,Silent Generation,1,pop_weighted
2020,ahv_einnahmen,75+,75,100,n_personen,490.44770149257363,Anzahl,count,nur_arbeitnehmende,83,1937,Silent Generation,1,pop_weighted
2020,ahv_einnahmen,75+,75,100,n_personen,463.3531896815644,Anzahl,count,nur_arbeitnehmende,84,1936,Silent Generation,1,pop_weighted
2020,ahv_einnahmen,75+,75,100,n_personen,432.89679312428905,Anzahl,count,nur_arbeitnehmende,85,1935,Silent Generation,1,pop_weighted
2020,ahv_einnahmen,75+,75,100,n_personen,394.1439487863976,Anzahl,count,nur_arbeitnehmende,86,1934,Silent Generation,1,pop_weighted
2020,ahv_einnahmen,75+,75,100,n_personen,350.6730695842547,Anzahl,count,nur_arbeitnehmende,87,1933,Silent Generation,1,pop_weighted
2020,ahv_einnahmen,75+,75,100,n_personen,315.2422232244533,Anzahl,count,nur_arbeitnehmende,88,1932,Silent Generation,1,pop_weighted
2020,ahv_einnahmen,75+,75,100,n_personen,274.2329274297459,Anzahl,count,nur_arbeitnehmende,89,1931,Silent Generation,1,pop_weighted
2020,ahv_einnahmen,75+,75,100,n_personen,241.18389094102804,Anzahl,count,nur_arbeitnehmende,90,1930,Silent Generation,1,pop_weighted
2020,ahv_einnahmen,75+,75,100,n_personen,197.1090121065051,Anzahl,count,nur_arbeitnehmende,91,1929,Silent Generation,1,pop_weighted
2020,ahv_einnahmen,75+,75,100,n_personen,162.08842964794297,Anzahl,count,nur_arbeitnehmende,92,1928,Silent Generation,1,pop_weighted
2020,ahv_einnahmen,75+,75,100,n_personen,127.8199976749862,Anzahl,count,nur_arbeitnehmende,93,1927,Silent Generation,1,pop_weighted
2020,ahv_einnahmen,75+,75,100,n_personen,101.81382482420888,Anzahl,count,nur_arbeitnehmende,94,1926,Silent Generation,1,pop_weighted
2020,ahv_einnahmen,75+,75,100,n_personen,77.84757526014896,Anzahl,count,nur_arbeitnehmende,95,1925,Silent Generation,1,pop_weighted
2020,ahv_einnahmen,75+,75,100,n_personen,58.43981348763634,Anzahl,count,nur_arbeitnehmende,96,1924,Silent Generation,1,pop_weighted
2020,ahv_einnahmen,75+,75,100,n_personen,41.36257859855228,Anzahl,count,nur_arbeitnehmende,97,1923,Silent Generation,1,pop_weighted
2020,ahv_einnahmen,75+,75,100,n_personen,27.658624675213222,Anzahl,count,nur_arbeitnehmende,98,1922,Silent Generation,1,pop_weighted
2020,ahv_einnahmen,75+,75,100,n_personen,45.70453822000108,Anzahl,count,nur_arbeitnehmende,99,1921,Silent Generation,1,pop_weighted
2020,ahv_einnahmen,75+,75,100,n_personen,0.0,Anzahl,count,nur_arbeitnehmende,100,1920,Silent Generation,1,pop_weighted
2020,ahv_einnahmen,75+,75,100,sum_einkommen,40375067.24588482,CHF,chf,nur_arbeitnehmende,75,1945,Silent Generation,1,pop_weighted
2020,ahv_einnahmen,75+,75,100,sum_einkommen,39134156.819629446,CHF,chf,nur_arbeitnehmende,76,1944,Silent Generation,1,pop_weighted
2020,ahv_einnahmen,75+,75,100,sum_einkommen,37161802.2459609,CHF,chf,nur_arbeitnehmende,77,1943,Silent Generation,1,pop_weighted
2020,ahv_einnahmen,75+,75,100,sum_einkommen,34833470.96842546,CHF,chf,nur_arbeitnehmende,78,1942,Silent Generation,1,pop_weighted
2020,ahv_einnahmen,75+,75,100,sum_einkommen,31869795.718285017,CHF,chf,nur_arbeitnehmende,79,1941,Silent Generation,1,pop_weighted
2020,ahv_einnahmen,75+,75,100,sum_einkommen,28493295.77354609,CHF,chf,nur_arbeitnehmende,80,1940,Silent Generation,1,pop_weighted
2020,ahv_einnahmen,75+,75,100,sum_einkommen,27022557.04190442,CHF,chf,nur_arbeitnehmende,81,1939,Silent Generation,1,pop_weighted
2020,ahv_einnahmen,75+,75,100,sum_einkommen,25252418.892409682,CHF,chf,nur_arbeitnehmende,82,1938,Silent Generation,1,pop_weighted
2020,ahv_einnahmen,75+,75,100,sum_einkommen,23300096.467856076,CHF,chf,nur_arbeitnehmende,83,1937,Silent Generation,1,pop_weighted
2020,ahv_einnahmen,75+,75,100,sum_einkommen,22012895.53486212,CHF,chf,nur_arbeitnehmende,84,1936,Silent Generation,1,pop_weighted
2020,ahv_einnahmen,75+,75,100,sum_einkommen,20565978.818384167,CHF,chf,nur_arbeitnehmende,85,1935,Silent Generation,1,pop_weighted
2020,ahv_einnahmen,75+,75,100,sum_einkommen,18724916.032833822,CHF,chf,nur_arbeitnehmende,86,1934,Silent Generation,1,pop_weighted
2020,ahv_einnahmen,75+,75,100,sum_einkommen,16659709.740970334,CHF,chf,nur_arbeitnehmende,87,1933,Silent Generation,1,pop_weighted
2020,ahv_einnahmen,75+,75,100,sum_einkommen,14976467.805879608,CHF,chf,nur_arbeitnehmende,88,1932,Silent Generation,1,pop_weighted
2020,ahv_einnahmen,75+,75,100,sum_einkommen,13028205.952092543,CHF,chf,nur_arbeitnehmende,89,1931,Silent Generation,1,pop_weighted
2020,ahv_einnahmen,75+,75,100,sum_einkommen,11458118.589029465,CHF,chf,nur_arbeitnehmende,90,1930,Silent Generation,1,pop_weighted
2020,ahv_einnahmen,75+,75,100,sum_einkommen,9364217.597082412,CHF,chf,nur_arbeitnehmende,91,1929,Silent Generation,1,pop_weighted
2020,ahv_einnahmen,75+,75,100,sum_einkommen,7700466.401671087,CHF,chf,nur_arbeitnehmende,92,1928,Silent Generation,1,pop_weighted
2020,ahv_einnahmen,75+,75,100,sum_einkommen,6072448.229005338,CHF,chf,nur_arbeitnehmende,93,1927,Silent Generation,1,pop_weighted
2020,ahv_einnahmen,75+,75,100,sum_einkommen,4836951.897105358,CHF,chf,nur_arbeitnehmende,94,1926,Silent Generation,1,pop_weighted
2020,ahv_einnahmen,75+,75,100,sum_einkommen,3698367.8541668565,CHF,chf,nur_arbeitnehmende,95,1925,Silent Generation,1,pop_weighted
2020,ahv_einnahmen,75+,75,100,sum_einkommen,2776347.5854439526,CHF,chf,nur_arbeitnehmende,96,1924,Silent Generation,1,pop_weighted
2020,ahv_einnahmen,75+,75,100,sum_einkommen,1965045.5462887727,CHF,chf,nur_arbeitnehmende,97,1923,Silent Generation,1,pop_weighted
2020,ahv_einnahmen,75+,75,100,sum_einkommen,1314000.7000531345,CHF,chf,nur_arbeitnehmende,98,1922,Silent Generation,1,pop_weighted
2020,ahv_einnahmen,75+,75,100,sum_einkommen,2171322.541229129,CHF,chf,nur_arbeitnehmende,99,1921,Silent Generation,1,pop_weighted
2020,ahv_einnahmen,75+,75,100,sum_einkommen,0.0,CHF,chf,nur_arbeitnehmende,100,1920,Silent Generation,1,pop_weighted
2020,ahv_einnahmen,75+,75,100,sum_beitrag_ahv,3512630.8503919793,CHF,chf,nur_arbeitnehmende,75,1945,Silent Generation,1,pop_weighted
2020,ahv_einnahmen,75+,75,100,sum_beitrag_ahv,3404671.6433077618,CHF,chf,nur_arbeitnehmende,76,1944,Silent Generation,1,pop_weighted
2020,ahv_einnahmen,75+,75,100,sum_beitrag_ahv,3233076.795398598,CHF,chf,nur_arbeitnehmende,77,1943,Silent Generation,1,pop_weighted
2020,ahv_einnahmen,75+,75,100,sum_beitrag_ahv,3030511.974253015,CHF,chf,nur_arbeitnehmende,78,1942,Silent Generation,1,pop_weighted
2020,ahv_einnahmen,75+,75,100,sum_beitrag_ahv,2772672.2274907962,CHF,chf,nur_arbeitnehmende,79,1941,Silent Generation,1,pop_weighted
2020,ahv_einnahmen,75+,75,100,sum_beitrag_ahv,2478916.7322985097,CHF,chf,nur_arbeitnehmende,80,1940,Silent Generation,1,pop_weighted
2020,ahv_einnahmen,75+,75,100,sum_beitrag_ahv,2350962.4626456844,CHF,chf,nur_arbeitnehmende,81,1939,Silent Generation,1,pop_weighted
2020,ahv_einnahmen,75+,75,100,sum_beitrag_ahv,2196960.443639642,CHF,chf,nur_arbeitnehmende,82,1938,Silent Generation,1,pop_weighted
2020,ahv_einnahmen,75+,75,100,sum_beitrag_ahv,2027108.3927034785,CHF,chf,nur_arbeitnehmende,83,1937,Silent Generation,1,pop_weighted
2020,ahv_einnahmen,75+,75,100,sum_beitrag_ahv,1915121.9115330046,CHF,chf,nur_arbeitnehmende,84,1936,Silent Generation,1,pop_weighted
2020,ahv_einnahmen,75+,75,100,sum_beitrag_ahv,1789240.1571994224,CHF,chf,nur_arbeitnehmende,85,1935,Silent Generation,1,pop_weighted
2020,ahv_einnahmen,75+,75,100,sum_beitrag_ahv,1629067.6948565424,CHF,chf,nur_arbeitnehmende,86,1934,Silent Generation,1,pop_weighted
2020,ahv_einnahmen,75+,75,100,sum_beitrag_ahv,1449394.747464419,CHF,chf,nur_arbeitnehmende,87,1933,Silent Generation,1,pop_weighted
2020,ahv_einnahmen,75+,75,100,sum_beitrag_ahv,1302952.699111526,CHF,chf,nur_arbeitnehmende,88,1932,Silent Generation,1,pop_weighted
2020,ahv_einnahmen,75+,75,100,sum_beitrag_ahv,1133453.9178320512,CHF,chf,nur_arbeitnehmende,89,1931,Silent Generation,1,pop_weighted
2020,ahv_einnahmen,75+,75,100,sum_beitrag_ahv,996856.3172455635,CHF,chf,nur_arbeitnehmende,90,1930,Silent Generation,1,pop_weighted
2020,ahv_einnahmen,75+,75,100,sum_beitrag_ahv,814686.9309461699,CHF,chf,nur_arbeitnehmende,91,1929,Silent Generation,1,pop_weighted
2020,ahv_einnahmen,75+,75,100,sum_beitrag_ahv,669940.5769453846,CHF,chf,nur_arbeitnehmende,92,1928,Silent Generation,1,pop_weighted
2020,ahv_einnahmen,75+,75,100,sum_beitrag_ahv,528302.9959234644,CHF,chf,nur_arbeitnehmende,93,1927,Silent Generation,1,pop_weighted
2020,ahv_einnahmen,75+,75,100,sum_beitrag_ahv,420814.81504816614,CHF,chf,nur_arbeitnehmende,94,1926,Silent Generation,1,pop_weighted
2020,ahv_einnahmen,75+,75,100,sum_beitrag_ahv,321758.0033125165,CHF,chf,nur_arbeitnehmende,95,1925,Silent Generation,1,pop_weighted
2020,ahv_einnahmen,75+,75,100,sum_beitrag_ahv,241542.23993362387,CHF,chf,nur_arbeitnehmende,96,1924,Silent Generation,1,pop_weighted
2020,ahv_einnahmen,75+,75,100,sum_beitrag_ahv,170958.96252712322,CHF,chf,nur_arbeitnehmende,97,1923,Silent Generation,1,pop_weighted
2020,ahv_einnahmen,75+,75,100,sum_beitrag_ahv,114318.0609046227,CHF,chf,nur_arbeitnehmende,98,1922,Silent Generation,1,pop_weighted
2020,ahv_einnahmen,75+,75,100,sum_beitrag_ahv,188905.0610869342,CHF,chf,nur_arbeitnehmende,99,1921,Silent Generation,1,pop_weighted
2020,ahv_einnahmen,75+,75,100,sum_beitrag_ahv,0.0,CHF,chf,nur_arbeitnehmende,100,1920,Silent Generation,1,pop_weighted
2021,ahv_einnahmen,<20,0,19,n_personen,3419.912748682511,Anzahl,count,nur_arbeitnehmende,0,2021,Generation Alpha,6,pop_weighted
2021,ahv_einnahmen,<20,0,19,n_personen,6598.22145726252,Anzahl,count,nur_arbeitnehmende,1,2020,Generation Alpha,6,pop_weighted
2021,ahv_einnahmen,<20,0,19,n_personen,6715.320510562079,Anzahl,count,nur_arbeitnehmende,2,2019,Generation Alpha,6,pop_weighted
2021,ahv_einnahmen,<20,0,19,n_personen,6872.124673324802,Anzahl,count,nur_arbeitnehmende,3,2018,Generation Alpha,6,pop_weighted
2021,ahv_einnahmen,<20,0,19,n_personen,6869.720653025273,Anzahl,count,nur_arbeitnehmende,4,2017,Generation Alpha,6,pop_weighted
2021,ahv_einnahmen,<20,0,19,n_personen,6978.90970404897,Anzahl,count,nur_arbeitnehmende,5,2016,Generation Alpha,6,pop_weighted
2021,ahv_einnahmen,<20,0,19,n_personen,6930.557876411701,Anzahl,count,nur_arbeitnehmende,6,2015,Generation Alpha,6,pop_weighted
2021,ahv_einnahmen,<20,0,19,n_personen,6912.488949644286,Anzahl,count,nur_arbeitnehmende,7,2014,Generation Alpha,6,pop_weighted
2021,ahv_einnahmen,<20,0,19,n_personen,6771.388467870412,Anzahl,count,nur_arbeitnehmende,8,2013,Generation Alpha,6,pop_weighted
2021,ahv_einnahmen,<20,0,19,n_personen,6832.962407155082,Anzahl,count,nur_arbeitnehmende,9,2012,Generation Z,5,pop_weighted
2021,ahv_einnahmen,<20,0,19,n_personen,6760.919347211179,Anzahl,count,nur_arbeitnehmende,10,2011,Generation Z,5,pop_weighted
2021,ahv_einnahmen,<20,0,19,n_personen,6858.127071258199,Anzahl,count,nur_arbeitnehmende,11,2010,Generation Z,5,pop_weighted
2021,ahv_einnahmen,<20,0,19,n_personen,6752.737923288594,Anzahl,count,nur_arbeitnehmende,12,2009,Generation Z,5,pop_weighted
2021,ahv_einnahmen,<20,0,19,n_personen,6715.9796774184015,Anzahl,count,nur_arbeitnehmende,13,2008,Generation Z,5,pop_weighted
2021,ahv_einnahmen,<20,0,19,n_personen,6580.656599267585,Anzahl,count,nur_arbeitnehmende,14,2007,Generation Z,5,pop_weighted
2021,ahv_einnahmen,<20,0,19,n_personen,6523.929475102931,Anzahl,count,nur_arbeitnehmende,15,2006,Generation Z,5,pop_weighted
2021,ahv_einnahmen,<20,0,19,n_personen,6502.642263095826,Anzahl,count,nur_arbeitnehmende,16,2005,Generation Z,5,pop_weighted
2021,ahv_einnahmen,<20,0,19,n_personen,6507.372754652961,Anzahl,count,nur_arbeitnehmende,17,2004,Generation Z,5,pop_weighted
2021,ahv_einnahmen,<20,0,19,n_personen,6447.117149080936,Anzahl,count,nur_arbeitnehmende,18,2003,Generation Z,5,pop_weighted
2021,ahv_einnahmen,<20,0,19,n_personen,6635.910291635755,Anzahl,count,nur_arbeitnehmende,19,2002,Generation Z,5,pop_weighted
2021,ahv_einnahmen,<20,0,19,sum_einkommen,46582112.98543151,CHF,chf,nur_arbeitnehmende,0,2021,Generation Alpha,6,pop_weighted
2021,ahv_einnahmen,<20,0,19,sum_einkommen,89873373.97525959,CHF,chf,nur_arbeitnehmende,1,2020,Generation Alpha,6,pop_weighted
2021,ahv_einnahmen,<20,0,19,sum_einkommen,91468362.42442061,CHF,chf,nur_arbeitnehmende,2,2019,Generation Alpha,6,pop_weighted
2021,ahv_einnahmen,<20,0,19,sum_einkommen,93604168.14905877,CHF,chf,nur_arbeitnehmende,3,2018,Generation Alpha,6,pop_weighted
2021,ahv_einnahmen,<20,0,19,sum_einkommen,93571423.35308261,CHF,chf,nur_arbeitnehmende,4,2017,Generation Alpha,6,pop_weighted
2021,ahv_einnahmen,<20,0,19,sum_einkommen,95058670.86064468,CHF,chf,nur_arbeitnehmende,5,2016,Generation Alpha,6,pop_weighted
2021,ahv_einnahmen,<20,0,19,sum_einkommen,94400077.94802754,CHF,chf,nur_arbeitnehmende,6,2015,Generation Alpha,6,pop_weighted
2021,ahv_einnahmen,<20,0,19,sum_einkommen,94153963.8363358,CHF,chf,nur_arbeitnehmende,7,2014,Generation Alpha,6,pop_weighted
2021,ahv_einnahmen,<20,0,19,sum_einkommen,92232055.56928381,CHF,chf,nur_arbeitnehmende,8,2013,Generation Alpha,6,pop_weighted
2021,ahv_einnahmen,<20,0,19,sum_einkommen,93070744.85976982,CHF,chf,nur_arbeitnehmende,9,2012,Generation Z,5,pop_weighted
2021,ahv_einnahmen,<20,0,19,sum_einkommen,92089457.26422636,CHF,chf,nur_arbeitnehmende,10,2011,Generation Z,5,pop_weighted
2021,ahv_einnahmen,<20,0,19,sum_einkommen,93413508.93377827,CHF,chf,nur_arbeitnehmende,11,2010,Generation Z,5,pop_weighted
2021,ahv_einnahmen,<20,0,19,sum_einkommen,91978019.32953332,CHF,chf,nur_arbeitnehmende,12,2009,Generation Z,5,pop_weighted
2021,ahv_einnahmen,<20,0,19,sum_einkommen,91477340.83622053,CHF,chf,nur_arbeitnehmende,13,2008,Generation Z,5,pop_weighted
2021,ahv_einnahmen,<20,0,19,sum_einkommen,89634125.70788541,CHF,chf,nur_arbeitnehmende,14,2007,Generation Z,5,pop_weighted
2021,ahv_einnahmen,<20,0,19,sum_einkommen,88861454.15122232,CHF,chf,nur_arbeitnehmende,15,2006,Generation Z,5,pop_weighted
2021,ahv_einnahmen,<20,0,19,sum_einkommen,88571504.26427218,CHF,chf,nur_arbeitnehmende,16,2005,Generation Z,5,pop_weighted
2021,ahv_einnahmen,<20,0,19,sum_einkommen,88635937.57248333,CHF,chf,nur_arbeitnehmende,17,2004,Generation Z,5,pop_weighted
2021,ahv_einnahmen,<20,0,19,sum_einkommen,87815205.10559715,CHF,chf,nur_arbeitnehmende,18,2003,Generation Z,5,pop_weighted
2021,ahv_einnahmen,<20,0,19,sum_einkommen,90386727.87346639,CHF,chf,nur_arbeitnehmende,19,2002,Generation Z,5,pop_weighted
2021,ahv_einnahmen,<20,0,19,sum_beitrag_ahv,4052643.829732541,CHF,chf,nur_arbeitnehmende,0,2021,Generation Alpha,6,pop_weighted
2021,ahv_einnahmen,<20,0,19,sum_beitrag_ahv,7818983.535847583,CHF,chf,nur_arbeitnehmende,1,2020,Generation Alpha,6,pop_weighted
2021,ahv_einnahmen,<20,0,19,sum_beitrag_ahv,7957747.530924593,CHF,chf,nur_arbeitnehmende,2,2019,Generation Alpha,6,pop_weighted
2021,ahv_einnahmen,<20,0,19,sum_beitrag_ahv,8143562.628968112,CHF,chf,nur_arbeitnehmende,3,2018,Generation Alpha,6,pop_weighted
2021,ahv_einnahmen,<20,0,19,sum_beitrag_ahv,8140713.831718187,CHF,chf,nur_arbeitnehmende,4,2017,Generation Alpha,6,pop_weighted
2021,ahv_einnahmen,<20,0,19,sum_beitrag_ahv,8270104.364876088,CHF,chf,nur_arbeitnehmende,5,2016,Generation Alpha,6,pop_weighted
2021,ahv_einnahmen,<20,0,19,sum_beitrag_ahv,8212806.781478396,CHF,chf,nur_arbeitnehmende,6,2015,Generation Alpha,6,pop_weighted
2021,ahv_einnahmen,<20,0,19,sum_beitrag_ahv,8191394.853761214,CHF,chf,nur_arbeitnehmende,7,2014,Generation Alpha,6,pop_weighted
2021,ahv_einnahmen,<20,0,19,sum_beitrag_ahv,8024188.834527692,CHF,chf,nur_arbeitnehmende,8,2013,Generation Alpha,6,pop_weighted
2021,ahv_einnahmen,<20,0,19,sum_beitrag_ahv,8097154.802799974,CHF,chf,nur_arbeitnehmende,9,2012,Generation Z,5,pop_weighted
2021,ahv_einnahmen,<20,0,19,sum_beitrag_ahv,8011782.781987694,CHF,chf,nur_arbeitnehmende,10,2011,Generation Z,5,pop_weighted
2021,ahv_einnahmen,<20,0,19,sum_beitrag_ahv,8126975.277238709,CHF,chf,nur_arbeitnehmende,11,2010,Generation Z,5,pop_weighted
2021,ahv_einnahmen,<20,0,19,sum_beitrag_ahv,8002087.681669399,CHF,chf,nur_arbeitnehmende,12,2009,Generation Z,5,pop_weighted
2021,ahv_einnahmen,<20,0,19,sum_beitrag_ahv,7958528.652751186,CHF,chf,nur_arbeitnehmende,13,2008,Generation Z,5,pop_weighted
2021,ahv_einnahmen,<20,0,19,sum_beitrag_ahv,7798168.936586032,CHF,chf,nur_arbeitnehmende,14,2007,Generation Z,5,pop_weighted
2021,ahv_einnahmen,<20,0,19,sum_beitrag_ahv,7730946.511156341,CHF,chf,nur_arbeitnehmende,15,2006,Generation Z,5,pop_weighted
2021,ahv_einnahmen,<20,0,19,sum_beitrag_ahv,7705720.87099168,CHF,chf,nur_arbeitnehmende,16,2005,Generation Z,5,pop_weighted
2021,ahv_einnahmen,<20,0,19,sum_beitrag_ahv,7711326.5688060485,CHF,chf,nur_arbeitnehmende,17,2004,Generation Z,5,pop_weighted
2021,ahv_einnahmen,<20,0,19,sum_beitrag_ahv,7639922.844186952,CHF,chf,nur_arbeitnehmende,18,2003,Generation Z,5,pop_weighted
2021,ahv_einnahmen,<20,0,19,sum_beitrag_ahv,7863645.3249915745,CHF,chf,nur_arbeitnehmende,19,2002,Generation Z,5,pop_weighted
2021,ahv_einnahmen,20-24,20,24,n_personen,83964.89285507784,Anzahl,count,nur_arbeitnehmende,20,2001,Generation Z,5,pop_weighted
2021,ahv_einnahmen,20-24,20,24,n_personen,89783.9915538985,Anzahl,count,nur_arbeitnehmende,21,2000,Generation Z,5,pop_weighted
2021,ahv_einnahmen,20-24,20,24,n_personen,90412.62340431,Anzahl,count,nur_arbeitnehmende,22,1999,Generation Z,5,pop_weighted
2021,ahv_einnahmen,20-24,20,24,n_personen,93207.67716147601,Anzahl,count,nur_arbeitnehmende,23,1998,Generation Z,5,pop_weighted
2021,ahv_einnahmen,20-24,20,24,n_personen,96685.81502523765,Anzahl,count,nur_arbeitnehmende,24,1997,Generation Z,5,pop_weighted
2021,ahv_einnahmen,20-24,20,24,sum_einkommen,2582950970.6598964,CHF,chf,nur_arbeitnehmende,20,2001,Generation Z,5,pop_weighted
2021,ahv_einnahmen,20-24,20,24,sum_einkommen,2761959674.4335904,CHF,chf,nur_arbeitnehmende,21,2000,Generation Z,5,pop_weighted
2021,ahv_einnahmen,20-24,20,24,sum_einkommen,2781297819.139029,CHF,chf,nur_arbeitnehmende,22,1999,Generation Z,5,pop_weighted
2021,ahv_einnahmen,20-24,20,24,sum_einkommen,2867280026.3405466,CHF,chf,nur_arbeitnehmende,23,1998,Generation Z,5,pop_weighted
2021,ahv_einnahmen,20-24,20,24,sum_einkommen,2974275453.426937,CHF,chf,nur_arbeitnehmende,24,1997,Generation Z,5,pop_weighted
2021,ahv_einnahmen,20-24,20,24,sum_beitrag_ahv,224716734.447411,CHF,chf,nur_arbeitnehmende,20,2001,Generation Z,5,pop_weighted
2021,ahv_einnahmen,20-24,20,24,sum_beitrag_ahv,240290491.6757224,CHF,chf,nur_arbeitnehmende,21,2000,Generation Z,5,pop_weighted
2021,ahv_einnahmen,20-24,20,24,sum_beitrag_ahv,241972910.2650955,CHF,chf,nur_arbeitnehmende,22,1999,Generation Z,5,pop_weighted
2021,ahv_einnahmen,20-24,20,24,sum_beitrag_ahv,249453362.29162756,CHF,chf,nur_arbeitnehmende,23,1998,Generation Z,5,pop_weighted
2021,ahv_einnahmen,20-24,20,24,sum_beitrag_ahv,258761964.44814354,CHF,chf,nur_arbeitnehmende,24,1997,Generation Z,5,pop_weighted
2021,ahv_einnahmen,25-29,25,29,n_personen,110129.90550175025,Anzahl,count,nur_arbeitnehmende,25,1996,Millennials,4,pop_weighted
2021,ahv_einnahmen,25-29,25,29,n_personen,111911.1676334609,Anzahl,count,nur_arbeitnehmende,26,1995,Millennials,4,pop_weighted
2021,ahv_einnahmen,25-29,25,29,n_personen,115863.12626530048,Anzahl,count,nur_arbeitnehmende,27,1994,Millennials,4,pop_weighted
2021,ahv_einnahmen,25-29,25,29,n_personen,120442.98113224743,Anzahl,count,nur_arbeitnehmende,28,1993,Millennials,4,pop_weighted
2021,ahv_einnahmen,25-29,25,29,n_personen,127014.81946724094,Anzahl,count,nur_arbeitnehmende,29,1992,Millennials,4,pop_weighted
2021,ahv_einnahmen,25-29,25,29,sum_einkommen,5699276441.03548,CHF,chf,nur_arbeitnehmende,25,1996,Millennials,4,pop_weighted
2021,ahv_einnahmen,25-29,25,29,sum_einkommen,5791457627.029558,CHF,chf,nur_arbeitnehmende,26,1995,Millennials,4,pop_weighted
2021,ahv_einnahmen,25-29,25,29,sum_einkommen,5995973417.9382515,CHF,chf,nur_arbeitnehmende,27,1994,Millennials,4,pop_weighted
2021,ahv_einnahmen,25-29,25,29,sum_einkommen,6232983145.928417,CHF,chf,nur_arbeitnehmende,28,1993,Millennials,4,pop_weighted
2021,ahv_einnahmen,25-29,25,29,sum_einkommen,6573078992.068294,CHF,chf,nur_arbeitnehmende,29,1992,Millennials,4,pop_weighted
2021,ahv_einnahmen,25-29,25,29,sum_beitrag_ahv,495837050.3700867,CHF,chf,nur_arbeitnehmende,25,1996,Millennials,4,pop_weighted
2021,ahv_einnahmen,25-29,25,29,sum_beitrag_ahv,503856813.55157155,CHF,chf,nur_arbeitnehmende,26,1995,Millennials,4,pop_weighted
2021,ahv_einnahmen,25-29,25,29,sum_beitrag_ahv,521649687.36062795,CHF,chf,nur_arbeitnehmende,27,1994,Millennials,4,pop_weighted
2021,ahv_einnahmen,25-29,25,29,sum_beitrag_ahv,542269533.6957723,CHF,chf,nur_arbeitnehmende,28,1993,Millennials,4,pop_weighted
2021,ahv_einnahmen,25-29,25,29,sum_beitrag_ahv,571857872.3099415,CHF,chf,nur_arbeitnehmende,29,1992,Millennials,4,pop_weighted
2021,ahv_einnahmen,30-34,30,34,n_personen,127465.23900484382,Anzahl,count,nur_arbeitnehmende,30,1991,Millennials,4,pop_weighted
2021,ahv_einnahmen,30-34,30,34,n_personen,130359.65440691331,Anzahl,count,nur_arbeitnehmende,31,1990,Millennials,4,pop_weighted
2021,ahv_einnahmen,30-34,30,34,n_personen,130141.9189987287,Anzahl,count,nur_arbeitnehmende,32,1989,Millennials,4,pop_weighted
2021,ahv_einnahmen,30-34,30,34,n_personen,132582.0210971822,Anzahl,count,nur_arbeitnehmende,33,1988,Millennials,4,pop_weighted
2021,ahv_einnahmen,30-34,30,34,n_personen,129946.16649233195,Anzahl,count,nur_arbeitnehmende,34,1987,Millennials,4,pop_weighted
2021,ahv_einnahmen,30-34,30,34,sum_einkommen,8392014506.935531,CHF,chf,nur_arbeitnehmende,30,1991,Millennials,4,pop_weighted
2021,ahv_einnahmen,30-34,30,34,sum_einkommen,8582576076.763535,CHF,chf,nur_arbeitnehmende,31,1990,Millennials,4,pop_weighted
2021,ahv_einnahmen,30-34,30,34,sum_einkommen,8568240884.530542,CHF,chf,nur_arbeitnehmende,32,1989,Millennials,4,pop_weighted
2021,ahv_einnahmen,30-34,30,34,sum_einkommen,8728891524.41086,CHF,chf,nur_arbeitnehmende,33,1988,Millennials,4,pop_weighted
2021,ahv_einnahmen,30-34,30,34,sum_einkommen,8555352995.359533,CHF,chf,nur_arbeitnehmende,34,1987,Millennials,4,pop_weighted
2021,ahv_einnahmen,30-34,30,34,sum_beitrag_ahv,730105262.1033912,CHF,chf,nur_arbeitnehmende,30,1991,Millennials,4,pop_weighted
2021,ahv_einnahmen,30-34,30,34,sum_beitrag_ahv,746684118.6784275,CHF,chf,nur_arbeitnehmende,31,1990,Millennials,4,pop_weighted
2021,ahv_einnahmen,30-34,30,34,sum_beitrag_ahv,745436956.9541571,CHF,chf,nur_arbeitnehmende,32,1989,Millennials,4,pop_weighted
2021,ahv_einnahmen,30-34,30,34,sum_beitrag_ahv,759413562.6237447,CHF,chf,nur_arbeitnehmende,33,1988,Millennials,4,pop_weighted
2021,ahv_einnahmen,30-34,30,34,sum_beitrag_ahv,744315710.5962794,CHF,chf,nur_arbeitnehmende,34,1987,Millennials,4,pop_weighted
2021,ahv_einnahmen,35-39,35,39,n_personen,127160.23837947026,Anzahl,count,nur_arbeitnehmende,35,1986,Millennials,4,pop_weighted
2021,ahv_einnahmen,35-39,35,39,n_personen,126972.04071939734,Anzahl,count,nur_arbeitnehmende,36,1985,Millennials,4,pop_weighted
2021,ahv_einnahmen,35-39,35,39,n_personen,127014.65151035723,Anzahl,count,nur_arbeitnehmende,37,1984,Millennials,4,pop_weighted
2021,ahv_einnahmen,35-39,35,39,n_personen,125815.46210762834,Anzahl,count,nur_arbeitnehmende,38,1983,Millennials,4,pop_weighted
2021,ahv_einnahmen,35-39,35,39,n_personen,127883.60728314683,Anzahl,count,nur_arbeitnehmende,39,1982,Millennials,4,pop_weighted
2021,ahv_einnahmen,35-39,35,39,sum_einkommen,9429003356.326448,CHF,chf,nur_arbeitnehmende,35,1986,Millennials,4,pop_weighted
2021,ahv_einnahmen,35-39,35,39,sum_einkommen,9415048393.74463,CHF,chf,nur_arbeitnehmende,36,1985,Millennials,4,pop_weighted
2021,ahv_einnahmen,35-39,35,39,sum_einkommen,9418208007.914099,CHF,chf,nur_arbeitnehmende,37,1984,Millennials,4,pop_weighted
2021,ahv_einnahmen,35-39,35,39,sum_einkommen,9329287437.716211,CHF,chf,nur_arbeitnehmende,38,1983,Millennials,4,pop_weighted
2021,ahv_einnahmen,35-39,35,39,sum_einkommen,9482641568.29861,CHF,chf,nur_arbeitnehmende,39,1982,Millennials,4,pop_weighted
2021,ahv_einnahmen,35-39,35,39,sum_beitrag_ahv,820323292.000401,CHF,chf,nur_arbeitnehmende,35,1986,Millennials,4,pop_weighted
2021,ahv_einnahmen,35-39,35,39,sum_beitrag_ahv,819109210.255783,CHF,chf,nur_arbeitnehmende,36,1985,Millennials,4,pop_weighted
2021,ahv_einnahmen,35-39,35,39,sum_beitrag_ahv,819384096.6885266,CHF,chf,nur_arbeitnehmende,37,1984,Millennials,4,pop_weighted
2021,ahv_einnahmen,35-39,35,39,sum_beitrag_ahv,811648007.0813103,CHF,chf,nur_arbeitnehmende,38,1983,Millennials,4,pop_weighted
2021,ahv_einnahmen,35-39,35,39,sum_beitrag_ahv,824989816.441979,CHF,chf,nur_arbeitnehmende,39,1982,Millennials,4,pop_weighted
2021,ahv_einnahmen,40-44,40,44,n_personen,124436.76470999134,Anzahl,count,nur_arbeitnehmende,40,1981,Millennials,4,pop_weighted
2021,ahv_einnahmen,40-44,40,44,n_personen,124241.40561765157,Anzahl,count,nur_arbeitnehmende,41,1980,Generation X,3,pop_weighted
2021,ahv_einnahmen,40-44,40,44,n_personen,120586.89484181609,Anzahl,count,nur_arbeitnehmende,42,1979,Generation X,3,pop_weighted
2021,ahv_einnahmen,40-44,40,44,n_personen,118875.0109586857,Anzahl,count,nur_arbeitnehmende,43,1978,Generation X,3,pop_weighted
2021,ahv_einnahmen,40-44,40,44,n_personen,118291.92387185528,Anzahl,count,nur_arbeitnehmende,44,1977,Generation X,3,pop_weighted
2021,ahv_einnahmen,40-44,40,44,sum_einkommen,10145786473.65758,CHF,chf,nur_arbeitnehmende,40,1981,Millennials,4,pop_weighted
2021,ahv_einnahmen,40-44,40,44,sum_einkommen,10129858129.319906,CHF,chf,nur_arbeitnehmende,41,1980,Generation X,3,pop_weighted
2021,ahv_einnahmen,40-44,40,44,sum_einkommen,9831892443.023575,CHF,chf,nur_arbeitnehmende,42,1979,Generation X,3,pop_weighted
2021,ahv_einnahmen,40-44,40,44,sum_einkommen,9692316262.41156,CHF,chf,nur_arbeitnehmende,43,1978,Generation X,3,pop_weighted
2021,ahv_einnahmen,40-44,40,44,sum_einkommen,9644775030.58738,CHF,chf,nur_arbeitnehmende,44,1977,Generation X,3,pop_weighted
2021,ahv_einnahmen,40-44,40,44,sum_beitrag_ahv,882683423.2082094,CHF,chf,nur_arbeitnehmende,40,1981,Millennials,4,pop_weighted
2021,ahv_einnahmen,40-44,40,44,sum_beitrag_ahv,881297657.2508317,CHF,chf,nur_arbeitnehmende,41,1980,Generation X,3,pop_weighted
2021,ahv_einnahmen,40-44,40,44,sum_beitrag_ahv,855374642.543051,CHF,chf,nur_arbeitnehmende,42,1979,Generation X,3,pop_weighted
2021,ahv_einnahmen,40-44,40,44,sum_beitrag_ahv,843231514.8298057,CHF,chf,nur_arbeitnehmende,43,1978,Generation X,3,pop_weighted
2021,ahv_einnahmen,40-44,40,44,sum_beitrag_ahv,839095427.661102,CHF,chf,nur_arbeitnehmende,44,1977,Generation X,3,pop_weighted
2021,ahv_einnahmen,45-49,45,49,n_personen,115205.64988226588,Anzahl,count,nur_arbeitnehmende,45,1976,Generation X,3,pop_weighted
2021,ahv_einnahmen,45-49,45,49,n_personen,114456.96945976857,Anzahl,count,nur_arbeitnehmende,46,1975,Generation X,3,pop_weighted
2021,ahv_einnahmen,45-49,45,49,n_personen,116517.80051803013,Anzahl,count,nur_arbeitnehmende,47,1974,Generation X,3,pop_weighted
2021,ahv_einnahmen,45-49,45,49,n_personen,116722.60969120021,Anzahl,count,nur_arbeitnehmende,48,1973,Generation X,3,pop_weighted
2021,ahv_einnahmen,45-49,45,49,n_personen,119734.9704487352,Anzahl,count,nur_arbeitnehmende,49,1972,Generation X,3,pop_weighted
2021,ahv_einnahmen,45-49,45,49,sum_einkommen,10119722475.744528,CHF,chf,nur_arbeitnehmende,45,1976,Generation X,3,pop_weighted
2021,ahv_einnahmen,45-49,45,49,sum_einkommen,10053958009.275753,CHF,chf,nur_arbeitnehmende,46,1975,Generation X,3,pop_weighted
2021,ahv_einnahmen,45-49,45,49,sum_einkommen,10234982450.354073,CHF,chf,nur_arbeitnehmende,47,1974,Generation X,3,pop_weighted
2021,ahv_einnahmen,45-49,45,49,sum_einkommen,10252972991.573935,CHF,chf,nur_arbeitnehmende,48,1973,Generation X,3,pop_weighted
2021,ahv_einnahmen,45-49,45,49,sum_einkommen,10517580282.05171,CHF,chf,nur_arbeitnehmende,49,1972,Generation X,3,pop_weighted
2021,ahv_einnahmen,45-49,45,49,sum_beitrag_ahv,880415855.3897738,CHF,chf,nur_arbeitnehmende,45,1976,Generation X,3,pop_weighted
2021,ahv_einnahmen,45-49,45,49,sum_beitrag_ahv,874694346.8069904,CHF,chf,nur_arbeitnehmende,46,1975,Generation X,3,pop_weighted
2021,ahv_einnahmen,45-49,45,49,sum_beitrag_ahv,890443473.1808043,CHF,chf,nur_arbeitnehmende,47,1974,Generation X,3,pop_weighted
2021,ahv_einnahmen,45-49,45,49,sum_beitrag_ahv,892008650.2669322,CHF,chf,nur_arbeitnehmende,48,1973,Generation X,3,pop_weighted
2021,ahv_einnahmen,45-49,45,49,sum_beitrag_ahv,915029484.5384988,CHF,chf,nur_arbeitnehmende,49,1972,Generation X,3,pop_weighted
2021,ahv_einnahmen,50-54,50,54,n_personen,118022.61074042904,Anzahl,count,nur_arbeitnehmende,50,1971,Generation X,3,pop_weighted
2021,ahv_einnahmen,50-54,50,54,n_personen,119082.56729855691,Anzahl,count,nur_arbeitnehmende,51,1970,Generation X,3,pop_weighted
2021,ahv_einnahmen,50-54,50,54,n_personen,121863.95352654265,Anzahl,count,nur_arbeitnehmende,52,1969,Generation X,3,pop_weighted
2021,ahv_einnahmen,50-54,50,54,n_personen,123762.27785501398,Anzahl,count,nur_arbeitnehmende,53,1968,Generation X,3,pop_weighted
2021,ahv_einnahmen,50-54,50,54,n_personen,124362.59057945745,Anzahl,count,nur_arbeitnehmende,54,1967,Generation X,3,pop_weighted
2021,ahv_einnahmen,50-54,50,54,sum_einkommen,10651492957.819304,CHF,chf,nur_arbeitnehmende,50,1971,Generation X,3,pop_weighted
2021,ahv_einnahmen,50-54,50,54,sum_einkommen,10747153609.144194,CHF,chf,nur_arbeitnehmende,51,1970,Generation X,3,pop_weighted
2021,ahv_einnahmen,50-54,50,54,sum_einkommen,10998172593.002491,CHF,chf,nur_arbeitnehmende,52,1969,Generation X,3,pop_weighted
2021,ahv_einnahmen,50-54,50,54,sum_einkommen,11169495597.039742,CHF,chf,nur_arbeitnehmende,53,1968,Generation X,3,pop_weighted
2021,ahv_einnahmen,50-54,50,54,sum_einkommen,11223673577.994272,CHF,chf,nur_arbeitnehmende,54,1967,Generation X,3,pop_weighted
2021,ahv_einnahmen,50-54,50,54,sum_beitrag_ahv,926679887.3302796,CHF,chf,nur_arbeitnehmende,50,1971,Generation X,3,pop_weighted
2021,ahv_einnahmen,50-54,50,54,sum_beitrag_ahv,935002363.9955449,CHF,chf,nur_arbeitnehmende,51,1970,Generation X,3,pop_weighted
2021,ahv_einnahmen,50-54,50,54,sum_beitrag_ahv,956841015.5912167,CHF,chf,nur_arbeitnehmende,52,1969,Generation X,3,pop_weighted
2021,ahv_einnahmen,50-54,50,54,sum_beitrag_ahv,971746116.9424576,CHF,chf,nur_arbeitnehmende,53,1968,Generation X,3,pop_weighted
2021,ahv_einnahmen,50-54,50,54,sum_beitrag_ahv,976459601.2855017,CHF,chf,nur_arbeitnehmende,54,1967,Generation X,3,pop_weighted
2021,ahv_einnahmen,55-59,55,59,n_personen,118707.2395982325,Anzahl,count,nur_arbeitnehmende,55,1966,Generation X,3,pop_weighted
2021,ahv_einnahmen,55-59,55,59,n_personen,118460.57405401129,Anzahl,count,nur_arbeitnehmende,56,1965,Generation X,3,pop_weighted
2021,ahv_einnahmen,55-59,55,59,n_personen,119567.69050024649,Anzahl,count,nur_arbeitnehmende,57,1964,Babyboomers,2,pop_weighted
2021,ahv_einnahmen,55-59,55,59,n_personen,115198.56615682384,Anzahl,count,nur_arbeitnehmende,58,1963,Babyboomers,2,pop_weighted
2021,ahv_einnahmen,55-59,55,59,n_personen,110139.92969068588,Anzahl,count,nur_arbeitnehmende,59,1962,Babyboomers,2,pop_weighted
2021,ahv_einnahmen,55-59,55,59,sum_einkommen,10486478905.963993,CHF,chf,nur_arbeitnehmende,55,1966,Generation X,3,pop_weighted
2021,ahv_einnahmen,55-59,55,59,sum_einkommen,10464688718.313616,CHF,chf,nur_arbeitnehmende,56,1965,Generation X,3,pop_weighted
2021,ahv_einnahmen,55-59,55,59,sum_einkommen,10562490278.683353,CHF,chf,nur_arbeitnehmende,57,1964,Babyboomers,2,pop_weighted
2021,ahv_einnahmen,55-59,55,59,sum_einkommen,10176526200.840221,CHF,chf,nur_arbeitnehmende,58,1963,Babyboomers,2,pop_weighted
2021,ahv_einnahmen,55-59,55,59,sum_einkommen,9729651311.198816,CHF,chf,nur_arbeitnehmende,59,1962,Babyboomers,2,pop_weighted
2021,ahv_einnahmen,55-59,55,59,sum_beitrag_ahv,912323664.8188673,CHF,chf,nur_arbeitnehmende,55,1966,Generation X,3,pop_weighted
2021,ahv_einnahmen,55-59,55,59,sum_beitrag_ahv,910427918.4932845,CHF,chf,nur_arbeitnehmende,56,1965,Generation X,3,pop_weighted
2021,ahv_einnahmen,55-59,55,59,sum_beitrag_ahv,918936654.2454516,CHF,chf,nur_arbeitnehmende,57,1964,Babyboomers,2,pop_weighted
2021,ahv_einnahmen,55-59,55,59,sum_beitrag_ahv,885357779.4730991,CHF,chf,nur_arbeitnehmende,58,1963,Babyboomers,2,pop_weighted
2021,ahv_einnahmen,55-59,55,59,sum_beitrag_ahv,846479664.074297,CHF,chf,nur_arbeitnehmende,59,1962,Babyboomers,2,pop_weighted
2021,ahv_einnahmen,60-64,60,64,n_personen,85890.73878885554,Anzahl,count,nur_arbeitnehmende,60,1961,Babyboomers,2,pop_weighted
2021,ahv_einnahmen,60-64,60,64,n_personen,82713.1309905257,Anzahl,count,nur_arbeitnehmende,61,1960,Babyboomers,2,pop_weighted
2021,ahv_einnahmen,60-64,60,64,n_personen,79557.18869991174,Anzahl,count,nur_arbeitnehmende,62,1959,Babyboomers,2,pop_weighted
2021,ahv_einnahmen,60-64,60,64,n_personen,75812.30569122097,Anzahl,count,nur_arbeitnehmende,63,1958,Babyboomers,2,pop_weighted
2021,ahv_einnahmen,60-64,60,64,n_personen,73275.63582948607,Anzahl,count,nur_arbeitnehmende,64,1957,Babyboomers,2,pop_weighted
2021,ahv_einnahmen,60-64,60,64,sum_einkommen,6654632697.18081,CHF,chf,nur_arbeitnehmende,60,1961,Babyboomers,2,pop_weighted
2021,ahv_einnahmen,60-64,60,64,sum_einkommen,6408438368.761246,CHF,chf,nur_arbeitnehmende,61,1960,Babyboomers,2,pop_weighted
2021,ahv_einnahmen,60-64,60,64,sum_einkommen,6163922638.035452,CHF,chf,nur_arbeitnehmende,62,1959,Babyboomers,2,pop_weighted
2021,ahv_einnahmen,60-64,60,64,sum_einkommen,5873777026.66735,CHF,chf,nur_arbeitnehmende,63,1958,Babyboomers,2,pop_weighted
2021,ahv_einnahmen,60-64,60,64,sum_einkommen,5677241213.355142,CHF,chf,nur_arbeitnehmende,64,1957,Babyboomers,2,pop_weighted
2021,ahv_einnahmen,60-64,60,64,sum_beitrag_ahv,578953044.6547304,CHF,chf,nur_arbeitnehmende,60,1961,Babyboomers,2,pop_weighted
2021,ahv_einnahmen,60-64,60,64,sum_beitrag_ahv,557534138.0822284,CHF,chf,nur_arbeitnehmende,61,1960,Babyboomers,2,pop_weighted
2021,ahv_einnahmen,60-64,60,64,sum_beitrag_ahv,536261269.5090843,CHF,chf,nur_arbeitnehmende,62,1959,Babyboomers,2,pop_weighted
2021,ahv_einnahmen,60-64,60,64,sum_beitrag_ahv,511018601.3200594,CHF,chf,nur_arbeitnehmende,63,1958,Babyboomers,2,pop_weighted
2021,ahv_einnahmen,60-64,60,64,sum_beitrag_ahv,493919985.56189734,CHF,chf,nur_arbeitnehmende,64,1957,Babyboomers,2,pop_weighted
2021,ahv_einnahmen,65-69,65,69,n_personen,16190.288929949787,Anzahl,count,nur_arbeitnehmende,65,1956,Babyboomers,2,pop_weighted
2021,ahv_einnahmen,65-69,65,69,n_personen,15351.558211628164,Anzahl,count,nur_arbeitnehmende,66,1955,Babyboomers,2,pop_weighted
2021,ahv_einnahmen,65-69,65,69,n_personen,14781.371022256519,Anzahl,count,nur_arbeitnehmende,67,1954,Babyboomers,2,pop_weighted
2021,ahv_einnahmen,65-69,65,69,n_personen,14217.837125643002,Anzahl,count,nur_arbeitnehmende,68,1953,Babyboomers,2,pop_weighted
2021,ahv_einnahmen,65-69,65,69,n_personen,14039.94471052253,Anzahl,count,nur_arbeitnehmende,69,1952,Babyboomers,2,pop_weighted
2021,ahv_einnahmen,65-69,65,69,sum_einkommen,831948790.6979508,CHF,chf,nur_arbeitnehmende,65,1956,Babyboomers,2,pop_weighted
2021,ahv_einnahmen,65-69,65,69,sum_einkommen,788850053.5569415,CHF,chf,nur_arbeitnehmende,66,1955,Babyboomers,2,pop_weighted
2021,ahv_einnahmen,65-69,65,69,sum_einkommen,759550604.6884478,CHF,chf,nur_arbeitnehmende,67,1954,Babyboomers,2,pop_weighted
2021,ahv_einnahmen,65-69,65,69,sum_einkommen,730593039.7040671,CHF,chf,nur_arbeitnehmende,68,1953,Babyboomers,2,pop_weighted
2021,ahv_einnahmen,65-69,65,69,sum_einkommen,721451919.3525927,CHF,chf,nur_arbeitnehmende,69,1952,Babyboomers,2,pop_weighted
2021,ahv_einnahmen,65-69,65,69,sum_beitrag_ahv,72379544.79072171,CHF,chf,nur_arbeitnehmende,65,1956,Babyboomers,2,pop_weighted
2021,ahv_einnahmen,65-69,65,69,sum_beitrag_ahv,68629954.65945391,CHF,chf,nur_arbeitnehmende,66,1955,Babyboomers,2,pop_weighted
2021,ahv_einnahmen,65-69,65,69,sum_beitrag_ahv,66080902.60789496,CHF,chf,nur_arbeitnehmende,67,1954,Babyboomers,2,pop_weighted
2021,ahv_einnahmen,65-69,65,69,sum_beitrag_ahv,63561594.45425384,CHF,chf,nur_arbeitnehmende,68,1953,Babyboomers,2,pop_weighted
2021,ahv_einnahmen,65-69,65,69,sum_beitrag_ahv,62766316.98367557,CHF,chf,nur_arbeitnehmende,69,1952,Babyboomers,2,pop_weighted
2021,ahv_einnahmen,70-74,70,74,n_personen,3511.9118437649518,Anzahl,count,nur_arbeitnehmende,70,1951,Babyboomers,2,pop_weighted
2021,ahv_einnahmen,70-74,70,74,n_personen,3578.1304709296182,Anzahl,count,nur_arbeitnehmende,71,1950,Babyboomers,2,pop_weighted
2021,ahv_einnahmen,70-74,70,74,n_personen,3489.904143857534,Anzahl,count,nur_arbeitnehmende,72,1949,Babyboomers,2,pop_weighted
2021,ahv_einnahmen,70-74,70,74,n_personen,3491.8159677389285,Anzahl,count,nur_arbeitnehmende,73,1948,Babyboomers,2,pop_weighted
2021,ahv_einnahmen,70-74,70,74,n_personen,3410.237573708967,Anzahl,count,nur_arbeitnehmende,74,1947,Babyboomers,2,pop_weighted
2021,ahv_einnahmen,70-74,70,74,sum_einkommen,165769239.9482406,CHF,chf,nur_arbeitnehmende,70,1951,Babyboomers,2,pop_weighted
2021,ahv_einnahmen,70-74,70,74,sum_einkommen,168894891.155856,CHF,chf,nur_arbeitnehmende,71,1950,Babyboomers,2,pop_weighted
2021,ahv_einnahmen,70-74,70,74,sum_einkommen,164730432.64072275,CHF,chf,nur_arbeitnehmende,72,1949,Babyboomers,2,pop_weighted
2021,ahv_einnahmen,70-74,70,74,sum_einkommen,164820674.53910536,CHF,chf,nur_arbeitnehmende,73,1948,Babyboomers,2,pop_weighted
2021,ahv_einnahmen,70-74,70,74,sum_einkommen,160970011.71607524,CHF,chf,nur_arbeitnehmende,74,1947,Babyboomers,2,pop_weighted
2021,ahv_einnahmen,70-74,70,74,sum_beitrag_ahv,14421923.875496933,CHF,chf,nur_arbeitnehmende,70,1951,Babyboomers,2,pop_weighted
2021,ahv_einnahmen,70-74,70,74,sum_beitrag_ahv,14693855.530559473,CHF,chf,nur_arbeitnehmende,71,1950,Babyboomers,2,pop_weighted
2021,ahv_einnahmen,70-74,70,74,sum_beitrag_ahv,14331547.639742881,CHF,chf,nur_arbeitnehmende,72,1949,Babyboomers,2,pop_weighted
2021,ahv_einnahmen,70-74,70,74,sum_beitrag_ahv,14339398.684902165,CHF,chf,nur_arbeitnehmende,73,1948,Babyboomers,2,pop_weighted
2021,ahv_einnahmen,70-74,70,74,sum_beitrag_ahv,14004391.019298546,CHF,chf,nur_arbeitnehmende,74,1947,Babyboomers,2,pop_weighted
2021,ahv_einnahmen,75+,75,100,n_personen,874.7094063629362,Anzahl,count,nur_arbeitnehmende,75,1946,Babyboomers,2,pop_weighted
2021,ahv_einnahmen,75+,75,100,n_personen,826.477983292849,Anzahl,count,nur_arbeitnehmende,76,1945,Silent Generation,1,pop_weighted
2021,ahv_einnahmen,75+,75,100,n_personen,799.1357011671308,Anzahl,count,nur_arbeitnehmende,77,1944,Silent Generation,1,pop_weighted
2021,ahv_einnahmen,75+,75,100,n_personen,757.2837662183779,Anzahl,count,nur_arbeitnehmende,78,1943,Silent Generation,1,pop_weighted
2021,ahv_einnahmen,75+,75,100,n_personen,706.5538047277682,Anzahl,count,nur_arbeitnehmende,79,1942,Silent Generation,1,pop_weighted
2021,ahv_einnahmen,75+,75,100,n_personen,645.4387617749867,Anzahl,count,nur_arbeitnehmende,80,1941,Silent Generation,1,pop_weighted
2021,ahv_einnahmen,75+,75,100,n_personen,573.4910533799396,Anzahl,count,nur_arbeitnehmende,81,1940,Silent Generation,1,pop_weighted
2021,ahv_einnahmen,75+,75,100,n_personen,541.451972273239,Anzahl,count,nur_arbeitnehmende,82,1939,Silent Generation,1,pop_weighted
2021,ahv_einnahmen,75+,75,100,n_personen,502.999409325197,Anzahl,count,nur_arbeitnehmende,83,1938,Silent Generation,1,pop_weighted
2021,ahv_einnahmen,75+,75,100,n_personen,460.66023105634224,Anzahl,count,nur_arbeitnehmende,84,1937,Silent Generation,1,pop_weighted
2021,ahv_einnahmen,75+,75,100,n_personen,431.0517009301499,Anzahl,count,nur_arbeitnehmende,85,1936,Silent Generation,1,pop_weighted
2021,ahv_einnahmen,75+,75,100,n_personen,397.86816458320993,Anzahl,count,nur_arbeitnehmende,86,1935,Silent Generation,1,pop_weighted
2021,ahv_einnahmen,75+,75,100,n_personen,358.57708987499257,Anzahl,count,nur_arbeitnehmende,87,1934,Silent Generation,1,pop_weighted
2021,ahv_einnahmen,75+,75,100,n_personen,314.30593518573374,Anzahl,count,nur_arbeitnehmende,88,1933,Silent Generation,1,pop_weighted
2021,ahv_einnahmen,75+,75,100,n_personen,278.9014757983293,Anzahl,count,nur_arbeitnehmende,89,1932,Silent Generation,1,pop_weighted
2021,ahv_einnahmen,75+,75,100,n_personen,238.0353587297826,Anzahl,count,nur_arbeitnehmende,90,1931,Silent Generation,1,pop_weighted
2021,ahv_einnahmen,75+,75,100,n_personen,204.56287576278214,Anzahl,count,nur_arbeitnehmende,91,1930,Silent Generation,1,pop_weighted
2021,ahv_einnahmen,75+,75,100,n_personen,164.22366135434564,Anzahl,count,nur_arbeitnehmende,92,1929,Silent Generation,1,pop_weighted
2021,ahv_einnahmen,75+,75,100,n_personen,131.29507790745896,Anzahl,count,nur_arbeitnehmende,93,1928,Silent Generation,1,pop_weighted
2021,ahv_einnahmen,75+,75,100,n_personen,101.47691984122282,Anzahl,count,nur_arbeitnehmende,94,1927,Silent Generation,1,pop_weighted
2021,ahv_einnahmen,75+,75,100,n_personen,78.30453403637657,Anzahl,count,nur_arbeitnehmende,95,1926,Silent Generation,1,pop_weighted
2021,ahv_einnahmen,75+,75,100,n_personen,57.7609959120801,Anzahl,count,nur_arbeitnehmende,96,1925,Silent Generation,1,pop_weighted
2021,ahv_einnahmen,75+,75,100,n_personen,42.42416256887256,Anzahl,count,nur_arbeitnehmende,97,1924,Silent Generation,1,pop_weighted
2021,ahv_einnahmen,75+,75,100,n_personen,28.968315066058413,Anzahl,count,nur_arbeitnehmende,98,1923,Silent Generation,1,pop_weighted
2021,ahv_einnahmen,75+,75,100,n_personen,47.041642869838256,Anzahl,count,nur_arbeitnehmende,99,1922,Silent Generation,1,pop_weighted
2021,ahv_einnahmen,75+,75,100,n_personen,0.0,Anzahl,count,nur_arbeitnehmende,100,1921,Silent Generation,1,pop_weighted
2021,ahv_einnahmen,75+,75,100,sum_einkommen,42876418.2375982,CHF,chf,nur_arbeitnehmende,75,1946,Babyboomers,2,pop_weighted
2021,ahv_einnahmen,75+,75,100,sum_einkommen,40512215.16317791,CHF,chf,nur_arbeitnehmende,76,1945,Silent Generation,1,pop_weighted
2021,ahv_einnahmen,75+,75,100,sum_einkommen,39171953.91130991,CHF,chf,nur_arbeitnehmende,77,1944,Silent Generation,1,pop_weighted
2021,ahv_einnahmen,75+,75,100,sum_einkommen,37120459.947872505,CHF,chf,nur_arbeitnehmende,78,1943,Silent Generation,1,pop_weighted
2021,ahv_einnahmen,75+,75,100,sum_einkommen,34633783.766930506,CHF,chf,nur_arbeitnehmende,79,1942,Silent Generation,1,pop_weighted
2021,ahv_einnahmen,75+,75,100,sum_einkommen,31638052.701058123,CHF,chf,nur_arbeitnehmende,80,1941,Silent Generation,1,pop_weighted
2021,ahv_einnahmen,75+,75,100,sum_einkommen,28111327.123463474,CHF,chf,nur_arbeitnehmende,81,1940,Silent Generation,1,pop_weighted
2021,ahv_einnahmen,75+,75,100,sum_einkommen,26540838.64867824,CHF,chf,nur_arbeitnehmende,82,1939,Silent Generation,1,pop_weighted
2021,ahv_einnahmen,75+,75,100,sum_einkommen,24655974.762141123,CHF,chf,nur_arbeitnehmende,83,1938,Silent Generation,1,pop_weighted
2021,ahv_einnahmen,75+,75,100,sum_einkommen,22580597.15434801,CHF,chf,nur_arbeitnehmende,84,1937,Silent Generation,1,pop_weighted
2021,ahv_einnahmen,75+,75,100,sum_einkommen,21129249.184546478,CHF,chf,nur_arbeitnehmende,85,1936,Silent Generation,1,pop_weighted
2021,ahv_einnahmen,75+,75,100,sum_einkommen,19502661.917204812,CHF,chf,nur_arbeitnehmende,86,1935,Silent Generation,1,pop_weighted
2021,ahv_einnahmen,75+,75,100,sum_einkommen,17576695.945032287,CHF,chf,nur_arbeitnehmende,87,1934,Silent Generation,1,pop_weighted
2021,ahv_einnahmen,75+,75,100,sum_einkommen,15406616.910200842,CHF,chf,nur_arbeitnehmende,88,1933,Silent Generation,1,pop_weighted
2021,ahv_einnahmen,75+,75,100,sum_einkommen,13671164.659284318,CHF,chf,nur_arbeitnehmende,89,1932,Silent Generation,1,pop_weighted
2021,ahv_einnahmen,75+,75,100,sum_einkommen,11667993.418147996,CHF,chf,nur_arbeitnehmende,90,1931,Silent Generation,1,pop_weighted
2021,ahv_einnahmen,75+,75,100,sum_einkommen,10027242.594269803,CHF,chf,nur_arbeitnehmende,91,1930,Silent Generation,1,pop_weighted
2021,ahv_einnahmen,75+,75,100,sum_einkommen,8049899.015053025,CHF,chf,nur_arbeitnehmende,92,1929,Silent Generation,1,pop_weighted
2021,ahv_einnahmen,75+,75,100,sum_einkommen,6435809.003478879,CHF,chf,nur_arbeitnehmende,93,1928,Silent Generation,1,pop_weighted
2021,ahv_einnahmen,75+,75,100,sum_einkommen,4974185.5122684995,CHF,chf,nur_arbeitnehmende,94,1927,Silent Generation,1,pop_weighted
2021,ahv_einnahmen,75+,75,100,sum_einkommen,3838323.821398187,CHF,chf,nur_arbeitnehmende,95,1926,Silent Generation,1,pop_weighted
2021,ahv_einnahmen,75+,75,100,sum_einkommen,2831322.723330766,CHF,chf,nur_arbeitnehmende,96,1925,Silent Generation,1,pop_weighted
2021,ahv_einnahmen,75+,75,100,sum_einkommen,2079543.3597156228,CHF,chf,nur_arbeitnehmende,97,1924,Silent Generation,1,pop_weighted
2021,ahv_einnahmen,75+,75,100,sum_einkommen,1419965.971985307,CHF,chf,nur_arbeitnehmende,98,1923,Silent Generation,1,pop_weighted
2021,ahv_einnahmen,75+,75,100,sum_einkommen,2305882.547505184,CHF,chf,nur_arbeitnehmende,99,1922,Silent Generation,1,pop_weighted
2021,ahv_einnahmen,75+,75,100,sum_einkommen,0.0,CHF,chf,nur_arbeitnehmende,100,1921,Silent Generation,1,pop_weighted
2021,ahv_einnahmen,75+,75,100,sum_beitrag_ahv,3730248.3866710435,CHF,chf,nur_arbeitnehmende,75,1946,Babyboomers,2,pop_weighted
2021,ahv_einnahmen,75+,75,100,sum_beitrag_ahv,3524562.7191964784,CHF,chf,nur_arbeitnehmende,76,1945,Silent Generation,1,pop_weighted
2021,ahv_einnahmen,75+,75,100,sum_beitrag_ahv,3407959.9902839623,CHF,chf,nur_arbeitnehmende,77,1944,Silent Generation,1,pop_weighted
2021,ahv_einnahmen,75+,75,100,sum_beitrag_ahv,3229480.0154649084,CHF,chf,nur_arbeitnehmende,78,1943,Silent Generation,1,pop_weighted
2021,ahv_einnahmen,75+,75,100,sum_beitrag_ahv,3013139.187722954,CHF,chf,nur_arbeitnehmende,79,1942,Silent Generation,1,pop_weighted
2021,ahv_einnahmen,75+,75,100,sum_beitrag_ahv,2752510.5849920567,CHF,chf,nur_arbeitnehmende,80,1941,Silent Generation,1,pop_weighted
2021,ahv_einnahmen,75+,75,100,sum_beitrag_ahv,2445685.4597413223,CHF,chf,nur_arbeitnehmende,81,1940,Silent Generation,1,pop_weighted
2021,ahv_einnahmen,75+,75,100,sum_beitrag_ahv,2309052.962435007,CHF,chf,nur_arbeitnehmende,82,1939,Silent Generation,1,pop_weighted
2021,ahv_einnahmen,75+,75,100,sum_beitrag_ahv,2145069.8043062775,CHF,chf,nur_arbeitnehmende,83,1938,Silent Generation,1,pop_weighted
2021,ahv_einnahmen,75+,75,100,sum_beitrag_ahv,1964511.9524282767,CHF,chf,nur_arbeitnehmende,84,1937,Silent Generation,1,pop_weighted
2021,ahv_einnahmen,75+,75,100,sum_beitrag_ahv,1838244.6790555436,CHF,chf,nur_arbeitnehmende,85,1936,Silent Generation,1,pop_weighted
2021,ahv_einnahmen,75+,75,100,sum_beitrag_ahv,1696731.5867968188,CHF,chf,nur_arbeitnehmende,86,1935,Silent Generation,1,pop_weighted
2021,ahv_einnahmen,75+,75,100,sum_beitrag_ahv,1529172.5472178091,CHF,chf,nur_arbeitnehmende,87,1934,Silent Generation,1,pop_weighted
2021,ahv_einnahmen,75+,75,100,sum_beitrag_ahv,1340375.6711874732,CHF,chf,nur_arbeitnehmende,88,1933,Silent Generation,1,pop_weighted
2021,ahv_einnahmen,75+,75,100,sum_beitrag_ahv,1189391.3253577359,CHF,chf,nur_arbeitnehmende,89,1932,Silent Generation,1,pop_weighted
2021,ahv_einnahmen,75+,75,100,sum_beitrag_ahv,1015115.4273788757,CHF,chf,nur_arbeitnehmende,90,1931,Silent Generation,1,pop_weighted
2021,ahv_einnahmen,75+,75,100,sum_beitrag_ahv,872370.1057014728,CHF,chf,nur_arbeitnehmende,91,1930,Silent Generation,1,pop_weighted
2021,ahv_einnahmen,75+,75,100,sum_beitrag_ahv,700341.2143096132,CHF,chf,nur_arbeitnehmende,92,1929,Silent Generation,1,pop_weighted
2021,ahv_einnahmen,75+,75,100,sum_beitrag_ahv,559915.3833026625,CHF,chf,nur_arbeitnehmende,93,1928,Silent Generation,1,pop_weighted
2021,ahv_einnahmen,75+,75,100,sum_beitrag_ahv,432754.13956735947,CHF,chf,nur_arbeitnehmende,94,1927,Silent Generation,1,pop_weighted
2021,ahv_einnahmen,75+,75,100,sum_beitrag_ahv,333934.1724616423,CHF,chf,nur_arbeitnehmende,95,1926,Silent Generation,1,pop_weighted
2021,ahv_einnahmen,75+,75,100,sum_beitrag_ahv,246325.07692977664,CHF,chf,nur_arbeitnehmende,96,1925,Silent Generation,1,pop_weighted
2021,ahv_einnahmen,75+,75,100,sum_beitrag_ahv,180920.2722952592,CHF,chf,nur_arbeitnehmende,97,1924,Silent Generation,1,pop_weighted
2021,ahv_einnahmen,75+,75,100,sum_beitrag_ahv,123537.03956272172,CHF,chf,nur_arbeitnehmende,98,1923,Silent Generation,1,pop_weighted
2021,ahv_einnahmen,75+,75,100,sum_beitrag_ahv,200611.781632951,CHF,chf,nur_arbeitnehmende,99,1922,Silent Generation,1,pop_weighted
2021,ahv_einnahmen,75+,75,100,sum_beitrag_ahv,0.0,CHF,chf,nur_arbeitnehmende,100,1921,Silent Generation,1,pop_weighted
2022,ahv_einnahmen,<20,0,19,n_personen,3256.1799161916774,Anzahl,count,nur_arbeitnehmende,0,2022,Generation Alpha,6,pop_weighted
2022,ahv_einnahmen,<20,0,19,n_personen,7173.432146297899,Anzahl,count,nur_arbeitnehmende,1,2021,Generation Alpha,6,pop_weighted
2022,ahv_einnahmen,<20,0,19,n_personen,6946.979029747353,Anzahl,count,nur_arbeitnehmende,2,2020,Generation Alpha,6,pop_weighted
2022,ahv_einnahmen,<20,0,19,n_personen,7031.0430023978315,Anzahl,count,nur_arbeitnehmende,3,2019,Generation Alpha,6,pop_weighted
2022,ahv_einnahmen,<20,0,19,n_personen,7184.106297113604,Anzahl,count,nur_arbeitnehmende,4,2018,Generation Alpha,6,pop_weighted
2022,ahv_einnahmen,<20,0,19,n_personen,7184.146576928003,Anzahl,count,nur_arbeitnehmende,5,2017,Generation Alpha,6,pop_weighted
2022,ahv_einnahmen,<20,0,19,n_personen,7300.87747905598,Anzahl,count,nur_arbeitnehmende,6,2016,Generation Alpha,6,pop_weighted
2022,ahv_einnahmen,<20,0,19,n_personen,7252.179183447724,Anzahl,count,nur_arbeitnehmende,7,2015,Generation Alpha,6,pop_weighted
2022,ahv_einnahmen,<20,0,19,n_personen,7234.536624741011,Anzahl,count,nur_arbeitnehmende,8,2014,Generation Alpha,6,pop_weighted
2022,ahv_einnahmen,<20,0,19,n_personen,7086.105508681111,Anzahl,count,nur_arbeitnehmende,9,2013,Generation Alpha,6,pop_weighted
2022,ahv_einnahmen,<20,0,19,n_personen,7151.8421657800955,Anzahl,count,nur_arbeitnehmende,10,2012,Generation Z,5,pop_weighted
2022,ahv_einnahmen,<20,0,19,n_personen,7079.539898934092,Anzahl,count,nur_arbeitnehmende,11,2011,Generation Z,5,pop_weighted
2022,ahv_einnahmen,<20,0,19,n_personen,7178.990760684946,Anzahl,count,nur_arbeitnehmende,12,2010,Generation Z,5,pop_weighted
2022,ahv_einnahmen,<20,0,19,n_personen,7070.718619580735,Anzahl,count,nur_arbeitnehmende,13,2009,Generation Z,5,pop_weighted
2022,ahv_einnahmen,<20,0,19,n_personen,7033.661190333759,Anzahl,count,nur_arbeitnehmende,14,2008,Generation Z,5,pop_weighted
2022,ahv_einnahmen,<20,0,19,n_personen,6895.904225089564,Anzahl,count,nur_arbeitnehmende,15,2007,Generation Z,5,pop_weighted
2022,ahv_einnahmen,<20,0,19,n_personen,6837.297095139182,Anzahl,count,nur_arbeitnehmende,16,2006,Generation Z,5,pop_weighted
2022,ahv_einnahmen,<20,0,19,n_personen,6822.715802326784,Anzahl,count,nur_arbeitnehmende,17,2005,Generation Z,5,pop_weighted
2022,ahv_einnahmen,<20,0,19,n_personen,6874.435084014956,Anzahl,count,nur_arbeitnehmende,18,2004,Generation Z,5,pop_weighted
2022,ahv_einnahmen,<20,0,19,n_personen,6833.309393513692,Anzahl,count,nur_arbeitnehmende,19,2003,Generation Z,5,pop_weighted
2022,ahv_einnahmen,<20,0,19,sum_einkommen,44105572.977722235,CHF,chf,nur_arbeitnehmende,0,2022,Generation Alpha,6,pop_weighted
2022,ahv_einnahmen,<20,0,19,sum_einkommen,97165495.51086175,CHF,chf,nur_arbeitnehmende,1,2021,Generation Alpha,6,pop_weighted
2022,ahv_einnahmen,<20,0,19,sum_einkommen,94098145.20617276,CHF,chf,nur_arbeitnehmende,2,2020,Generation Alpha,6,pop_weighted
2022,ahv_einnahmen,<20,0,19,sum_einkommen,95236807.61917275,CHF,chf,nur_arbeitnehmende,3,2019,Generation Alpha,6,pop_weighted
2022,ahv_einnahmen,<20,0,19,sum_einkommen,97310078.90302514,CHF,chf,nur_arbeitnehmende,4,2018,Generation Alpha,6,pop_weighted
2022,ahv_einnahmen,<20,0,19,sum_einkommen,97310624.50073142,CHF,chf,nur_arbeitnehmende,5,2017,Generation Alpha,6,pop_weighted
2022,ahv_einnahmen,<20,0,19,sum_einkommen,98891766.65352203,CHF,chf,nur_arbeitnehmende,6,2016,Generation Alpha,6,pop_weighted
2022,ahv_einnahmen,<20,0,19,sum_einkommen,98232139.02663319,CHF,chf,nur_arbeitnehmende,7,2015,Generation Alpha,6,pop_weighted
2022,ahv_einnahmen,<20,0,19,sum_einkommen,97993167.23128389,CHF,chf,nur_arbeitnehmende,8,2014,Generation Alpha,6,pop_weighted
2022,ahv_einnahmen,<20,0,19,sum_einkommen,95982639.68365334,CHF,chf,nur_arbeitnehmende,9,2013,Generation Alpha,6,pop_weighted
2022,ahv_einnahmen,<20,0,19,sum_einkommen,96873055.14029732,CHF,chf,nur_arbeitnehmende,10,2012,Generation Z,5,pop_weighted
2022,ahv_einnahmen,<20,0,19,sum_einkommen,95893707.25753018,CHF,chf,nur_arbeitnehmende,11,2011,Generation Z,5,pop_weighted
2022,ahv_einnahmen,<20,0,19,sum_einkommen,97240787.99432798,CHF,chf,nur_arbeitnehmende,12,2010,Generation Z,5,pop_weighted
2022,ahv_einnahmen,<20,0,19,sum_einkommen,95774221.35985553,CHF,chf,nur_arbeitnehmende,13,2009,Generation Z,5,pop_weighted
2022,ahv_einnahmen,<20,0,19,sum_einkommen,95272271.47008075,CHF,chf,nur_arbeitnehmende,14,2008,Generation Z,5,pop_weighted
2022,ahv_einnahmen,<20,0,19,sum_einkommen,93406327.31461358,CHF,chf,nur_arbeitnehmende,15,2007,Generation Z,5,pop_weighted
2022,ahv_einnahmen,<20,0,19,sum_einkommen,92612482.65198062,CHF,chf,nur_arbeitnehmende,16,2006,Generation Z,5,pop_weighted
2022,ahv_einnahmen,<20,0,19,sum_einkommen,92414976.28230837,CHF,chf,nur_arbeitnehmende,17,2005,Generation Z,5,pop_weighted
2022,ahv_einnahmen,<20,0,19,sum_einkommen,93115523.73716797,CHF,chf,nur_arbeitnehmende,18,2004,Generation Z,5,pop_weighted
2022,ahv_einnahmen,<20,0,19,sum_einkommen,92558468.4790592,CHF,chf,nur_arbeitnehmende,19,2003,Generation Z,5,pop_weighted
2022,ahv_einnahmen,<20,0,19,sum_beitrag_ahv,3837184.8490618346,CHF,chf,nur_arbeitnehmende,0,2022,Generation Alpha,6,pop_weighted
2022,ahv_einnahmen,<20,0,19,sum_beitrag_ahv,8453398.109444972,CHF,chf,nur_arbeitnehmende,1,2021,Generation Alpha,6,pop_weighted
2022,ahv_einnahmen,<20,0,19,sum_beitrag_ahv,8186538.63293703,CHF,chf,nur_arbeitnehmende,2,2020,Generation Alpha,6,pop_weighted
2022,ahv_einnahmen,<20,0,19,sum_beitrag_ahv,8285602.262868029,CHF,chf,nur_arbeitnehmende,3,2019,Generation Alpha,6,pop_weighted
2022,ahv_einnahmen,<20,0,19,sum_beitrag_ahv,8465976.864563188,CHF,chf,nur_arbeitnehmende,4,2018,Generation Alpha,6,pop_weighted
2022,ahv_einnahmen,<20,0,19,sum_beitrag_ahv,8466024.331563633,CHF,chf,nur_arbeitnehmende,5,2017,Generation Alpha,6,pop_weighted
2022,ahv_einnahmen,<20,0,19,sum_beitrag_ahv,8603583.698856415,CHF,chf,nur_arbeitnehmende,6,2016,Generation Alpha,6,pop_weighted
2022,ahv_einnahmen,<20,0,19,sum_beitrag_ahv,8546196.095317086,CHF,chf,nur_arbeitnehmende,7,2015,Generation Alpha,6,pop_weighted
2022,ahv_einnahmen,<20,0,19,sum_beitrag_ahv,8525405.549121697,CHF,chf,nur_arbeitnehmende,8,2014,Generation Alpha,6,pop_weighted
2022,ahv_einnahmen,<20,0,19,sum_beitrag_ahv,8350489.65247784,CHF,chf,nur_arbeitnehmende,9,2013,Generation Alpha,6,pop_weighted
2022,ahv_einnahmen,<20,0,19,sum_beitrag_ahv,8427955.797205865,CHF,chf,nur_arbeitnehmende,10,2012,Generation Z,5,pop_weighted
2022,ahv_einnahmen,<20,0,19,sum_beitrag_ahv,8342752.531405126,CHF,chf,nur_arbeitnehmende,11,2011,Generation Z,5,pop_weighted
2022,ahv_einnahmen,<20,0,19,sum_beitrag_ahv,8459948.555506535,CHF,chf,nur_arbeitnehmende,12,2010,Generation Z,5,pop_weighted
2022,ahv_einnahmen,<20,0,19,sum_beitrag_ahv,8332357.258307431,CHF,chf,nur_arbeitnehmende,13,2009,Generation Z,5,pop_weighted
2022,ahv_einnahmen,<20,0,19,sum_beitrag_ahv,8288687.617897024,CHF,chf,nur_arbeitnehmende,14,2008,Generation Z,5,pop_weighted
2022,ahv_einnahmen,<20,0,19,sum_beitrag_ahv,8126350.476371381,CHF,chf,nur_arbeitnehmende,15,2007,Generation Z,5,pop_weighted
2022,ahv_einnahmen,<20,0,19,sum_beitrag_ahv,8057285.990722314,CHF,chf,nur_arbeitnehmende,16,2006,Generation Z,5,pop_weighted
2022,ahv_einnahmen,<20,0,19,sum_beitrag_ahv,8040102.936560827,CHF,chf,nur_arbeitnehmende,17,2005,Generation Z,5,pop_weighted
2022,ahv_einnahmen,<20,0,19,sum_beitrag_ahv,8101050.5651336135,CHF,chf,nur_arbeitnehmende,18,2004,Generation Z,5,pop_weighted
2022,ahv_einnahmen,<20,0,19,sum_beitrag_ahv,8052586.757678151,CHF,chf,nur_arbeitnehmende,19,2003,Generation Z,5,pop_weighted
2022,ahv_einnahmen,20-24,20,24,n_personen,87953.0645250192,Anzahl,count,nur_arbeitnehmende,20,2002,Generation Z,5,pop_weighted
2022,ahv_einnahmen,20-24,20,24,n_personen,88735.42543844006,Anzahl,count,nur_arbeitnehmende,21,2001,Generation Z,5,pop_weighted
2022,ahv_einnahmen,20-24,20,24,n_personen,95278.39331048592,Anzahl,count,nur_arbeitnehmende,22,2000,Generation Z,5,pop_weighted
2022,ahv_einnahmen,20-24,20,24,n_personen,96671.45148059646,Anzahl,count,nur_arbeitnehmende,23,1999,Generation Z,5,pop_weighted
2022,ahv_einnahmen,20-24,20,24,n_personen,99901.66524545835,Anzahl,count,nur_arbeitnehmende,24,1998,Generation Z,5,pop_weighted
2022,ahv_einnahmen,20-24,20,24,sum_einkommen,2668404358.5056562,CHF,chf,nur_arbeitnehmende,20,2002,Generation Z,5,pop_weighted
2022,ahv_einnahmen,20-24,20,24,sum_einkommen,2692140373.6470366,CHF,chf,nur_arbeitnehmende,21,2001,Generation Z,5,pop_weighted
2022,ahv_einnahmen,20-24,20,24,sum_einkommen,2890647203.18864,CHF,chf,nur_arbeitnehmende,22,2000,Generation Z,5,pop_weighted
2022,ahv_einnahmen,20-24,20,24,sum_einkommen,2932911136.9452343,CHF,chf,nur_arbeitnehmende,23,1999,Generation Z,5,pop_weighted
2022,ahv_einnahmen,20-24,20,24,sum_einkommen,3030912457.7134323,CHF,chf,nur_arbeitnehmende,24,1998,Generation Z,5,pop_weighted
2022,ahv_einnahmen,20-24,20,24,sum_beitrag_ahv,232151179.18999204,CHF,chf,nur_arbeitnehmende,20,2002,Generation Z,5,pop_weighted
2022,ahv_einnahmen,20-24,20,24,sum_beitrag_ahv,234216212.50729215,CHF,chf,nur_arbeitnehmende,21,2001,Generation Z,5,pop_weighted
2022,ahv_einnahmen,20-24,20,24,sum_beitrag_ahv,251486306.67741168,CHF,chf,nur_arbeitnehmende,22,2000,Generation Z,5,pop_weighted
2022,ahv_einnahmen,20-24,20,24,sum_beitrag_ahv,255163268.91423535,CHF,chf,nur_arbeitnehmende,23,1999,Generation Z,5,pop_weighted
2022,ahv_einnahmen,20-24,20,24,sum_beitrag_ahv,263689383.8210686,CHF,chf,nur_arbeitnehmende,24,1998,Generation Z,5,pop_weighted
2022,ahv_einnahmen,25-29,25,29,n_personen,112573.70576956199,Anzahl,count,nur_arbeitnehmende,25,1997,Generation Z,5,pop_weighted
2022,ahv_einnahmen,25-29,25,29,n_personen,117179.28091641657,Anzahl,count,nur_arbeitnehmende,26,1996,Millennials,4,pop_weighted
2022,ahv_einnahmen,25-29,25,29,n_personen,119101.06331695305,Anzahl,count,nur_arbeitnehmende,27,1995,Millennials,4,pop_weighted
2022,ahv_einnahmen,25-29,25,29,n_personen,123230.31332336592,Anzahl,count,nur_arbeitnehmende,28,1994,Millennials,4,pop_weighted
2022,ahv_einnahmen,25-29,25,29,n_personen,127610.63667370248,Anzahl,count,nur_arbeitnehmende,29,1993,Millennials,4,pop_weighted
2022,ahv_einnahmen,25-29,25,29,sum_einkommen,5820138348.325592,CHF,chf,nur_arbeitnehmende,25,1997,Generation Z,5,pop_weighted
2022,ahv_einnahmen,25-29,25,29,sum_einkommen,6058249764.708859,CHF,chf,nur_arbeitnehmende,26,1996,Millennials,4,pop_weighted
2022,ahv_einnahmen,25-29,25,29,sum_einkommen,6157607242.283555,CHF,chf,nur_arbeitnehmende,27,1995,Millennials,4,pop_weighted
2022,ahv_einnahmen,25-29,25,29,sum_einkommen,6371092319.885445,CHF,chf,nur_arbeitnehmende,28,1994,Millennials,4,pop_weighted
2022,ahv_einnahmen,25-29,25,29,sum_einkommen,6597558062.796549,CHF,chf,nur_arbeitnehmende,29,1993,Millennials,4,pop_weighted
2022,ahv_einnahmen,25-29,25,29,sum_beitrag_ahv,506352036.3043265,CHF,chf,nur_arbeitnehmende,25,1997,Generation Z,5,pop_weighted
2022,ahv_einnahmen,25-29,25,29,sum_beitrag_ahv,527067729.5296708,CHF,chf,nur_arbeitnehmende,26,1996,Millennials,4,pop_weighted
2022,ahv_einnahmen,25-29,25,29,sum_beitrag_ahv,535711830.07866925,CHF,chf,nur_arbeitnehmende,27,1995,Millennials,4,pop_weighted
2022,ahv_einnahmen,25-29,25,29,sum_beitrag_ahv,554285031.8300337,CHF,chf,nur_arbeitnehmende,28,1994,Millennials,4,pop_weighted
2022,ahv_einnahmen,25-29,25,29,sum_beitrag_ahv,573987551.4632998,CHF,chf,nur_arbeitnehmende,29,1993,Millennials,4,pop_weighted
2022,ahv_einnahmen,30-34,30,34,n_personen,130192.57275229205,Anzahl,count,nur_arbeitnehmende,30,1992,Millennials,4,pop_weighted
2022,ahv_einnahmen,30-34,30,34,n_personen,132746.76033837054,Anzahl,count,nur_arbeitnehmende,31,1991,Millennials,4,pop_weighted
2022,ahv_einnahmen,30-34,30,34,n_personen,135622.28981093166,Anzahl,count,nur_arbeitnehmende,32,1990,Millennials,4,pop_weighted
2022,ahv_einnahmen,30-34,30,34,n_personen,135089.56688284254,Anzahl,count,nur_arbeitnehmende,33,1989,Millennials,4,pop_weighted
2022,ahv_einnahmen,30-34,30,34,n_personen,137241.81021556325,Anzahl,count,nur_arbeitnehmende,34,1988,Millennials,4,pop_weighted
2022,ahv_einnahmen,30-34,30,34,sum_einkommen,8618368871.626762,CHF,chf,nur_arbeitnehmende,30,1992,Millennials,4,pop_weighted
2022,ahv_einnahmen,30-34,30,34,sum_einkommen,8787448645.678366,CHF,chf,nur_arbeitnehmende,31,1991,Millennials,4,pop_weighted
2022,ahv_einnahmen,30-34,30,34,sum_einkommen,8977800316.068333,CHF,chf,nur_arbeitnehmende,32,1990,Millennials,4,pop_weighted
2022,ahv_einnahmen,30-34,30,34,sum_einkommen,8942535610.84294,CHF,chf,nur_arbeitnehmende,33,1989,Millennials,4,pop_weighted
2022,ahv_einnahmen,30-34,30,34,sum_einkommen,9085007846.783602,CHF,chf,nur_arbeitnehmende,34,1988,Millennials,4,pop_weighted
2022,ahv_einnahmen,30-34,30,34,sum_beitrag_ahv,749798091.8315283,CHF,chf,nur_arbeitnehmende,30,1992,Millennials,4,pop_weighted
2022,ahv_einnahmen,30-34,30,34,sum_beitrag_ahv,764508032.1740178,CHF,chf,nur_arbeitnehmende,31,1991,Millennials,4,pop_weighted
2022,ahv_einnahmen,30-34,30,34,sum_beitrag_ahv,781068627.4979448,CHF,chf,nur_arbeitnehmende,32,1990,Millennials,4,pop_weighted
2022,ahv_einnahmen,30-34,30,34,sum_beitrag_ahv,778000598.1433357,CHF,chf,nur_arbeitnehmende,33,1989,Millennials,4,pop_weighted
2022,ahv_einnahmen,30-34,30,34,sum_beitrag_ahv,790395682.6701733,CHF,chf,nur_arbeitnehmende,34,1988,Millennials,4,pop_weighted
2022,ahv_einnahmen,35-39,35,39,n_personen,129885.90345864829,Anzahl,count,nur_arbeitnehmende,35,1987,Millennials,4,pop_weighted
2022,ahv_einnahmen,35-39,35,39,n_personen,131018.98034259217,Anzahl,count,nur_arbeitnehmende,36,1986,Millennials,4,pop_weighted
2022,ahv_einnahmen,35-39,35,39,n_personen,130530.35383571837,Anzahl,count,nur_arbeitnehmende,37,1985,Millennials,4,pop_weighted
2022,ahv_einnahmen,35-39,35,39,n_personen,130554.60457048402,Anzahl,count,nur_arbeitnehmende,38,1984,Millennials,4,pop_weighted
2022,ahv_einnahmen,35-39,35,39,n_personen,129151.15779255718,Anzahl,count,nur_arbeitnehmende,39,1983,Millennials,4,pop_weighted
2022,ahv_einnahmen,35-39,35,39,sum_einkommen,9722115966.917963,CHF,chf,nur_arbeitnehmende,35,1987,Millennials,4,pop_weighted
2022,ahv_einnahmen,35-39,35,39,sum_einkommen,9806928133.379457,CHF,chf,nur_arbeitnehmende,36,1986,Millennials,4,pop_weighted
2022,ahv_einnahmen,35-39,35,39,sum_einkommen,9770353852.123064,CHF,chf,nur_arbeitnehmende,37,1985,Millennials,4,pop_weighted
2022,ahv_einnahmen,35-39,35,39,sum_einkommen,9772169048.76409,CHF,chf,nur_arbeitnehmende,38,1984,Millennials,4,pop_weighted
2022,ahv_einnahmen,35-39,35,39,sum_einkommen,9667119370.815428,CHF,chf,nur_arbeitnehmende,39,1983,Millennials,4,pop_weighted
2022,ahv_einnahmen,35-39,35,39,sum_beitrag_ahv,845824089.1218628,CHF,chf,nur_arbeitnehmende,35,1987,Millennials,4,pop_weighted
2022,ahv_einnahmen,35-39,35,39,sum_beitrag_ahv,853202747.6040127,CHF,chf,nur_arbeitnehmende,36,1986,Millennials,4,pop_weighted
2022,ahv_einnahmen,35-39,35,39,sum_beitrag_ahv,850020785.1347066,CHF,chf,nur_arbeitnehmende,37,1985,Millennials,4,pop_weighted
2022,ahv_einnahmen,35-39,35,39,sum_beitrag_ahv,850178707.2424757,CHF,chf,nur_arbeitnehmende,38,1984,Millennials,4,pop_weighted
2022,ahv_einnahmen,35-39,35,39,sum_beitrag_ahv,841039385.2609421,CHF,chf,nur_arbeitnehmende,39,1983,Millennials,4,pop_weighted
2022,ahv_einnahmen,40-44,40,44,n_personen,128458.72958259175,Anzahl,count,nur_arbeitnehmende,40,1982,Millennials,4,pop_weighted
2022,ahv_einnahmen,40-44,40,44,n_personen,127125.98043056308,Anzahl,count,nur_arbeitnehmende,41,1981,Millennials,4,pop_weighted
2022,ahv_einnahmen,40-44,40,44,n_personen,126884.99432536305,Anzahl,count,nur_arbeitnehmende,42,1980,Generation X,3,pop_weighted
2022,ahv_einnahmen,40-44,40,44,n_personen,123081.75868606361,Anzahl,count,nur_arbeitnehmende,43,1979,Generation X,3,pop_weighted
2022,ahv_einnahmen,40-44,40,44,n_personen,121218.53697541851,Anzahl,count,nur_arbeitnehmende,44,1978,Generation X,3,pop_weighted
2022,ahv_einnahmen,40-44,40,44,sum_einkommen,10547659316.656769,CHF,chf,nur_arbeitnehmende,40,1982,Millennials,4,pop_weighted
2022,ahv_einnahmen,40-44,40,44,sum_einkommen,10438228186.084023,CHF,chf,nur_arbeitnehmende,41,1981,Millennials,4,pop_weighted
2022,ahv_einnahmen,40-44,40,44,sum_einkommen,10418440980.138912,CHF,chf,nur_arbeitnehmende,42,1980,Generation X,3,pop_weighted
2022,ahv_einnahmen,40-44,40,44,sum_einkommen,10106159876.669756,CHF,chf,nur_arbeitnehmende,43,1979,Generation X,3,pop_weighted
2022,ahv_einnahmen,40-44,40,44,sum_einkommen,9953172003.45054,CHF,chf,nur_arbeitnehmende,44,1978,Generation X,3,pop_weighted
2022,ahv_einnahmen,40-44,40,44,sum_beitrag_ahv,917646360.5491389,CHF,chf,nur_arbeitnehmende,40,1982,Millennials,4,pop_weighted
2022,ahv_einnahmen,40-44,40,44,sum_beitrag_ahv,908125852.18931,CHF,chf,nur_arbeitnehmende,41,1981,Millennials,4,pop_weighted
2022,ahv_einnahmen,40-44,40,44,sum_beitrag_ahv,906404365.2720854,CHF,chf,nur_arbeitnehmende,42,1980,Generation X,3,pop_weighted
2022,ahv_einnahmen,40-44,40,44,sum_beitrag_ahv,879235909.2702688,CHF,chf,nur_arbeitnehmende,43,1979,Generation X,3,pop_weighted
2022,ahv_einnahmen,40-44,40,44,sum_beitrag_ahv,865925964.300197,CHF,chf,nur_arbeitnehmende,44,1978,Generation X,3,pop_weighted
2022,ahv_einnahmen,45-49,45,49,n_personen,118255.35268648583,Anzahl,count,nur_arbeitnehmende,45,1977,Generation X,3,pop_weighted
2022,ahv_einnahmen,45-49,45,49,n_personen,117008.27606919163,Anzahl,count,nur_arbeitnehmende,46,1976,Generation X,3,pop_weighted
2022,ahv_einnahmen,45-49,45,49,n_personen,116230.21516141992,Anzahl,count,nur_arbeitnehmende,47,1975,Generation X,3,pop_weighted
2022,ahv_einnahmen,45-49,45,49,n_personen,118222.1699488533,Anzahl,count,nur_arbeitnehmende,48,1974,Generation X,3,pop_weighted
2022,ahv_einnahmen,45-49,45,49,n_personen,118345.98613404932,Anzahl,count,nur_arbeitnehmende,49,1973,Generation X,3,pop_weighted
2022,ahv_einnahmen,45-49,45,49,sum_einkommen,10517359333.922045,CHF,chf,nur_arbeitnehmende,45,1977,Generation X,3,pop_weighted
2022,ahv_einnahmen,45-49,45,49,sum_einkommen,10406447205.18494,CHF,chf,nur_arbeitnehmende,46,1976,Generation X,3,pop_weighted
2022,ahv_einnahmen,45-49,45,49,sum_einkommen,10337248255.921244,CHF,chf,nur_arbeitnehmende,47,1975,Generation X,3,pop_weighted
2022,ahv_einnahmen,45-49,45,49,sum_einkommen,10514408137.486229,CHF,chf,nur_arbeitnehmende,48,1974,Generation X,3,pop_weighted
2022,ahv_einnahmen,45-49,45,49,sum_einkommen,10525420064.485544,CHF,chf,nur_arbeitnehmende,49,1973,Generation X,3,pop_weighted
2022,ahv_einnahmen,45-49,45,49,sum_beitrag_ahv,915010262.0512179,CHF,chf,nur_arbeitnehmende,45,1977,Generation X,3,pop_weighted
2022,ahv_einnahmen,45-49,45,49,sum_beitrag_ahv,905360906.85109,CHF,chf,nur_arbeitnehmende,46,1976,Generation X,3,pop_weighted
2022,ahv_einnahmen,45-49,45,49,sum_beitrag_ahv,899340598.2651483,CHF,chf,nur_arbeitnehmende,47,1975,Generation X,3,pop_weighted
2022,ahv_einnahmen,45-49,45,49,sum_beitrag_ahv,914753507.9613019,CHF,chf,nur_arbeitnehmende,48,1974,Generation X,3,pop_weighted
2022,ahv_einnahmen,45-49,45,49,sum_beitrag_ahv,915711545.6102424,CHF,chf,nur_arbeitnehmende,49,1973,Generation X,3,pop_weighted
2022,ahv_einnahmen,50-54,50,54,n_personen,116188.24452595257,Anzahl,count,nur_arbeitnehmende,50,1972,Generation X,3,pop_weighted
2022,ahv_einnahmen,50-54,50,54,n_personen,119106.83172455816,Anzahl,count,nur_arbeitnehmende,51,1971,Generation X,3,pop_weighted
2022,ahv_einnahmen,50-54,50,54,n_personen,120085.38892838333,Anzahl,count,nur_arbeitnehmende,52,1970,Generation X,3,pop_weighted
2022,ahv_einnahmen,50-54,50,54,n_personen,122823.16609078263,Anzahl,count,nur_arbeitnehmende,53,1969,Generation X,3,pop_weighted
2022,ahv_einnahmen,50-54,50,54,n_personen,124601.3687303233,Anzahl,count,nur_arbeitnehmende,54,1968,Generation X,3,pop_weighted
2022,ahv_einnahmen,50-54,50,54,sum_einkommen,10692239947.501127,CHF,chf,nur_arbeitnehmende,50,1972,Generation X,3,pop_weighted
2022,ahv_einnahmen,50-54,50,54,sum_einkommen,10960823355.078352,CHF,chf,nur_arbeitnehmende,51,1971,Generation X,3,pop_weighted
2022,ahv_einnahmen,50-54,50,54,sum_einkommen,11050875222.78961,CHF,chf,nur_arbeitnehmende,52,1970,Generation X,3,pop_weighted
2022,ahv_einnahmen,50-54,50,54,sum_einkommen,11302819560.726685,CHF,chf,nur_arbeitnehmende,53,1969,Generation X,3,pop_weighted
2022,ahv_einnahmen,50-54,50,54,sum_einkommen,11466458914.904224,CHF,chf,nur_arbeitnehmende,54,1968,Generation X,3,pop_weighted
2022,ahv_einnahmen,50-54,50,54,sum_beitrag_ahv,930224875.432598,CHF,chf,nur_arbeitnehmende,50,1972,Generation X,3,pop_weighted
2022,ahv_einnahmen,50-54,50,54,sum_beitrag_ahv,953591631.8918166,CHF,chf,nur_arbeitnehmende,51,1971,Generation X,3,pop_weighted
2022,ahv_einnahmen,50-54,50,54,sum_beitrag_ahv,961426144.3826962,CHF,chf,nur_arbeitnehmende,52,1970,Generation X,3,pop_weighted
2022,ahv_einnahmen,50-54,50,54,sum_beitrag_ahv,983345301.7832216,CHF,chf,nur_arbeitnehmende,53,1969,Generation X,3,pop_weighted
2022,ahv_einnahmen,50-54,50,54,sum_beitrag_ahv,997581925.5966674,CHF,chf,nur_arbeitnehmende,54,1968,Generation X,3,pop_weighted
2022,ahv_einnahmen,55-59,55,59,n_personen,117395.4003341603,Anzahl,count,nur_arbeitnehmende,55,1967,Generation X,3,pop_weighted
2022,ahv_einnahmen,55-59,55,59,n_personen,118847.74579635871,Anzahl,count,nur_arbeitnehmende,56,1966,Generation X,3,pop_weighted
2022,ahv_einnahmen,55-59,55,59,n_personen,118688.25509836267,Anzahl,count,nur_arbeitnehmende,57,1965,Generation X,3,pop_weighted
2022,ahv_einnahmen,55-59,55,59,n_personen,119586.39266026205,Anzahl,count,nur_arbeitnehmende,58,1964,Babyboomers,2,pop_weighted
2022,ahv_einnahmen,55-59,55,59,n_personen,115026.20611085628,Anzahl,count,nur_arbeitnehmende,59,1963,Babyboomers,2,pop_weighted
2022,ahv_einnahmen,55-59,55,59,sum_einkommen,10662154140.993063,CHF,chf,nur_arbeitnehmende,55,1967,Generation X,3,pop_weighted
2022,ahv_einnahmen,55-59,55,59,sum_einkommen,10794059915.323689,CHF,chf,nur_arbeitnehmende,56,1966,Generation X,3,pop_weighted
2022,ahv_einnahmen,55-59,55,59,sum_einkommen,10779574557.283699,CHF,chf,nur_arbeitnehmende,57,1965,Generation X,3,pop_weighted
2022,ahv_einnahmen,55-59,55,59,sum_einkommen,10861145735.520061,CHF,chf,nur_arbeitnehmende,58,1964,Babyboomers,2,pop_weighted
2022,ahv_einnahmen,55-59,55,59,sum_einkommen,10446977788.879484,CHF,chf,nur_arbeitnehmende,59,1963,Babyboomers,2,pop_weighted
2022,ahv_einnahmen,55-59,55,59,sum_beitrag_ahv,927607410.2663964,CHF,chf,nur_arbeitnehmende,55,1967,Generation X,3,pop_weighted
2022,ahv_einnahmen,55-59,55,59,sum_beitrag_ahv,939083212.6331608,CHF,chf,nur_arbeitnehmende,56,1966,Generation X,3,pop_weighted
2022,ahv_einnahmen,55-59,55,59,sum_beitrag_ahv,937822986.4836818,CHF,chf,nur_arbeitnehmende,57,1965,Generation X,3,pop_weighted
2022,ahv_einnahmen,55-59,55,59,sum_beitrag_ahv,944919678.9902452,CHF,chf,nur_arbeitnehmende,58,1964,Babyboomers,2,pop_weighted
2022,ahv_einnahmen,55-59,55,59,sum_beitrag_ahv,908887067.6325151,CHF,chf,nur_arbeitnehmende,59,1963,Babyboomers,2,pop_weighted
2022,ahv_einnahmen,60-64,60,64,n_personen,89628.01544344223,Anzahl,count,nur_arbeitnehmende,60,1962,Babyboomers,2,pop_weighted
2022,ahv_einnahmen,60-64,60,64,n_personen,85482.11555098784,Anzahl,count,nur_arbeitnehmende,61,1961,Babyboomers,2,pop_weighted
2022,ahv_einnahmen,60-64,60,64,n_personen,82408.44997362173,Anzahl,count,nur_arbeitnehmende,62,1960,Babyboomers,2,pop_weighted
2022,ahv_einnahmen,60-64,60,64,n_personen,79111.31125658684,Anzahl,count,nur_arbeitnehmende,63,1959,Babyboomers,2,pop_weighted
2022,ahv_einnahmen,60-64,60,64,n_personen,75235.10777536136,Anzahl,count,nur_arbeitnehmende,64,1958,Babyboomers,2,pop_weighted
2022,ahv_einnahmen,60-64,60,64,sum_einkommen,7040985363.71809,CHF,chf,nur_arbeitnehmende,60,1962,Babyboomers,2,pop_weighted
2022,ahv_einnahmen,60-64,60,64,sum_einkommen,6715292327.698206,CHF,chf,nur_arbeitnehmende,61,1961,Babyboomers,2,pop_weighted
2022,ahv_einnahmen,60-64,60,64,sum_einkommen,6473831728.173325,CHF,chf,nur_arbeitnehmende,62,1960,Babyboomers,2,pop_weighted
2022,ahv_einnahmen,60-64,60,64,sum_einkommen,6214815556.344324,CHF,chf,nur_arbeitnehmende,63,1959,Babyboomers,2,pop_weighted
2022,ahv_einnahmen,60-64,60,64,sum_einkommen,5910309294.066054,CHF,chf,nur_arbeitnehmende,64,1958,Babyboomers,2,pop_weighted
2022,ahv_einnahmen,60-64,60,64,sum_beitrag_ahv,612565726.6434739,CHF,chf,nur_arbeitnehmende,60,1962,Babyboomers,2,pop_weighted
2022,ahv_einnahmen,60-64,60,64,sum_beitrag_ahv,584230432.5097439,CHF,chf,nur_arbeitnehmende,61,1961,Babyboomers,2,pop_weighted
2022,ahv_einnahmen,60-64,60,64,sum_beitrag_ahv,563223360.3510792,CHF,chf,nur_arbeitnehmende,62,1960,Babyboomers,2,pop_weighted
2022,ahv_einnahmen,60-64,60,64,sum_beitrag_ahv,540688953.4019562,CHF,chf,nur_arbeitnehmende,63,1959,Babyboomers,2,pop_weighted
2022,ahv_einnahmen,60-64,60,64,sum_beitrag_ahv,514196908.5837467,CHF,chf,nur_arbeitnehmende,64,1958,Babyboomers,2,pop_weighted
2022,ahv_einnahmen,65-69,65,69,n_personen,17382.658823285423,Anzahl,count,nur_arbeitnehmende,65,1957,Babyboomers,2,pop_weighted
2022,ahv_einnahmen,65-69,65,69,n_personen,16674.659109266664,Anzahl,count,nur_arbeitnehmende,66,1956,Babyboomers,2,pop_weighted
2022,ahv_einnahmen,65-69,65,69,n_personen,15871.2409381058,Anzahl,count,nur_arbeitnehmende,67,1955,Babyboomers,2,pop_weighted
2022,ahv_einnahmen,65-69,65,69,n_personen,15318.285304493616,Anzahl,count,nur_arbeitnehmende,68,1954,Babyboomers,2,pop_weighted
2022,ahv_einnahmen,65-69,65,69,n_personen,14732.155824848494,Anzahl,count,nur_arbeitnehmende,69,1953,Babyboomers,2,pop_weighted
2022,ahv_einnahmen,65-69,65,69,sum_einkommen,921101028.5559257,CHF,chf,nur_arbeitnehmende,65,1957,Babyboomers,2,pop_weighted
2022,ahv_einnahmen,65-69,65,69,sum_einkommen,883584370.6366903,CHF,chf,nur_arbeitnehmende,66,1956,Babyboomers,2,pop_weighted
2022,ahv_einnahmen,65-69,65,69,sum_einkommen,841011521.9522607,CHF,chf,nur_arbeitnehmende,67,1955,Babyboomers,2,pop_weighted
2022,ahv_einnahmen,65-69,65,69,sum_einkommen,811710595.7795805,CHF,chf,nur_arbeitnehmende,68,1954,Babyboomers,2,pop_weighted
2022,ahv_einnahmen,65-69,65,69,sum_einkommen,780651799.0755427,CHF,chf,nur_arbeitnehmende,69,1953,Babyboomers,2,pop_weighted
2022,ahv_einnahmen,65-69,65,69,sum_beitrag_ahv,80135789.48436554,CHF,chf,nur_arbeitnehmende,65,1957,Babyboomers,2,pop_weighted
2022,ahv_einnahmen,65-69,65,69,sum_beitrag_ahv,76871840.24539205,CHF,chf,nur_arbeitnehmende,66,1956,Babyboomers,2,pop_weighted
2022,ahv_einnahmen,65-69,65,69,sum_beitrag_ahv,73168002.40984668,CHF,chf,nur_arbeitnehmende,67,1955,Babyboomers,2,pop_weighted
2022,ahv_einnahmen,65-69,65,69,sum_beitrag_ahv,70618821.8328235,CHF,chf,nur_arbeitnehmende,68,1954,Babyboomers,2,pop_weighted
2022,ahv_einnahmen,65-69,65,69,sum_beitrag_ahv,67916706.51957221,CHF,chf,nur_arbeitnehmende,69,1953,Babyboomers,2,pop_weighted
2022,ahv_einnahmen,70-74,70,74,n_personen,3813.3277521871587,Anzahl,count,nur_arbeitnehmende,70,1952,Babyboomers,2,pop_weighted
2022,ahv_einnahmen,70-74,70,74,n_personen,3650.639447590923,Anzahl,count,nur_arbeitnehmende,71,1951,Babyboomers,2,pop_weighted
2022,ahv_einnahmen,70-74,70,74,n_personen,3713.1132222162787,Anzahl,count,nur_arbeitnehmende,72,1950,Babyboomers,2,pop_weighted
2022,ahv_einnahmen,70-74,70,74,n_personen,3618.1888102580306,Anzahl,count,nur_arbeitnehmende,73,1949,Babyboomers,2,pop_weighted
2022,ahv_einnahmen,70-74,70,74,n_personen,3614.730767747609,Anzahl,count,nur_arbeitnehmende,74,1948,Babyboomers,2,pop_weighted
2022,ahv_einnahmen,70-74,70,74,sum_einkommen,182420143.60604903,CHF,chf,nur_arbeitnehmende,70,1952,Babyboomers,2,pop_weighted
2022,ahv_einnahmen,70-74,70,74,sum_einkommen,174637538.53874314,CHF,chf,nur_arbeitnehmende,71,1951,Babyboomers,2,pop_weighted
2022,ahv_einnahmen,70-74,70,74,sum_einkommen,177626128.99814776,CHF,chf,nur_arbeitnehmende,72,1950,Babyboomers,2,pop_weighted
2022,ahv_einnahmen,70-74,70,74,sum_einkommen,173085180.51785737,CHF,chf,nur_arbeitnehmende,73,1949,Babyboomers,2,pop_weighted
2022,ahv_einnahmen,70-74,70,74,sum_einkommen,172919756.33920264,CHF,chf,nur_arbeitnehmende,74,1948,Babyboomers,2,pop_weighted
2022,ahv_einnahmen,70-74,70,74,sum_beitrag_ahv,15870552.493726268,CHF,chf,nur_arbeitnehmende,70,1952,Babyboomers,2,pop_weighted
2022,ahv_einnahmen,70-74,70,74,sum_beitrag_ahv,15193465.852870654,CHF,chf,nur_arbeitnehmende,71,1951,Babyboomers,2,pop_weighted
2022,ahv_einnahmen,70-74,70,74,sum_beitrag_ahv,15453473.222838856,CHF,chf,nur_arbeitnehmende,72,1950,Babyboomers,2,pop_weighted
2022,ahv_einnahmen,70-74,70,74,sum_beitrag_ahv,15058410.705053594,CHF,chf,nur_arbeitnehmende,73,1949,Babyboomers,2,pop_weighted
2022,ahv_einnahmen,70-74,70,74,sum_beitrag_ahv,15044018.801510632,CHF,chf,nur_arbeitnehmende,74,1948,Babyboomers,2,pop_weighted
2022,ahv_einnahmen,75+,75,100,n_personen,895.4351980202304,Anzahl,count,nur_arbeitnehmende,75,1947,Babyboomers,2,pop_weighted
2022,ahv_einnahmen,75+,75,100,n_personen,879.1252527350184,Anzahl,count,nur_arbeitnehmende,76,1946,Babyboomers,2,pop_weighted
2022,ahv_einnahmen,75+,75,100,n_personen,828.6650866581869,Anzahl,count,nur_arbeitnehmende,77,1945,Silent Generation,1,pop_weighted
2022,ahv_einnahmen,75+,75,100,n_personen,799.3967938345634,Anzahl,count,nur_arbeitnehmende,78,1944,Silent Generation,1,pop_weighted
2022,ahv_einnahmen,75+,75,100,n_personen,755.1044986112192,Anzahl,count,nur_arbeitnehmende,79,1943,Silent Generation,1,pop_weighted
2022,ahv_einnahmen,75+,75,100,n_personen,701.6011283302615,Anzahl,count,nur_arbeitnehmende,80,1942,Silent Generation,1,pop_weighted
2022,ahv_einnahmen,75+,75,100,n_personen,638.8052205464558,Anzahl,count,nur_arbeitnehmende,81,1941,Silent Generation,1,pop_weighted
2022,ahv_einnahmen,75+,75,100,n_personen,564.4532830314935,Anzahl,count,nur_arbeitnehmende,82,1940,Silent Generation,1,pop_weighted
2022,ahv_einnahmen,75+,75,100,n_personen,530.180868572022,Anzahl,count,nur_arbeitnehmende,83,1939,Silent Generation,1,pop_weighted
2022,ahv_einnahmen,75+,75,100,n_personen,488.7921276466873,Anzahl,count,nur_arbeitnehmende,84,1938,Silent Generation,1,pop_weighted
2022,ahv_einnahmen,75+,75,100,n_personen,444.051788974552,Anzahl,count,nur_arbeitnehmende,85,1937,Silent Generation,1,pop_weighted
2022,ahv_einnahmen,75+,75,100,n_personen,410.7918363344265,Anzahl,count,nur_arbeitnehmende,86,1936,Silent Generation,1,pop_weighted
2022,ahv_einnahmen,75+,75,100,n_personen,375.2800289581693,Anzahl,count,nur_arbeitnehmende,87,1935,Silent Generation,1,pop_weighted
2022,ahv_einnahmen,75+,75,100,n_personen,333.98438797024573,Anzahl,count,nur_arbeitnehmende,88,1934,Silent Generation,1,pop_weighted
2022,ahv_einnahmen,75+,75,100,n_personen,288.3479624005284,Anzahl,count,nur_arbeitnehmende,89,1933,Silent Generation,1,pop_weighted
2022,ahv_einnahmen,75+,75,100,n_personen,251.98079934930647,Anzahl,count,nur_arbeitnehmende,90,1932,Silent Generation,1,pop_weighted
2022,ahv_einnahmen,75+,75,100,n_personen,210.33021485000305,Anzahl,count,nur_arbeitnehmende,91,1931,Silent Generation,1,pop_weighted
2022,ahv_einnahmen,75+,75,100,n_personen,176.72695619067397,Anzahl,count,nur_arbeitnehmende,92,1930,Silent Generation,1,pop_weighted
2022,ahv_einnahmen,75+,75,100,n_personen,138.63744429734618,Anzahl,count,nur_arbeitnehmende,93,1929,Silent Generation,1,pop_weighted
2022,ahv_einnahmen,75+,75,100,n_personen,108.37414589264132,Anzahl,count,nur_arbeitnehmende,94,1928,Silent Generation,1,pop_weighted
2022,ahv_einnahmen,75+,75,100,n_personen,81.52645144170727,Anzahl,count,nur_arbeitnehmende,95,1927,Silent Generation,1,pop_weighted
2022,ahv_einnahmen,75+,75,100,n_personen,60.53241555549787,Anzahl,count,nur_arbeitnehmende,96,1926,Silent Generation,1,pop_weighted
2022,ahv_einnahmen,75+,75,100,n_personen,43.35547710314473,Anzahl,count,nur_arbeitnehmende,97,1925,Silent Generation,1,pop_weighted
2022,ahv_einnahmen,75+,75,100,n_personen,30.926635458759122,Anzahl,count,nur_arbeitnehmende,98,1924,Silent Generation,1,pop_weighted
2022,ahv_einnahmen,75+,75,100,n_personen,50.59399723685994,Anzahl,count,nur_arbeitnehmende,99,1923,Silent Generation,1,pop_weighted
2022,ahv_einnahmen,75+,75,100,n_personen,0.0,Anzahl,count,nur_arbeitnehmende,100,1922,Silent Generation,1,pop_weighted
2022,ahv_einnahmen,75+,75,100,sum_einkommen,42763598.088373184,CHF,chf,nur_arbeitnehmende,75,1947,Babyboomers,2,pop_weighted
2022,ahv_einnahmen,75+,75,100,sum_einkommen,41984678.57910859,CHF,chf,nur_arbeitnehmende,76,1946,Babyboomers,2,pop_weighted
2022,ahv_einnahmen,75+,75,100,sum_einkommen,39574835.559364535,CHF,chf,nur_arbeitnehmende,77,1945,Silent Generation,1,pop_weighted
2022,ahv_einnahmen,75+,75,100,sum_einkommen,38177059.91484048,CHF,chf,nur_arbeitnehmende,78,1944,Silent Generation,1,pop_weighted
2022,ahv_einnahmen,75+,75,100,sum_einkommen,36061777.96531423,CHF,chf,nur_arbeitnehmende,79,1943,Silent Generation,1,pop_weighted
2022,ahv_einnahmen,75+,75,100,sum_einkommen,33506599.62507593,CHF,chf,nur_arbeitnehmende,80,1942,Silent Generation,1,pop_weighted
2022,ahv_einnahmen,75+,75,100,sum_einkommen,30507634.4648963,CHF,chf,nur_arbeitnehmende,81,1941,Silent Generation,1,pop_weighted
2022,ahv_einnahmen,75+,75,100,sum_einkommen,26956784.12976144,CHF,chf,nur_arbeitnehmende,82,1940,Silent Generation,1,pop_weighted
2022,ahv_einnahmen,75+,75,100,sum_einkommen,25320024.97543805,CHF,chf,nur_arbeitnehmende,83,1939,Silent Generation,1,pop_weighted
2022,ahv_einnahmen,75+,75,100,sum_einkommen,23343409.03915583,CHF,chf,nur_arbeitnehmende,84,1938,Silent Generation,1,pop_weighted
2022,ahv_einnahmen,75+,75,100,sum_einkommen,21206729.72886847,CHF,chf,nur_arbeitnehmende,85,1937,Silent Generation,1,pop_weighted
2022,ahv_einnahmen,75+,75,100,sum_einkommen,19618323.05210913,CHF,chf,nur_arbeitnehmende,86,1936,Silent Generation,1,pop_weighted
2022,ahv_einnahmen,75+,75,100,sum_einkommen,17922373.795940086,CHF,chf,nur_arbeitnehmende,87,1935,Silent Generation,1,pop_weighted
2022,ahv_einnahmen,75+,75,100,sum_einkommen,15950204.06449134,CHF,chf,nur_arbeitnehmende,88,1934,Silent Generation,1,pop_weighted
2022,ahv_einnahmen,75+,75,100,sum_einkommen,13770730.032681774,CHF,chf,nur_arbeitnehmende,89,1933,Silent Generation,1,pop_weighted
2022,ahv_einnahmen,75+,75,100,sum_einkommen,12033931.269605171,CHF,chf,nur_arbeitnehmende,90,1932,Silent Generation,1,pop_weighted
2022,ahv_einnahmen,75+,75,100,sum_einkommen,10044810.3822288,CHF,chf,nur_arbeitnehmende,91,1931,Silent Generation,1,pop_weighted
2022,ahv_einnahmen,75+,75,100,sum_einkommen,8440008.325146016,CHF,chf,nur_arbeitnehmende,92,1930,Silent Generation,1,pop_weighted
2022,ahv_einnahmen,75+,75,100,sum_einkommen,6620954.772650106,CHF,chf,nur_arbeitnehmende,93,1929,Silent Generation,1,pop_weighted
2022,ahv_einnahmen,75+,75,100,sum_einkommen,5175660.3139682785,CHF,chf,nur_arbeitnehmende,94,1928,Silent Generation,1,pop_weighted
2022,ahv_einnahmen,75+,75,100,sum_einkommen,3893485.9951146073,CHF,chf,nur_arbeitnehmende,95,1927,Silent Generation,1,pop_weighted
2022,ahv_einnahmen,75+,75,100,sum_einkommen,2890866.805165745,CHF,chf,nur_arbeitnehmende,96,1926,Silent Generation,1,pop_weighted
2022,ahv_einnahmen,75+,75,100,sum_einkommen,2070542.0133894037,CHF,chf,nur_arbeitnehmende,97,1925,Silent Generation,1,pop_weighted
2022,ahv_einnahmen,75+,75,100,sum_einkommen,1476973.6681203437,CHF,chf,nur_arbeitnehmende,98,1924,Silent Generation,1,pop_weighted
2022,ahv_einnahmen,75+,75,100,sum_einkommen,2416234.4391921707,CHF,chf,nur_arbeitnehmende,99,1923,Silent Generation,1,pop_weighted
2022,ahv_einnahmen,75+,75,100,sum_einkommen,0.0,CHF,chf,nur_arbeitnehmende,100,1922,Silent Generation,1,pop_weighted
2022,ahv_einnahmen,75+,75,100,sum_beitrag_ahv,3720433.033688467,CHF,chf,nur_arbeitnehmende,75,1947,Babyboomers,2,pop_weighted
2022,ahv_einnahmen,75+,75,100,sum_beitrag_ahv,3652667.0363824475,CHF,chf,nur_arbeitnehmende,76,1946,Babyboomers,2,pop_weighted
2022,ahv_einnahmen,75+,75,100,sum_beitrag_ahv,3443010.6936647147,CHF,chf,nur_arbeitnehmende,77,1945,Silent Generation,1,pop_weighted
2022,ahv_einnahmen,75+,75,100,sum_beitrag_ahv,3321404.2125911224,CHF,chf,nur_arbeitnehmende,78,1944,Silent Generation,1,pop_weighted
2022,ahv_einnahmen,75+,75,100,sum_beitrag_ahv,3137374.682982338,CHF,chf,nur_arbeitnehmende,79,1943,Silent Generation,1,pop_weighted
2022,ahv_einnahmen,75+,75,100,sum_beitrag_ahv,2915074.167381606,CHF,chf,nur_arbeitnehmende,80,1942,Silent Generation,1,pop_weighted
2022,ahv_einnahmen,75+,75,100,sum_beitrag_ahv,2654164.198445978,CHF,chf,nur_arbeitnehmende,81,1941,Silent Generation,1,pop_weighted
2022,ahv_einnahmen,75+,75,100,sum_beitrag_ahv,2345240.2192892455,CHF,chf,nur_arbeitnehmende,82,1940,Silent Generation,1,pop_weighted
2022,ahv_einnahmen,75+,75,100,sum_beitrag_ahv,2202842.1728631104,CHF,chf,nur_arbeitnehmende,83,1939,Silent Generation,1,pop_weighted
2022,ahv_einnahmen,75+,75,100,sum_beitrag_ahv,2030876.5864065574,CHF,chf,nur_arbeitnehmende,84,1938,Silent Generation,1,pop_weighted
2022,ahv_einnahmen,75+,75,100,sum_beitrag_ahv,1844985.4864115568,CHF,chf,nur_arbeitnehmende,85,1937,Silent Generation,1,pop_weighted
2022,ahv_einnahmen,75+,75,100,sum_beitrag_ahv,1706794.1055334944,CHF,chf,nur_arbeitnehmende,86,1936,Silent Generation,1,pop_weighted
2022,ahv_einnahmen,75+,75,100,sum_beitrag_ahv,1559246.5202467877,CHF,chf,nur_arbeitnehmende,87,1935,Silent Generation,1,pop_weighted
2022,ahv_einnahmen,75+,75,100,sum_beitrag_ahv,1387667.7536107467,CHF,chf,nur_arbeitnehmende,88,1934,Silent Generation,1,pop_weighted
2022,ahv_einnahmen,75+,75,100,sum_beitrag_ahv,1198053.5128433143,CHF,chf,nur_arbeitnehmende,89,1933,Silent Generation,1,pop_weighted
2022,ahv_einnahmen,75+,75,100,sum_beitrag_ahv,1046952.0204556499,CHF,chf,nur_arbeitnehmende,90,1932,Silent Generation,1,pop_weighted
2022,ahv_einnahmen,75+,75,100,sum_beitrag_ahv,873898.5032539056,CHF,chf,nur_arbeitnehmende,91,1931,Silent Generation,1,pop_weighted
2022,ahv_einnahmen,75+,75,100,sum_beitrag_ahv,734280.7242877035,CHF,chf,nur_arbeitnehmende,92,1930,Silent Generation,1,pop_weighted
2022,ahv_einnahmen,75+,75,100,sum_beitrag_ahv,576023.0652205592,CHF,chf,nur_arbeitnehmende,93,1929,Silent Generation,1,pop_weighted
2022,ahv_einnahmen,75+,75,100,sum_beitrag_ahv,450282.4473152402,CHF,chf,nur_arbeitnehmende,94,1928,Silent Generation,1,pop_weighted
2022,ahv_einnahmen,75+,75,100,sum_beitrag_ahv,338733.28157497087,CHF,chf,nur_arbeitnehmende,95,1927,Silent Generation,1,pop_weighted
2022,ahv_einnahmen,75+,75,100,sum_beitrag_ahv,251505.41204941983,CHF,chf,nur_arbeitnehmende,96,1926,Silent Generation,1,pop_weighted
2022,ahv_einnahmen,75+,75,100,sum_beitrag_ahv,180137.15516487815,CHF,chf,nur_arbeitnehmende,97,1925,Silent Generation,1,pop_weighted
2022,ahv_einnahmen,75+,75,100,sum_beitrag_ahv,128496.70912646991,CHF,chf,nur_arbeitnehmende,98,1924,Silent Generation,1,pop_weighted
2022,ahv_einnahmen,75+,75,100,sum_beitrag_ahv,210212.3962097189,CHF,chf,nur_arbeitnehmende,99,1923,Silent Generation,1,pop_weighted
2022,ahv_einnahmen,75+,75,100,sum_beitrag_ahv,0.0,CHF,chf,nur_arbeitnehmende,100,1922,Silent Generation,1,pop_weighted
2023,ahv_einnahmen,<20,0,19,n_personen,3203.5694189480405,Anzahl,count,nur_arbeitnehmende,0,2023,Generation Alpha,6,pop_weighted
2023,ahv_einnahmen,<20,0,19,n_personen,6690.691870223401,Anzahl,count,nur_arbeitnehmende,1,2022,Generation Alpha,6,pop_weighted
2023,ahv_einnahmen,<20,0,19,n_personen,7402.432848545,Anzahl,count,nur_arbeitnehmende,2,2021,Generation Alpha,6,pop_weighted
2023,ahv_einnahmen,<20,0,19,n_personen,7139.174438491106,Anzahl,count,nur_arbeitnehmende,3,2020,Generation Alpha,6,pop_weighted
2023,ahv_einnahmen,<20,0,19,n_personen,7214.881138078498,Anzahl,count,nur_arbeitnehmende,4,2019,Generation Alpha,6,pop_weighted
2023,ahv_einnahmen,<20,0,19,n_personen,7382.424066021902,Anzahl,count,nur_arbeitnehmende,5,2018,Generation Alpha,6,pop_weighted
2023,ahv_einnahmen,<20,0,19,n_personen,7383.036579772608,Anzahl,count,nur_arbeitnehmende,6,2017,Generation Alpha,6,pop_weighted
2023,ahv_einnahmen,<20,0,19,n_personen,7508.9694069179795,Anzahl,count,nur_arbeitnehmende,7,2016,Generation Alpha,6,pop_weighted
2023,ahv_einnahmen,<20,0,19,n_personen,7461.438339863113,Anzahl,count,nur_arbeitnehmende,8,2015,Generation Alpha,6,pop_weighted
2023,ahv_einnahmen,<20,0,19,n_personen,7447.268855096756,Anzahl,count,nur_arbeitnehmende,9,2014,Generation Alpha,6,pop_weighted
2023,ahv_einnahmen,<20,0,19,n_personen,7295.896290172018,Anzahl,count,nur_arbeitnehmende,10,2013,Generation Alpha,6,pop_weighted
2023,ahv_einnahmen,<20,0,19,n_personen,7365.886194752811,Anzahl,count,nur_arbeitnehmende,11,2012,Generation Z,5,pop_weighted
2023,ahv_einnahmen,<20,0,19,n_personen,7288.954467664005,Anzahl,count,nur_arbeitnehmende,12,2011,Generation Z,5,pop_weighted
2023,ahv_einnahmen,<20,0,19,n_personen,7383.853264773552,Anzahl,count,nur_arbeitnehmende,13,2010,Generation Z,5,pop_weighted
2023,ahv_einnahmen,<20,0,19,n_personen,7283.931854908207,Anzahl,count,nur_arbeitnehmende,14,2009,Generation Z,5,pop_weighted
2023,ahv_einnahmen,<20,0,19,n_personen,7252.36697962177,Anzahl,count,nur_arbeitnehmende,15,2008,Generation Z,5,pop_weighted
2023,ahv_einnahmen,<20,0,19,n_personen,7115.73557896405,Anzahl,count,nur_arbeitnehmende,16,2007,Generation Z,5,pop_weighted
2023,ahv_einnahmen,<20,0,19,n_personen,7087.192438181101,Anzahl,count,nur_arbeitnehmende,17,2006,Generation Z,5,pop_weighted
2023,ahv_einnahmen,<20,0,19,n_personen,7120.513186219565,Anzahl,count,nur_arbeitnehmende,18,2005,Generation Z,5,pop_weighted
2023,ahv_einnahmen,<20,0,19,n_personen,7176.782782784519,Anzahl,count,nur_arbeitnehmende,19,2004,Generation Z,5,pop_weighted
2023,ahv_einnahmen,<20,0,19,sum_einkommen,44140561.45606194,CHF,chf,nur_arbeitnehmende,0,2023,Generation Alpha,6,pop_weighted
2023,ahv_einnahmen,<20,0,19,sum_einkommen,92188074.31934723,CHF,chf,nur_arbeitnehmende,1,2022,Generation Alpha,6,pop_weighted
2023,ahv_einnahmen,<20,0,19,sum_einkommen,101994837.42820425,CHF,chf,nur_arbeitnehmende,2,2021,Generation Alpha,6,pop_weighted
2023,ahv_einnahmen,<20,0,19,sum_einkommen,98367516.6156511,CHF,chf,nur_arbeitnehmende,3,2020,Generation Alpha,6,pop_weighted
2023,ahv_einnahmen,<20,0,19,sum_einkommen,99410645.63480319,CHF,chf,nur_arbeitnehmende,4,2019,Generation Alpha,6,pop_weighted
2023,ahv_einnahmen,<20,0,19,sum_einkommen,101719145.2926139,CHF,chf,nur_arbeitnehmende,5,2018,Generation Alpha,6,pop_weighted
2023,ahv_einnahmen,<20,0,19,sum_einkommen,101727584.84778501,CHF,chf,nur_arbeitnehmende,6,2017,Generation Alpha,6,pop_weighted
2023,ahv_einnahmen,<20,0,19,sum_einkommen,103462757.39097005,CHF,chf,nur_arbeitnehmende,7,2016,Generation Alpha,6,pop_weighted
2023,ahv_einnahmen,<20,0,19,sum_einkommen,102807847.9096901,CHF,chf,nur_arbeitnehmende,8,2015,Generation Alpha,6,pop_weighted
2023,ahv_einnahmen,<20,0,19,sum_einkommen,102612612.86673123,CHF,chf,nur_arbeitnehmende,9,2014,Generation Alpha,6,pop_weighted
2023,ahv_einnahmen,<20,0,19,sum_einkommen,100526917.46543844,CHF,chf,nur_arbeitnehmende,10,2013,Generation Alpha,6,pop_weighted
2023,ahv_einnahmen,<20,0,19,sum_einkommen,101491277.3029933,CHF,chf,nur_arbeitnehmende,11,2012,Generation Z,5,pop_weighted
2023,ahv_einnahmen,<20,0,19,sum_einkommen,100431269.17349893,CHF,chf,nur_arbeitnehmende,12,2011,Generation Z,5,pop_weighted
2023,ahv_einnahmen,<20,0,19,sum_einkommen,101738837.5880132,CHF,chf,nur_arbeitnehmende,13,2010,Generation Z,5,pop_weighted
2023,ahv_einnahmen,<20,0,19,sum_einkommen,100362064.82109563,CHF,chf,nur_arbeitnehmende,14,2009,Generation Z,5,pop_weighted
2023,ahv_einnahmen,<20,0,19,sum_einkommen,99927146.41127656,CHF,chf,nur_arbeitnehmende,15,2008,Generation Z,5,pop_weighted
2023,ahv_einnahmen,<20,0,19,sum_einkommen,98044562.9711024,CHF,chf,nur_arbeitnehmende,16,2007,Generation Z,5,pop_weighted
2023,ahv_einnahmen,<20,0,19,sum_einkommen,97651279.70012759,CHF,chf,nur_arbeitnehmende,17,2006,Generation Z,5,pop_weighted
2023,ahv_einnahmen,<20,0,19,sum_einkommen,98110391.50143725,CHF,chf,nur_arbeitnehmende,18,2005,Generation Z,5,pop_weighted
2023,ahv_einnahmen,<20,0,19,sum_einkommen,98885705.3031587,CHF,chf,nur_arbeitnehmende,19,2004,Generation Z,5,pop_weighted
2023,ahv_einnahmen,<20,0,19,sum_beitrag_ahv,3840228.8466773885,CHF,chf,nur_arbeitnehmende,0,2023,Generation Alpha,6,pop_weighted
2023,ahv_einnahmen,<20,0,19,sum_beitrag_ahv,8020362.465783209,CHF,chf,nur_arbeitnehmende,1,2022,Generation Alpha,6,pop_weighted
2023,ahv_einnahmen,<20,0,19,sum_beitrag_ahv,8873550.85625377,CHF,chf,nur_arbeitnehmende,2,2021,Generation Alpha,6,pop_weighted
2023,ahv_einnahmen,<20,0,19,sum_beitrag_ahv,8557973.945561646,CHF,chf,nur_arbeitnehmende,3,2020,Generation Alpha,6,pop_weighted
2023,ahv_einnahmen,<20,0,19,sum_beitrag_ahv,8648726.170227878,CHF,chf,nur_arbeitnehmende,4,2019,Generation Alpha,6,pop_weighted
2023,ahv_einnahmen,<20,0,19,sum_beitrag_ahv,8849565.640457409,CHF,chf,nur_arbeitnehmende,5,2018,Generation Alpha,6,pop_weighted
2023,ahv_einnahmen,<20,0,19,sum_beitrag_ahv,8850299.881757297,CHF,chf,nur_arbeitnehmende,6,2017,Generation Alpha,6,pop_weighted
2023,ahv_einnahmen,<20,0,19,sum_beitrag_ahv,9001259.893014394,CHF,chf,nur_arbeitnehmende,7,2016,Generation Alpha,6,pop_weighted
2023,ahv_einnahmen,<20,0,19,sum_beitrag_ahv,8944282.76814304,CHF,chf,nur_arbeitnehmende,8,2015,Generation Alpha,6,pop_weighted
2023,ahv_einnahmen,<20,0,19,sum_beitrag_ahv,8927297.319405615,CHF,chf,nur_arbeitnehmende,9,2014,Generation Alpha,6,pop_weighted
2023,ahv_einnahmen,<20,0,19,sum_beitrag_ahv,8745841.819493145,CHF,chf,nur_arbeitnehmende,10,2013,Generation Alpha,6,pop_weighted
2023,ahv_einnahmen,<20,0,19,sum_beitrag_ahv,8829741.125360416,CHF,chf,nur_arbeitnehmende,11,2012,Generation Z,5,pop_weighted
2023,ahv_einnahmen,<20,0,19,sum_beitrag_ahv,8737520.418094408,CHF,chf,nur_arbeitnehmende,12,2011,Generation Z,5,pop_weighted
2023,ahv_einnahmen,<20,0,19,sum_beitrag_ahv,8851278.870157149,CHF,chf,nur_arbeitnehmende,13,2010,Generation Z,5,pop_weighted
2023,ahv_einnahmen,<20,0,19,sum_beitrag_ahv,8731499.639435321,CHF,chf,nur_arbeitnehmende,14,2009,Generation Z,5,pop_weighted
2023,ahv_einnahmen,<20,0,19,sum_beitrag_ahv,8693661.73778106,CHF,chf,nur_arbeitnehmende,15,2008,Generation Z,5,pop_weighted
2023,ahv_einnahmen,<20,0,19,sum_beitrag_ahv,8529876.978485908,CHF,chf,nur_arbeitnehmende,16,2007,Generation Z,5,pop_weighted
2023,ahv_einnahmen,<20,0,19,sum_beitrag_ahv,8495661.3339111,CHF,chf,nur_arbeitnehmende,17,2006,Generation Z,5,pop_weighted
2023,ahv_einnahmen,<20,0,19,sum_beitrag_ahv,8535604.06062504,CHF,chf,nur_arbeitnehmende,18,2005,Generation Z,5,pop_weighted
2023,ahv_einnahmen,<20,0,19,sum_beitrag_ahv,8603056.361374807,CHF,chf,nur_arbeitnehmende,19,2004,Generation Z,5,pop_weighted
2023,ahv_einnahmen,20-24,20,24,n_personen,88503.09515732915,Anzahl,count,nur_arbeitnehmende,20,2003,Generation Z,5,pop_weighted
2023,ahv_einnahmen,20-24,20,24,n_personen,90487.49921906373,Anzahl,count,nur_arbeitnehmende,21,2002,Generation Z,5,pop_weighted
2023,ahv_einnahmen,20-24,20,24,n_personen,91929.2649046262,Anzahl,count,nur_arbeitnehmende,22,2001,Generation Z,5,pop_weighted
2023,ahv_einnahmen,20-24,20,24,n_personen,99315.0628028631,Anzahl,count,nur_arbeitnehmende,23,2000,Generation Z,5,pop_weighted
2023,ahv_einnahmen,20-24,20,24,n_personen,100948.0779161178,Anzahl,count,nur_arbeitnehmende,24,1999,Generation Z,5,pop_weighted
2023,ahv_einnahmen,20-24,20,24,sum_einkommen,2758648281.571432,CHF,chf,nur_arbeitnehmende,20,2003,Generation Z,5,pop_weighted
2023,ahv_einnahmen,20-24,20,24,sum_einkommen,2820502308.7680626,CHF,chf,nur_arbeitnehmende,21,2002,Generation Z,5,pop_weighted
2023,ahv_einnahmen,20-24,20,24,sum_einkommen,2865442256.05279,CHF,chf,nur_arbeitnehmende,22,2001,Generation Z,5,pop_weighted
2023,ahv_einnahmen,20-24,20,24,sum_einkommen,3095658144.4777703,CHF,chf,nur_arbeitnehmende,23,2000,Generation Z,5,pop_weighted
2023,ahv_einnahmen,20-24,20,24,sum_einkommen,3146559351.1299453,CHF,chf,nur_arbeitnehmende,24,1999,Generation Z,5,pop_weighted
2023,ahv_einnahmen,20-24,20,24,sum_beitrag_ahv,240002400.49671456,CHF,chf,nur_arbeitnehmende,20,2003,Generation Z,5,pop_weighted
2023,ahv_einnahmen,20-24,20,24,sum_beitrag_ahv,245383700.86282143,CHF,chf,nur_arbeitnehmende,21,2002,Generation Z,5,pop_weighted
2023,ahv_einnahmen,20-24,20,24,sum_beitrag_ahv,249293476.2765927,CHF,chf,nur_arbeitnehmende,22,2001,Generation Z,5,pop_weighted
2023,ahv_einnahmen,20-24,20,24,sum_beitrag_ahv,269322258.569566,CHF,chf,nur_arbeitnehmende,23,2000,Generation Z,5,pop_weighted
2023,ahv_einnahmen,20-24,20,24,sum_beitrag_ahv,273750663.5483052,CHF,chf,nur_arbeitnehmende,24,1999,Generation Z,5,pop_weighted
2023,ahv_einnahmen,25-29,25,29,n_personen,113324.88965072988,Anzahl,count,nur_arbeitnehmende,25,1998,Generation Z,5,pop_weighted
2023,ahv_einnahmen,25-29,25,29,n_personen,117950.58711008723,Anzahl,count,nur_arbeitnehmende,26,1997,Generation Z,5,pop_weighted
2023,ahv_einnahmen,25-29,25,29,n_personen,122841.58923911738,Anzahl,count,nur_arbeitnehmende,27,1996,Millennials,4,pop_weighted
2023,ahv_einnahmen,25-29,25,29,n_personen,124772.78614711053,Anzahl,count,nur_arbeitnehmende,28,1995,Millennials,4,pop_weighted
2023,ahv_einnahmen,25-29,25,29,n_personen,128598.147852955,Anzahl,count,nur_arbeitnehmende,29,1994,Millennials,4,pop_weighted
2023,ahv_einnahmen,25-29,25,29,sum_einkommen,6009364565.799413,CHF,chf,nur_arbeitnehmende,25,1998,Generation Z,5,pop_weighted
2023,ahv_einnahmen,25-29,25,29,sum_einkommen,6254654920.725352,CHF,chf,nur_arbeitnehmende,26,1997,Generation Z,5,pop_weighted
2023,ahv_einnahmen,25-29,25,29,sum_einkommen,6514013786.8670225,CHF,chf,nur_arbeitnehmende,27,1996,Millennials,4,pop_weighted
2023,ahv_einnahmen,25-29,25,29,sum_einkommen,6616420824.758197,CHF,chf,nur_arbeitnehmende,28,1995,Millennials,4,pop_weighted
2023,ahv_einnahmen,25-29,25,29,sum_einkommen,6819271170.850016,CHF,chf,nur_arbeitnehmende,29,1994,Millennials,4,pop_weighted
2023,ahv_einnahmen,25-29,25,29,sum_beitrag_ahv,522814717.2245489,CHF,chf,nur_arbeitnehmende,25,1998,Generation Z,5,pop_weighted
2023,ahv_einnahmen,25-29,25,29,sum_beitrag_ahv,544154978.1031057,CHF,chf,nur_arbeitnehmende,26,1997,Generation Z,5,pop_weighted
2023,ahv_einnahmen,25-29,25,29,sum_beitrag_ahv,566719199.457431,CHF,chf,nur_arbeitnehmende,27,1996,Millennials,4,pop_weighted
2023,ahv_einnahmen,25-29,25,29,sum_beitrag_ahv,575628611.7539631,CHF,chf,nur_arbeitnehmende,28,1995,Millennials,4,pop_weighted
2023,ahv_einnahmen,25-29,25,29,sum_beitrag_ahv,593276591.8639513,CHF,chf,nur_arbeitnehmende,29,1994,Millennials,4,pop_weighted
2023,ahv_einnahmen,30-34,30,34,n_personen,128306.75873981652,Anzahl,count,nur_arbeitnehmende,30,1993,Millennials,4,pop_weighted
2023,ahv_einnahmen,30-34,30,34,n_personen,134199.6116583566,Anzahl,count,nur_arbeitnehmende,31,1992,Millennials,4,pop_weighted
2023,ahv_einnahmen,30-34,30,34,n_personen,136316.91312414562,Anzahl,count,nur_arbeitnehmende,32,1991,Millennials,4,pop_weighted
2023,ahv_einnahmen,30-34,30,34,n_personen,139105.42373709037,Anzahl,count,nur_arbeitnehmende,33,1990,Millennials,4,pop_weighted
2023,ahv_einnahmen,30-34,30,34,n_personen,138373.2927405909,Anzahl,count,nur_arbeitnehmende,34,1989,Millennials,4,pop_weighted
2023,ahv_einnahmen,30-34,30,34,sum_einkommen,8718128674.849936,CHF,chf,nur_arbeitnehmende,30,1993,Millennials,4,pop_weighted
2023,ahv_einnahmen,30-34,30,34,sum_einkommen,9118533536.685593,CHF,chf,nur_arbeitnehmende,31,1992,Millennials,4,pop_weighted
2023,ahv_einnahmen,30-34,30,34,sum_einkommen,9262398963.600698,CHF,chf,nur_arbeitnehmende,32,1991,Millennials,4,pop_weighted
2023,ahv_einnahmen,30-34,30,34,sum_einkommen,9451871401.168346,CHF,chf,nur_arbeitnehmende,33,1990,Millennials,4,pop_weighted
2023,ahv_einnahmen,30-34,30,34,sum_einkommen,9402124900.695429,CHF,chf,nur_arbeitnehmende,34,1989,Millennials,4,pop_weighted
2023,ahv_einnahmen,30-34,30,34,sum_beitrag_ahv,758477194.7119443,CHF,chf,nur_arbeitnehmende,30,1993,Millennials,4,pop_weighted
2023,ahv_einnahmen,30-34,30,34,sum_beitrag_ahv,793312417.6916466,CHF,chf,nur_arbeitnehmende,31,1992,Millennials,4,pop_weighted
2023,ahv_einnahmen,30-34,30,34,sum_beitrag_ahv,805828709.8332608,CHF,chf,nur_arbeitnehmende,32,1991,Millennials,4,pop_weighted
2023,ahv_einnahmen,30-34,30,34,sum_beitrag_ahv,822312811.9016461,CHF,chf,nur_arbeitnehmende,33,1990,Millennials,4,pop_weighted
2023,ahv_einnahmen,30-34,30,34,sum_beitrag_ahv,817984866.3605024,CHF,chf,nur_arbeitnehmende,34,1989,Millennials,4,pop_weighted
2023,ahv_einnahmen,35-39,35,39,n_personen,135580.16745963594,Anzahl,count,nur_arbeitnehmende,35,1988,Millennials,4,pop_weighted
2023,ahv_einnahmen,35-39,35,39,n_personen,132514.47888767687,Anzahl,count,nur_arbeitnehmende,36,1987,Millennials,4,pop_weighted
2023,ahv_einnahmen,35-39,35,39,n_personen,133601.95406580484,Anzahl,count,nur_arbeitnehmende,37,1986,Millennials,4,pop_weighted
2023,ahv_einnahmen,35-39,35,39,n_personen,132891.4289731628,Anzahl,count,nur_arbeitnehmende,38,1985,Millennials,4,pop_weighted
2023,ahv_einnahmen,35-39,35,39,n_personen,132876.97061371955,Anzahl,count,nur_arbeitnehmende,39,1984,Millennials,4,pop_weighted
2023,ahv_einnahmen,35-39,35,39,sum_einkommen,10416505181.700575,CHF,chf,nur_arbeitnehmende,35,1988,Millennials,4,pop_weighted
2023,ahv_einnahmen,35-39,35,39,sum_einkommen,10180971021.405346,CHF,chf,nur_arbeitnehmende,36,1987,Millennials,4,pop_weighted
2023,ahv_einnahmen,35-39,35,39,sum_einkommen,10264520784.178085,CHF,chf,nur_arbeitnehmende,37,1986,Millennials,4,pop_weighted
2023,ahv_einnahmen,35-39,35,39,sum_einkommen,10209931765.3864,CHF,chf,nur_arbeitnehmende,38,1985,Millennials,4,pop_weighted
2023,ahv_einnahmen,35-39,35,39,sum_einkommen,10208820942.329594,CHF,chf,nur_arbeitnehmende,39,1984,Millennials,4,pop_weighted
2023,ahv_einnahmen,35-39,35,39,sum_beitrag_ahv,906235950.80795,CHF,chf,nur_arbeitnehmende,35,1988,Millennials,4,pop_weighted
2023,ahv_einnahmen,35-39,35,39,sum_beitrag_ahv,885744478.8622651,CHF,chf,nur_arbeitnehmende,36,1987,Millennials,4,pop_weighted
2023,ahv_einnahmen,35-39,35,39,sum_beitrag_ahv,893013308.2234935,CHF,chf,nur_arbeitnehmende,37,1986,Millennials,4,pop_weighted
2023,ahv_einnahmen,35-39,35,39,sum_beitrag_ahv,888264063.5886168,CHF,chf,nur_arbeitnehmende,38,1985,Millennials,4,pop_weighted
2023,ahv_einnahmen,35-39,35,39,sum_beitrag_ahv,888167421.9826746,CHF,chf,nur_arbeitnehmende,39,1984,Millennials,4,pop_weighted
2023,ahv_einnahmen,40-44,40,44,n_personen,128287.24681690105,Anzahl,count,nur_arbeitnehmende,40,1983,Millennials,4,pop_weighted
2023,ahv_einnahmen,40-44,40,44,n_personen,130107.90798774536,Anzahl,count,nur_arbeitnehmende,41,1982,Millennials,4,pop_weighted
2023,ahv_einnahmen,40-44,40,44,n_personen,128669.13667734139,Anzahl,count,nur_arbeitnehmende,42,1981,Millennials,4,pop_weighted
2023,ahv_einnahmen,40-44,40,44,n_personen,128425.4737941278,Anzahl,count,nur_arbeitnehmende,43,1980,Generation X,3,pop_weighted
2023,ahv_einnahmen,40-44,40,44,n_personen,124399.2347238844,Anzahl,count,nur_arbeitnehmende,44,1979,Generation X,3,pop_weighted
2023,ahv_einnahmen,40-44,40,44,sum_einkommen,10779809835.95679,CHF,chf,nur_arbeitnehmende,40,1983,Millennials,4,pop_weighted
2023,ahv_einnahmen,40-44,40,44,sum_einkommen,10932797616.77201,CHF,chf,nur_arbeitnehmende,41,1982,Millennials,4,pop_weighted
2023,ahv_einnahmen,40-44,40,44,sum_einkommen,10811899542.26799,CHF,chf,nur_arbeitnehmende,42,1981,Millennials,4,pop_weighted
2023,ahv_einnahmen,40-44,40,44,sum_einkommen,10791424868.360052,CHF,chf,nur_arbeitnehmende,43,1980,Generation X,3,pop_weighted
2023,ahv_einnahmen,40-44,40,44,sum_einkommen,10453105256.643156,CHF,chf,nur_arbeitnehmende,44,1979,Generation X,3,pop_weighted
2023,ahv_einnahmen,40-44,40,44,sum_beitrag_ahv,937843455.7282407,CHF,chf,nur_arbeitnehmende,40,1983,Millennials,4,pop_weighted
2023,ahv_einnahmen,40-44,40,44,sum_beitrag_ahv,951153392.6591648,CHF,chf,nur_arbeitnehmende,41,1982,Millennials,4,pop_weighted
2023,ahv_einnahmen,40-44,40,44,sum_beitrag_ahv,940635260.1773151,CHF,chf,nur_arbeitnehmende,42,1981,Millennials,4,pop_weighted
2023,ahv_einnahmen,40-44,40,44,sum_beitrag_ahv,938853963.5473244,CHF,chf,nur_arbeitnehmende,43,1980,Generation X,3,pop_weighted
2023,ahv_einnahmen,40-44,40,44,sum_beitrag_ahv,909420157.3279545,CHF,chf,nur_arbeitnehmende,44,1979,Generation X,3,pop_weighted
2023,ahv_einnahmen,45-49,45,49,n_personen,120235.15722319853,Anzahl,count,nur_arbeitnehmende,45,1978,Generation X,3,pop_weighted
2023,ahv_einnahmen,45-49,45,49,n_personen,119542.00070694709,Anzahl,count,nur_arbeitnehmende,46,1977,Generation X,3,pop_weighted
2023,ahv_einnahmen,45-49,45,49,n_personen,118161.13779715954,Anzahl,count,nur_arbeitnehmende,47,1976,Generation X,3,pop_weighted
2023,ahv_einnahmen,45-49,45,49,n_personen,117277.72245157247,Anzahl,count,nur_arbeitnehmende,48,1975,Generation X,3,pop_weighted
2023,ahv_einnahmen,45-49,45,49,n_personen,119106.98182112238,Anzahl,count,nur_arbeitnehmende,49,1974,Generation X,3,pop_weighted
2023,ahv_einnahmen,45-49,45,49,sum_einkommen,10871178305.862707,CHF,chf,nur_arbeitnehmende,45,1978,Generation X,3,pop_weighted
2023,ahv_einnahmen,45-49,45,49,sum_einkommen,10808505887.44476,CHF,chf,nur_arbeitnehmende,46,1977,Generation X,3,pop_weighted
2023,ahv_einnahmen,45-49,45,49,sum_einkommen,10683653828.737953,CHF,chf,nur_arbeitnehmende,47,1976,Generation X,3,pop_weighted
2023,ahv_einnahmen,45-49,45,49,sum_einkommen,10603778973.813578,CHF,chf,nur_arbeitnehmende,48,1975,Generation X,3,pop_weighted
2023,ahv_einnahmen,45-49,45,49,sum_einkommen,10769173233.141,CHF,chf,nur_arbeitnehmende,49,1974,Generation X,3,pop_weighted
2023,ahv_einnahmen,45-49,45,49,sum_beitrag_ahv,945792512.6100556,CHF,chf,nur_arbeitnehmende,45,1978,Generation X,3,pop_weighted
2023,ahv_einnahmen,45-49,45,49,sum_beitrag_ahv,940340012.2076942,CHF,chf,nur_arbeitnehmende,46,1977,Generation X,3,pop_weighted
2023,ahv_einnahmen,45-49,45,49,sum_beitrag_ahv,929477883.100202,CHF,chf,nur_arbeitnehmende,47,1976,Generation X,3,pop_weighted
2023,ahv_einnahmen,45-49,45,49,sum_beitrag_ahv,922528770.7217814,CHF,chf,nur_arbeitnehmende,48,1975,Generation X,3,pop_weighted
2023,ahv_einnahmen,45-49,45,49,sum_beitrag_ahv,936918071.2832671,CHF,chf,nur_arbeitnehmende,49,1974,Generation X,3,pop_weighted
2023,ahv_einnahmen,50-54,50,54,n_personen,114449.11177742037,Anzahl,count,nur_arbeitnehmende,50,1973,Generation X,3,pop_weighted
2023,ahv_einnahmen,50-54,50,54,n_personen,117171.72123030783,Anzahl,count,nur_arbeitnehmende,51,1972,Generation X,3,pop_weighted
2023,ahv_einnahmen,50-54,50,54,n_personen,119943.84998768989,Anzahl,count,nur_arbeitnehmende,52,1971,Generation X,3,pop_weighted
2023,ahv_einnahmen,50-54,50,54,n_personen,120751.87171583784,Anzahl,count,nur_arbeitnehmende,53,1970,Generation X,3,pop_weighted
2023,ahv_einnahmen,50-54,50,54,n_personen,123345.44528874407,Anzahl,count,nur_arbeitnehmende,54,1969,Generation X,3,pop_weighted
2023,ahv_einnahmen,50-54,50,54,sum_einkommen,10775901191.660892,CHF,chf,nur_arbeitnehmende,50,1973,Generation X,3,pop_weighted
2023,ahv_einnahmen,50-54,50,54,sum_einkommen,11032247178.031277,CHF,chf,nur_arbeitnehmende,51,1972,Generation X,3,pop_weighted
2023,ahv_einnahmen,50-54,50,54,sum_einkommen,11293255630.750473,CHF,chf,nur_arbeitnehmende,52,1971,Generation X,3,pop_weighted
2023,ahv_einnahmen,50-54,50,54,sum_einkommen,11369334528.769106,CHF,chf,nur_arbeitnehmende,53,1970,Generation X,3,pop_weighted
2023,ahv_einnahmen,50-54,50,54,sum_einkommen,11613531203.78825,CHF,chf,nur_arbeitnehmende,54,1969,Generation X,3,pop_weighted
2023,ahv_einnahmen,50-54,50,54,sum_beitrag_ahv,937503403.6744977,CHF,chf,nur_arbeitnehmende,50,1973,Generation X,3,pop_weighted
2023,ahv_einnahmen,50-54,50,54,sum_beitrag_ahv,959805504.4887211,CHF,chf,nur_arbeitnehmende,51,1972,Generation X,3,pop_weighted
2023,ahv_einnahmen,50-54,50,54,sum_beitrag_ahv,982513239.8752912,CHF,chf,nur_arbeitnehmende,52,1971,Generation X,3,pop_weighted
2023,ahv_einnahmen,50-54,50,54,sum_beitrag_ahv,989132104.0029122,CHF,chf,nur_arbeitnehmende,53,1970,Generation X,3,pop_weighted
2023,ahv_einnahmen,50-54,50,54,sum_beitrag_ahv,1010377214.7295778,CHF,chf,nur_arbeitnehmende,54,1969,Generation X,3,pop_weighted
2023,ahv_einnahmen,55-59,55,59,n_personen,117380.32592433716,Anzahl,count,nur_arbeitnehmende,55,1968,Generation X,3,pop_weighted
2023,ahv_einnahmen,55-59,55,59,n_personen,117718.0563260935,Anzahl,count,nur_arbeitnehmende,56,1967,Generation X,3,pop_weighted
2023,ahv_einnahmen,55-59,55,59,n_personen,119004.11580298028,Anzahl,count,nur_arbeitnehmende,57,1966,Generation X,3,pop_weighted
2023,ahv_einnahmen,55-59,55,59,n_personen,118758.08703348889,Anzahl,count,nur_arbeitnehmende,58,1965,Generation X,3,pop_weighted
2023,ahv_einnahmen,55-59,55,59,n_personen,119447.41491310019,Anzahl,count,nur_arbeitnehmende,59,1964,Babyboomers,2,pop_weighted
2023,ahv_einnahmen,55-59,55,59,sum_einkommen,10878097954.988102,CHF,chf,nur_arbeitnehmende,55,1968,Generation X,3,pop_weighted
2023,ahv_einnahmen,55-59,55,59,sum_einkommen,10909396763.913298,CHF,chf,nur_arbeitnehmende,56,1967,Generation X,3,pop_weighted
2023,ahv_einnahmen,55-59,55,59,sum_einkommen,11028580970.085402,CHF,chf,nur_arbeitnehmende,57,1966,Generation X,3,pop_weighted
2023,ahv_einnahmen,55-59,55,59,sum_einkommen,11005780513.252478,CHF,chf,nur_arbeitnehmende,58,1965,Generation X,3,pop_weighted
2023,ahv_einnahmen,55-59,55,59,sum_einkommen,11069663247.760725,CHF,chf,nur_arbeitnehmende,59,1964,Babyboomers,2,pop_weighted
2023,ahv_einnahmen,55-59,55,59,sum_beitrag_ahv,946394522.0839648,CHF,chf,nur_arbeitnehmende,55,1968,Generation X,3,pop_weighted
2023,ahv_einnahmen,55-59,55,59,sum_beitrag_ahv,949117518.4604567,CHF,chf,nur_arbeitnehmende,56,1967,Generation X,3,pop_weighted
2023,ahv_einnahmen,55-59,55,59,sum_beitrag_ahv,959486544.3974298,CHF,chf,nur_arbeitnehmende,57,1966,Generation X,3,pop_weighted
2023,ahv_einnahmen,55-59,55,59,sum_beitrag_ahv,957502904.6529654,CHF,chf,nur_arbeitnehmende,58,1965,Generation X,3,pop_weighted
2023,ahv_einnahmen,55-59,55,59,sum_beitrag_ahv,963060702.5551829,CHF,chf,nur_arbeitnehmende,59,1964,Babyboomers,2,pop_weighted
2023,ahv_einnahmen,60-64,60,64,n_personen,93806.74048969429,Anzahl,count,nur_arbeitnehmende,60,1963,Babyboomers,2,pop_weighted
2023,ahv_einnahmen,60-64,60,64,n_personen,89353.27880758057,Anzahl,count,nur_arbeitnehmende,61,1962,Babyboomers,2,pop_weighted
2023,ahv_einnahmen,60-64,60,64,n_personen,85295.64780744225,Anzahl,count,nur_arbeitnehmende,62,1961,Babyboomers,2,pop_weighted
2023,ahv_einnahmen,60-64,60,64,n_personen,82100.0480702725,Anzahl,count,nur_arbeitnehmende,63,1960,Babyboomers,2,pop_weighted
2023,ahv_einnahmen,60-64,60,64,n_personen,78663.28482501037,Anzahl,count,nur_arbeitnehmende,64,1959,Babyboomers,2,pop_weighted
2023,ahv_einnahmen,60-64,60,64,sum_einkommen,7609346616.322513,CHF,chf,nur_arbeitnehmende,60,1963,Babyboomers,2,pop_weighted
2023,ahv_einnahmen,60-64,60,64,sum_einkommen,7248093966.408332,CHF,chf,nur_arbeitnehmende,61,1962,Babyboomers,2,pop_weighted
2023,ahv_einnahmen,60-64,60,64,sum_einkommen,6918950020.461505,CHF,chf,nur_arbeitnehmende,62,1961,Babyboomers,2,pop_weighted
2023,ahv_einnahmen,60-64,60,64,sum_einkommen,6659731696.488027,CHF,chf,nur_arbeitnehmende,63,1960,Babyboomers,2,pop_weighted
2023,ahv_einnahmen,60-64,60,64,sum_einkommen,6380950847.319623,CHF,chf,nur_arbeitnehmende,64,1959,Babyboomers,2,pop_weighted
2023,ahv_einnahmen,60-64,60,64,sum_beitrag_ahv,662013155.6200587,CHF,chf,nur_arbeitnehmende,60,1963,Babyboomers,2,pop_weighted
2023,ahv_einnahmen,60-64,60,64,sum_beitrag_ahv,630584175.0775249,CHF,chf,nur_arbeitnehmende,61,1962,Babyboomers,2,pop_weighted
2023,ahv_einnahmen,60-64,60,64,sum_beitrag_ahv,601948651.7801509,CHF,chf,nur_arbeitnehmende,62,1961,Babyboomers,2,pop_weighted
2023,ahv_einnahmen,60-64,60,64,sum_beitrag_ahv,579396657.5944583,CHF,chf,nur_arbeitnehmende,63,1960,Babyboomers,2,pop_weighted
2023,ahv_einnahmen,60-64,60,64,sum_beitrag_ahv,555142723.7168072,CHF,chf,nur_arbeitnehmende,64,1959,Babyboomers,2,pop_weighted
2023,ahv_einnahmen,65-69,65,69,n_personen,18148.504438647848,Anzahl,count,nur_arbeitnehmende,65,1958,Babyboomers,2,pop_weighted
2023,ahv_einnahmen,65-69,65,69,n_personen,17491.42419873242,Anzahl,count,nur_arbeitnehmende,66,1957,Babyboomers,2,pop_weighted
2023,ahv_einnahmen,65-69,65,69,n_personen,16837.469085654484,Anzahl,count,nur_arbeitnehmende,67,1956,Babyboomers,2,pop_weighted
2023,ahv_einnahmen,65-69,65,69,n_personen,16057.258848342213,Anzahl,count,nur_arbeitnehmende,68,1955,Babyboomers,2,pop_weighted
2023,ahv_einnahmen,65-69,65,69,n_personen,15501.343428623037,Anzahl,count,nur_arbeitnehmende,69,1954,Babyboomers,2,pop_weighted
2023,ahv_einnahmen,65-69,65,69,sum_einkommen,985060706.1611407,CHF,chf,nur_arbeitnehmende,65,1958,Babyboomers,2,pop_weighted
2023,ahv_einnahmen,65-69,65,69,sum_einkommen,949395843.123873,CHF,chf,nur_arbeitnehmende,66,1957,Babyboomers,2,pop_weighted
2023,ahv_einnahmen,65-69,65,69,sum_einkommen,913900605.0636817,CHF,chf,nur_arbeitnehmende,67,1956,Babyboomers,2,pop_weighted
2023,ahv_einnahmen,65-69,65,69,sum_einkommen,871552517.9296085,CHF,chf,nur_arbeitnehmende,68,1955,Babyboomers,2,pop_weighted
2023,ahv_einnahmen,65-69,65,69,sum_einkommen,841378657.721696,CHF,chf,nur_arbeitnehmende,69,1954,Babyboomers,2,pop_weighted
2023,ahv_einnahmen,65-69,65,69,sum_beitrag_ahv,85700281.43601924,CHF,chf,nur_arbeitnehmende,65,1958,Babyboomers,2,pop_weighted
2023,ahv_einnahmen,65-69,65,69,sum_beitrag_ahv,82597438.35177694,CHF,chf,nur_arbeitnehmende,66,1957,Babyboomers,2,pop_weighted
2023,ahv_einnahmen,65-69,65,69,sum_beitrag_ahv,79509352.6405403,CHF,chf,nur_arbeitnehmende,67,1956,Babyboomers,2,pop_weighted
2023,ahv_einnahmen,65-69,65,69,sum_beitrag_ahv,75825069.05987594,CHF,chf,nur_arbeitnehmende,68,1955,Babyboomers,2,pop_weighted
2023,ahv_einnahmen,65-69,65,69,sum_beitrag_ahv,73199943.22178756,CHF,chf,nur_arbeitnehmende,69,1954,Babyboomers,2,pop_weighted
2023,ahv_einnahmen,70-74,70,74,n_personen,3887.1715058871514,Anzahl,count,nur_arbeitnehmende,70,1953,Babyboomers,2,pop_weighted
2023,ahv_einnahmen,70-74,70,74,n_personen,3834.3097009913895,Anzahl,count,nur_arbeitnehmende,71,1952,Babyboomers,2,pop_weighted
2023,ahv_einnahmen,70-74,70,74,n_personen,3667.570195641468,Anzahl,count,nur_arbeitnehmende,72,1951,Babyboomers,2,pop_weighted
2023,ahv_einnahmen,70-74,70,74,n_personen,3722.5520641095154,Anzahl,count,nur_arbeitnehmende,73,1950,Babyboomers,2,pop_weighted
2023,ahv_einnahmen,70-74,70,74,n_personen,3622.396533370475,Anzahl,count,nur_arbeitnehmende,74,1949,Babyboomers,2,pop_weighted
2023,ahv_einnahmen,70-74,70,74,sum_einkommen,172201214.25240386,CHF,chf,nur_arbeitnehmende,70,1953,Babyboomers,2,pop_weighted
2023,ahv_einnahmen,70-74,70,74,sum_einkommen,169859442.87009218,CHF,chf,nur_arbeitnehmende,71,1952,Babyboomers,2,pop_weighted
2023,ahv_einnahmen,70-74,70,74,sum_einkommen,162472903.52094948,CHF,chf,nur_arbeitnehmende,72,1951,Babyboomers,2,pop_weighted
2023,ahv_einnahmen,70-74,70,74,sum_einkommen,164908593.45583516,CHF,chf,nur_arbeitnehmende,73,1950,Babyboomers,2,pop_weighted
2023,ahv_einnahmen,70-74,70,74,sum_einkommen,160471715.90071929,CHF,chf,nur_arbeitnehmende,74,1949,Babyboomers,2,pop_weighted
2023,ahv_einnahmen,70-74,70,74,sum_beitrag_ahv,14981505.639959134,CHF,chf,nur_arbeitnehmende,70,1953,Babyboomers,2,pop_weighted
2023,ahv_einnahmen,70-74,70,74,sum_beitrag_ahv,14777771.52969802,CHF,chf,nur_arbeitnehmende,71,1952,Babyboomers,2,pop_weighted
2023,ahv_einnahmen,70-74,70,74,sum_beitrag_ahv,14135142.606322605,CHF,chf,nur_arbeitnehmende,72,1951,Babyboomers,2,pop_weighted
2023,ahv_einnahmen,70-74,70,74,sum_beitrag_ahv,14347047.630657658,CHF,chf,nur_arbeitnehmende,73,1950,Babyboomers,2,pop_weighted
2023,ahv_einnahmen,70-74,70,74,sum_beitrag_ahv,13961039.283362579,CHF,chf,nur_arbeitnehmende,74,1949,Babyboomers,2,pop_weighted
2023,ahv_einnahmen,75+,75,100,n_personen,910.4371335167997,Anzahl,count,nur_arbeitnehmende,75,1948,Babyboomers,2,pop_weighted
2023,ahv_einnahmen,75+,75,100,n_personen,885.2365491672062,Anzahl,count,nur_arbeitnehmende,76,1947,Babyboomers,2,pop_weighted
2023,ahv_einnahmen,75+,75,100,n_personen,866.8554988218577,Anzahl,count,nur_arbeitnehmende,77,1946,Babyboomers,2,pop_weighted
2023,ahv_einnahmen,75+,75,100,n_personen,814.6995619064322,Anzahl,count,nur_arbeitnehmende,78,1945,Silent Generation,1,pop_weighted
2023,ahv_einnahmen,75+,75,100,n_personen,783.3954359351392,Anzahl,count,nur_arbeitnehmende,79,1944,Silent Generation,1,pop_weighted
2023,ahv_einnahmen,75+,75,100,n_personen,738.3055222048349,Anzahl,count,nur_arbeitnehmende,80,1943,Silent Generation,1,pop_weighted
2023,ahv_einnahmen,75+,75,100,n_personen,682.1646768652421,Anzahl,count,nur_arbeitnehmende,81,1942,Silent Generation,1,pop_weighted
2023,ahv_einnahmen,75+,75,100,n_personen,617.9072949267933,Anzahl,count,nur_arbeitnehmende,82,1941,Silent Generation,1,pop_weighted
2023,ahv_einnahmen,75+,75,100,n_personen,543.4851686722067,Anzahl,count,nur_arbeitnehmende,83,1940,Silent Generation,1,pop_weighted
2023,ahv_einnahmen,75+,75,100,n_personen,506.67024887132163,Anzahl,count,nur_arbeitnehmende,84,1939,Silent Generation,1,pop_weighted
2023,ahv_einnahmen,75+,75,100,n_personen,463.08274538635874,Anzahl,count,nur_arbeitnehmende,85,1938,Silent Generation,1,pop_weighted
2023,ahv_einnahmen,75+,75,100,n_personen,417.1712010531333,Anzahl,count,nur_arbeitnehmende,86,1937,Silent Generation,1,pop_weighted
2023,ahv_einnahmen,75+,75,100,n_personen,380.7142774435211,Anzahl,count,nur_arbeitnehmende,87,1936,Silent Generation,1,pop_weighted
2023,ahv_einnahmen,75+,75,100,n_personen,343.2303155802575,Anzahl,count,nur_arbeitnehmende,88,1935,Silent Generation,1,pop_weighted
2023,ahv_einnahmen,75+,75,100,n_personen,300.91047073980144,Anzahl,count,nur_arbeitnehmende,89,1934,Silent Generation,1,pop_weighted
2023,ahv_einnahmen,75+,75,100,n_personen,255.97901434006042,Anzahl,count,nur_arbeitnehmende,90,1933,Silent Generation,1,pop_weighted
2023,ahv_einnahmen,75+,75,100,n_personen,219.28147033959277,Anzahl,count,nur_arbeitnehmende,91,1932,Silent Generation,1,pop_weighted
2023,ahv_einnahmen,75+,75,100,n_personen,178.46990453449888,Anzahl,count,nur_arbeitnehmende,92,1931,Silent Generation,1,pop_weighted
2023,ahv_einnahmen,75+,75,100,n_personen,146.3969670704727,Anzahl,count,nur_arbeitnehmende,93,1930,Silent Generation,1,pop_weighted
2023,ahv_einnahmen,75+,75,100,n_personen,111.39550338603496,Anzahl,count,nur_arbeitnehmende,94,1929,Silent Generation,1,pop_weighted
2023,ahv_einnahmen,75+,75,100,n_personen,85.05050498237283,Anzahl,count,nur_arbeitnehmende,95,1928,Silent Generation,1,pop_weighted
2023,ahv_einnahmen,75+,75,100,n_personen,62.02724173052019,Anzahl,count,nur_arbeitnehmende,96,1927,Silent Generation,1,pop_weighted
2023,ahv_einnahmen,75+,75,100,n_personen,44.168513697028565,Anzahl,count,nur_arbeitnehmende,97,1926,Silent Generation,1,pop_weighted
2023,ahv_einnahmen,75+,75,100,n_personen,30.92852340995755,Anzahl,count,nur_arbeitnehmende,98,1925,Silent Generation,1,pop_weighted
2023,ahv_einnahmen,75+,75,100,n_personen,53.03625541855529,Anzahl,count,nur_arbeitnehmende,99,1924,Silent Generation,1,pop_weighted
2023,ahv_einnahmen,75+,75,100,n_personen,0.0,Anzahl,count,nur_arbeitnehmende,100,1923,Silent Generation,1,pop_weighted
2023,ahv_einnahmen,75+,75,100,sum_einkommen,43610594.33924428,CHF,chf,nur_arbeitnehmende,75,1948,Babyboomers,2,pop_weighted
2023,ahv_einnahmen,75+,75,100,sum_einkommen,42403468.20090587,CHF,chf,nur_arbeitnehmende,76,1947,Babyboomers,2,pop_weighted
2023,ahv_einnahmen,75+,75,100,sum_einkommen,41523002.65240193,CHF,chf,nur_arbeitnehmende,77,1946,Babyboomers,2,pop_weighted
2023,ahv_einnahmen,75+,75,100,sum_einkommen,39024695.71448542,CHF,chf,nur_arbeitnehmende,78,1945,Silent Generation,1,pop_weighted
2023,ahv_einnahmen,75+,75,100,sum_einkommen,37525205.53705246,CHF,chf,nur_arbeitnehmende,79,1944,Silent Generation,1,pop_weighted
2023,ahv_einnahmen,75+,75,100,sum_einkommen,35365366.19824156,CHF,chf,nur_arbeitnehmende,80,1943,Silent Generation,1,pop_weighted
2023,ahv_einnahmen,75+,75,100,sum_einkommen,32676179.277108517,CHF,chf,nur_arbeitnehmende,81,1942,Silent Generation,1,pop_weighted
2023,ahv_einnahmen,75+,75,100,sum_einkommen,29598204.407833412,CHF,chf,nur_arbeitnehmende,82,1941,Silent Generation,1,pop_weighted
2023,ahv_einnahmen,75+,75,100,sum_einkommen,26033330.965758555,CHF,chf,nur_arbeitnehmende,83,1940,Silent Generation,1,pop_weighted
2023,ahv_einnahmen,75+,75,100,sum_einkommen,24269869.79533543,CHF,chf,nur_arbeitnehmende,84,1939,Silent Generation,1,pop_weighted
2023,ahv_einnahmen,75+,75,100,sum_einkommen,22181996.98922472,CHF,chf,nur_arbeitnehmende,85,1938,Silent Generation,1,pop_weighted
2023,ahv_einnahmen,75+,75,100,sum_einkommen,19982800.95284339,CHF,chf,nur_arbeitnehmende,86,1937,Silent Generation,1,pop_weighted
2023,ahv_einnahmen,75+,75,100,sum_einkommen,18236488.057790242,CHF,chf,nur_arbeitnehmende,87,1936,Silent Generation,1,pop_weighted
2023,ahv_einnahmen,75+,75,100,sum_einkommen,16440979.290774064,CHF,chf,nur_arbeitnehmende,88,1935,Silent Generation,1,pop_weighted
2023,ahv_einnahmen,75+,75,100,sum_einkommen,14413828.246629141,CHF,chf,nur_arbeitnehmende,89,1934,Silent Generation,1,pop_weighted
2023,ahv_einnahmen,75+,75,100,sum_einkommen,12261579.128063956,CHF,chf,nur_arbeitnehmende,90,1933,Silent Generation,1,pop_weighted
2023,ahv_einnahmen,75+,75,100,sum_einkommen,10503740.34300804,CHF,chf,nur_arbeitnehmende,91,1932,Silent Generation,1,pop_weighted
2023,ahv_einnahmen,75+,75,100,sum_einkommen,8548836.950831668,CHF,chf,nur_arbeitnehmende,92,1931,Silent Generation,1,pop_weighted
2023,ahv_einnahmen,75+,75,100,sum_einkommen,7012520.149243538,CHF,chf,nur_arbeitnehmende,93,1930,Silent Generation,1,pop_weighted
2023,ahv_einnahmen,75+,75,100,sum_einkommen,5335924.8327437,CHF,chf,nur_arbeitnehmende,94,1929,Silent Generation,1,pop_weighted
2023,ahv_einnahmen,75+,75,100,sum_einkommen,4073980.4370750594,CHF,chf,nur_arbeitnehmende,95,1928,Silent Generation,1,pop_weighted
2023,ahv_einnahmen,75+,75,100,sum_einkommen,2971149.5472982544,CHF,chf,nur_arbeitnehmende,96,1927,Silent Generation,1,pop_weighted
2023,ahv_einnahmen,75+,75,100,sum_einkommen,2115703.6136783673,CHF,chf,nur_arbeitnehmende,97,1926,Silent Generation,1,pop_weighted
2023,ahv_einnahmen,75+,75,100,sum_einkommen,1481498.544257905,CHF,chf,nur_arbeitnehmende,98,1925,Silent Generation,1,pop_weighted
2023,ahv_einnahmen,75+,75,100,sum_einkommen,2540474.8281705296,CHF,chf,nur_arbeitnehmende,99,1924,Silent Generation,1,pop_weighted
2023,ahv_einnahmen,75+,75,100,sum_einkommen,0.0,CHF,chf,nur_arbeitnehmende,100,1923,Silent Generation,1,pop_weighted
2023,ahv_einnahmen,75+,75,100,sum_beitrag_ahv,3794121.7075142525,CHF,chf,nur_arbeitnehmende,75,1948,Babyboomers,2,pop_weighted
2023,ahv_einnahmen,75+,75,100,sum_beitrag_ahv,3689101.73347881,CHF,chf,nur_arbeitnehmende,76,1947,Babyboomers,2,pop_weighted
2023,ahv_einnahmen,75+,75,100,sum_beitrag_ahv,3612501.230758968,CHF,chf,nur_arbeitnehmende,77,1946,Babyboomers,2,pop_weighted
2023,ahv_einnahmen,75+,75,100,sum_beitrag_ahv,3395148.5271602315,CHF,chf,nur_arbeitnehmende,78,1945,Silent Generation,1,pop_weighted
2023,ahv_einnahmen,75+,75,100,sum_beitrag_ahv,3264692.8817235646,CHF,chf,nur_arbeitnehmende,79,1944,Silent Generation,1,pop_weighted
2023,ahv_einnahmen,75+,75,100,sum_beitrag_ahv,3076786.859247016,CHF,chf,nur_arbeitnehmende,80,1943,Silent Generation,1,pop_weighted
2023,ahv_einnahmen,75+,75,100,sum_beitrag_ahv,2842827.597108441,CHF,chf,nur_arbeitnehmende,81,1942,Silent Generation,1,pop_weighted
2023,ahv_einnahmen,75+,75,100,sum_beitrag_ahv,2575043.7834815066,CHF,chf,nur_arbeitnehmende,82,1941,Silent Generation,1,pop_weighted
2023,ahv_einnahmen,75+,75,100,sum_beitrag_ahv,2264899.794020994,CHF,chf,nur_arbeitnehmende,83,1940,Silent Generation,1,pop_weighted
2023,ahv_einnahmen,75+,75,100,sum_beitrag_ahv,2111478.672194183,CHF,chf,nur_arbeitnehmende,84,1939,Silent Generation,1,pop_weighted
2023,ahv_einnahmen,75+,75,100,sum_beitrag_ahv,1929833.7380625505,CHF,chf,nur_arbeitnehmende,85,1938,Silent Generation,1,pop_weighted
2023,ahv_einnahmen,75+,75,100,sum_beitrag_ahv,1738503.6828973752,CHF,chf,nur_arbeitnehmende,86,1937,Silent Generation,1,pop_weighted
2023,ahv_einnahmen,75+,75,100,sum_beitrag_ahv,1586574.461027751,CHF,chf,nur_arbeitnehmende,87,1936,Silent Generation,1,pop_weighted
2023,ahv_einnahmen,75+,75,100,sum_beitrag_ahv,1430365.1982973437,CHF,chf,nur_arbeitnehmende,88,1935,Silent Generation,1,pop_weighted
2023,ahv_einnahmen,75+,75,100,sum_beitrag_ahv,1254003.0574567353,CHF,chf,nur_arbeitnehmende,89,1934,Silent Generation,1,pop_weighted
2023,ahv_einnahmen,75+,75,100,sum_beitrag_ahv,1066757.3841415644,CHF,chf,nur_arbeitnehmende,90,1933,Silent Generation,1,pop_weighted
2023,ahv_einnahmen,75+,75,100,sum_beitrag_ahv,913825.4098416995,CHF,chf,nur_arbeitnehmende,91,1932,Silent Generation,1,pop_weighted
2023,ahv_einnahmen,75+,75,100,sum_beitrag_ahv,743748.8147223552,CHF,chf,nur_arbeitnehmende,92,1931,Silent Generation,1,pop_weighted
2023,ahv_einnahmen,75+,75,100,sum_beitrag_ahv,610089.2529841878,CHF,chf,nur_arbeitnehmende,93,1930,Silent Generation,1,pop_weighted
2023,ahv_einnahmen,75+,75,100,sum_beitrag_ahv,464225.4604487019,CHF,chf,nur_arbeitnehmende,94,1929,Silent Generation,1,pop_weighted
2023,ahv_einnahmen,75+,75,100,sum_beitrag_ahv,354436.2980255302,CHF,chf,nur_arbeitnehmende,95,1928,Silent Generation,1,pop_weighted
2023,ahv_einnahmen,75+,75,100,sum_beitrag_ahv,258490.01061494814,CHF,chf,nur_arbeitnehmende,96,1927,Silent Generation,1,pop_weighted
2023,ahv_einnahmen,75+,75,100,sum_beitrag_ahv,184066.21439001797,CHF,chf,nur_arbeitnehmende,97,1926,Silent Generation,1,pop_weighted
2023,ahv_einnahmen,75+,75,100,sum_beitrag_ahv,128890.37335043776,CHF,chf,nur_arbeitnehmende,98,1925,Silent Generation,1,pop_weighted
2023,ahv_einnahmen,75+,75,100,sum_beitrag_ahv,221021.31005083607,CHF,chf,nur_arbeitnehmende,99,1924,Silent Generation,1,pop_weighted
2023,ahv_einnahmen,75+,75,100,sum_beitrag_ahv,0.0,CHF,chf,nur_arbeitnehmende,100,1923,Silent Generation,1,pop_weighted
2024,ahv_einnahmen,<20,0,19,n_personen,3093.647343763043,Anzahl,count,nur_arbeitnehmende,0,2024,Generation Alpha,6,pop_weighted
2024,ahv_einnahmen,<20,0,19,n_personen,6437.801975782429,Anzahl,count,nur_arbeitnehmende,1,2023,Generation Alpha,6,pop_weighted
2024,ahv_einnahmen,<20,0,19,n_personen,6777.28925806957,Anzahl,count,nur_arbeitnehmende,2,2022,Generation Alpha,6,pop_weighted
2024,ahv_einnahmen,<20,0,19,n_personen,7450.542810715744,Anzahl,count,nur_arbeitnehmende,3,2021,Generation Alpha,6,pop_weighted
2024,ahv_einnahmen,<20,0,19,n_personen,7185.509832599381,Anzahl,count,nur_arbeitnehmende,4,2020,Generation Alpha,6,pop_weighted
2024,ahv_einnahmen,<20,0,19,n_personen,7261.465395219379,Anzahl,count,nur_arbeitnehmende,5,2019,Generation Alpha,6,pop_weighted
2024,ahv_einnahmen,<20,0,19,n_personen,7437.396655646899,Anzahl,count,nur_arbeitnehmende,6,2018,Generation Alpha,6,pop_weighted
2024,ahv_einnahmen,<20,0,19,n_personen,7444.618926024227,Anzahl,count,nur_arbeitnehmende,7,2017,Generation Alpha,6,pop_weighted
2024,ahv_einnahmen,<20,0,19,n_personen,7575.390709317098,Anzahl,count,nur_arbeitnehmende,8,2016,Generation Alpha,6,pop_weighted
2024,ahv_einnahmen,<20,0,19,n_personen,7532.746854448713,Anzahl,count,nur_arbeitnehmende,9,2015,Generation Alpha,6,pop_weighted
2024,ahv_einnahmen,<20,0,19,n_personen,7521.264256039813,Anzahl,count,nur_arbeitnehmende,10,2014,Generation Alpha,6,pop_weighted
2024,ahv_einnahmen,<20,0,19,n_personen,7370.083472748085,Anzahl,count,nur_arbeitnehmende,11,2013,Generation Alpha,6,pop_weighted
2024,ahv_einnahmen,<20,0,19,n_personen,7443.807434970595,Anzahl,count,nur_arbeitnehmende,12,2012,Generation Z,5,pop_weighted
2024,ahv_einnahmen,<20,0,19,n_personen,7358.398001575778,Anzahl,count,nur_arbeitnehmende,13,2011,Generation Z,5,pop_weighted
2024,ahv_einnahmen,<20,0,19,n_personen,7455.69577890631,Anzahl,count,nur_arbeitnehmende,14,2010,Generation Z,5,pop_weighted
2024,ahv_einnahmen,<20,0,19,n_personen,7364.037864398523,Anzahl,count,nur_arbeitnehmende,15,2009,Generation Z,5,pop_weighted
2024,ahv_einnahmen,<20,0,19,n_personen,7344.115759031846,Anzahl,count,nur_arbeitnehmende,16,2008,Generation Z,5,pop_weighted
2024,ahv_einnahmen,<20,0,19,n_personen,7239.920307745438,Anzahl,count,nur_arbeitnehmende,17,2007,Generation Z,5,pop_weighted
2024,ahv_einnahmen,<20,0,19,n_personen,7300.863285873236,Anzahl,count,nur_arbeitnehmende,18,2006,Generation Z,5,pop_weighted
2024,ahv_einnahmen,<20,0,19,n_personen,7333.404077123897,Anzahl,count,nur_arbeitnehmende,19,2005,Generation Z,5,pop_weighted
2024,ahv_einnahmen,<20,0,19,sum_einkommen,43129105.003146976,CHF,chf,nur_arbeitnehmende,0,2024,Generation Alpha,6,pop_weighted
2024,ahv_einnahmen,<20,0,19,sum_einkommen,89750578.05562676,CHF,chf,nur_arbeitnehmende,1,2023,Generation Alpha,6,pop_weighted
2024,ahv_einnahmen,<20,0,19,sum_einkommen,94483432.52092765,CHF,chf,nur_arbeitnehmende,2,2022,Generation Alpha,6,pop_weighted
2024,ahv_einnahmen,<20,0,19,sum_einkommen,103869383.77498974,CHF,chf,nur_arbeitnehmende,3,2021,Generation Alpha,6,pop_weighted
2024,ahv_einnahmen,<20,0,19,sum_einkommen,100174510.41926542,CHF,chf,nur_arbeitnehmende,4,2020,Generation Alpha,6,pop_weighted
2024,ahv_einnahmen,<20,0,19,sum_einkommen,101233420.84821764,CHF,chf,nur_arbeitnehmende,5,2019,Generation Alpha,6,pop_weighted
2024,ahv_einnahmen,<20,0,19,sum_einkommen,103686110.81613263,CHF,chf,nur_arbeitnehmende,6,2018,Generation Alpha,6,pop_weighted
2024,ahv_einnahmen,<20,0,19,sum_einkommen,103786797.81204796,CHF,chf,nur_arbeitnehmende,7,2017,Generation Alpha,6,pop_weighted
2024,ahv_einnahmen,<20,0,19,sum_einkommen,105609911.22685191,CHF,chf,nur_arbeitnehmende,8,2016,Generation Alpha,6,pop_weighted
2024,ahv_einnahmen,<20,0,19,sum_einkommen,105015405.42512713,CHF,chf,nur_arbeitnehmende,9,2015,Generation Alpha,6,pop_weighted
2024,ahv_einnahmen,<20,0,19,sum_einkommen,104855324.41476737,CHF,chf,nur_arbeitnehmende,10,2014,Generation Alpha,6,pop_weighted
2024,ahv_einnahmen,<20,0,19,sum_einkommen,102747685.38791054,CHF,chf,nur_arbeitnehmende,11,2013,Generation Alpha,6,pop_weighted
2024,ahv_einnahmen,<20,0,19,sum_einkommen,103775484.66643949,CHF,chf,nur_arbeitnehmende,12,2012,Generation Z,5,pop_weighted
2024,ahv_einnahmen,<20,0,19,sum_einkommen,102584776.09114866,CHF,chf,nur_arbeitnehmende,13,2011,Generation Z,5,pop_weighted
2024,ahv_einnahmen,<20,0,19,sum_einkommen,103941222.24960348,CHF,chf,nur_arbeitnehmende,14,2010,Generation Z,5,pop_weighted
2024,ahv_einnahmen,<20,0,19,sum_einkommen,102663402.45312749,CHF,chf,nur_arbeitnehmende,15,2009,Generation Z,5,pop_weighted
2024,ahv_einnahmen,<20,0,19,sum_einkommen,102385664.72843969,CHF,chf,nur_arbeitnehmende,16,2008,Generation Z,5,pop_weighted
2024,ahv_einnahmen,<20,0,19,sum_einkommen,100933056.83231293,CHF,chf,nur_arbeitnehmende,17,2007,Generation Z,5,pop_weighted
2024,ahv_einnahmen,<20,0,19,sum_einkommen,101782674.06750856,CHF,chf,nur_arbeitnehmende,18,2006,Generation Z,5,pop_weighted
2024,ahv_einnahmen,<20,0,19,sum_einkommen,102236331.20640796,CHF,chf,nur_arbeitnehmende,19,2005,Generation Z,5,pop_weighted
2024,ahv_einnahmen,<20,0,19,sum_beitrag_ahv,3752232.1352737867,CHF,chf,nur_arbeitnehmende,0,2024,Generation Alpha,6,pop_weighted
2024,ahv_einnahmen,<20,0,19,sum_beitrag_ahv,7808300.290839529,CHF,chf,nur_arbeitnehmende,1,2023,Generation Alpha,6,pop_weighted
2024,ahv_einnahmen,<20,0,19,sum_beitrag_ahv,8220058.629320705,CHF,chf,nur_arbeitnehmende,2,2022,Generation Alpha,6,pop_weighted
2024,ahv_einnahmen,<20,0,19,sum_beitrag_ahv,9036636.388424106,CHF,chf,nur_arbeitnehmende,3,2021,Generation Alpha,6,pop_weighted
2024,ahv_einnahmen,<20,0,19,sum_beitrag_ahv,8715182.406476092,CHF,chf,nur_arbeitnehmende,4,2020,Generation Alpha,6,pop_weighted
2024,ahv_einnahmen,<20,0,19,sum_beitrag_ahv,8807307.613794934,CHF,chf,nur_arbeitnehmende,5,2019,Generation Alpha,6,pop_weighted
2024,ahv_einnahmen,<20,0,19,sum_beitrag_ahv,9020691.641003538,CHF,chf,nur_arbeitnehmende,6,2018,Generation Alpha,6,pop_weighted
2024,ahv_einnahmen,<20,0,19,sum_beitrag_ahv,9029451.40964817,CHF,chf,nur_arbeitnehmende,7,2017,Generation Alpha,6,pop_weighted
2024,ahv_einnahmen,<20,0,19,sum_beitrag_ahv,9188062.276736116,CHF,chf,nur_arbeitnehmende,8,2016,Generation Alpha,6,pop_weighted
2024,ahv_einnahmen,<20,0,19,sum_beitrag_ahv,9136340.27198606,CHF,chf,nur_arbeitnehmende,9,2015,Generation Alpha,6,pop_weighted
2024,ahv_einnahmen,<20,0,19,sum_beitrag_ahv,9122413.224084761,CHF,chf,nur_arbeitnehmende,10,2014,Generation Alpha,6,pop_weighted
2024,ahv_einnahmen,<20,0,19,sum_beitrag_ahv,8939048.628748216,CHF,chf,nur_arbeitnehmende,11,2013,Generation Alpha,6,pop_weighted
2024,ahv_einnahmen,<20,0,19,sum_beitrag_ahv,9028467.165980235,CHF,chf,nur_arbeitnehmende,12,2012,Generation Z,5,pop_weighted
2024,ahv_einnahmen,<20,0,19,sum_beitrag_ahv,8924875.519929932,CHF,chf,nur_arbeitnehmende,13,2011,Generation Z,5,pop_weighted
2024,ahv_einnahmen,<20,0,19,sum_beitrag_ahv,9042886.335715503,CHF,chf,nur_arbeitnehmende,14,2010,Generation Z,5,pop_weighted
2024,ahv_einnahmen,<20,0,19,sum_beitrag_ahv,8931716.01342209,CHF,chf,nur_arbeitnehmende,15,2009,Generation Z,5,pop_weighted
2024,ahv_einnahmen,<20,0,19,sum_beitrag_ahv,8907552.831374252,CHF,chf,nur_arbeitnehmende,16,2008,Generation Z,5,pop_weighted
2024,ahv_einnahmen,<20,0,19,sum_beitrag_ahv,8781175.944411224,CHF,chf,nur_arbeitnehmende,17,2007,Generation Z,5,pop_weighted
2024,ahv_einnahmen,<20,0,19,sum_beitrag_ahv,8855092.643873245,CHF,chf,nur_arbeitnehmende,18,2006,Generation Z,5,pop_weighted
2024,ahv_einnahmen,<20,0,19,sum_beitrag_ahv,8894560.814957492,CHF,chf,nur_arbeitnehmende,19,2005,Generation Z,5,pop_weighted
2024,ahv_einnahmen,20-24,20,24,n_personen,90706.61328625825,Anzahl,count,nur_arbeitnehmende,20,2004,Generation Z,5,pop_weighted
2024,ahv_einnahmen,20-24,20,24,n_personen,89382.89519563438,Anzahl,count,nur_arbeitnehmende,21,2003,Generation Z,5,pop_weighted
2024,ahv_einnahmen,20-24,20,24,n_personen,92005.69704857196,Anzahl,count,nur_arbeitnehmende,22,2002,Generation Z,5,pop_weighted
2024,ahv_einnahmen,20-24,20,24,n_personen,94101.62592050924,Anzahl,count,nur_arbeitnehmende,23,2001,Generation Z,5,pop_weighted
2024,ahv_einnahmen,20-24,20,24,n_personen,101995.16854902619,Anzahl,count,nur_arbeitnehmende,24,2000,Generation Z,5,pop_weighted
2024,ahv_einnahmen,20-24,20,24,sum_einkommen,2875010873.775221,CHF,chf,nur_arbeitnehmende,20,2004,Generation Z,5,pop_weighted
2024,ahv_einnahmen,20-24,20,24,sum_einkommen,2833054683.741466,CHF,chf,nur_arbeitnehmende,21,2003,Generation Z,5,pop_weighted
2024,ahv_einnahmen,20-24,20,24,sum_einkommen,2916186261.1839643,CHF,chf,nur_arbeitnehmende,22,2002,Generation Z,5,pop_weighted
2024,ahv_einnahmen,20-24,20,24,sum_einkommen,2982618223.2996964,CHF,chf,nur_arbeitnehmende,23,2001,Generation Z,5,pop_weighted
2024,ahv_einnahmen,20-24,20,24,sum_einkommen,3232809692.9996524,CHF,chf,nur_arbeitnehmende,24,2000,Generation Z,5,pop_weighted
2024,ahv_einnahmen,20-24,20,24,sum_beitrag_ahv,250125946.01844418,CHF,chf,nur_arbeitnehmende,20,2004,Generation Z,5,pop_weighted
2024,ahv_einnahmen,20-24,20,24,sum_beitrag_ahv,246475757.48550755,CHF,chf,nur_arbeitnehmende,21,2003,Generation Z,5,pop_weighted
2024,ahv_einnahmen,20-24,20,24,sum_beitrag_ahv,253708204.72300488,CHF,chf,nur_arbeitnehmende,22,2002,Generation Z,5,pop_weighted
2024,ahv_einnahmen,20-24,20,24,sum_beitrag_ahv,259487785.4270736,CHF,chf,nur_arbeitnehmende,23,2001,Generation Z,5,pop_weighted
2024,ahv_einnahmen,20-24,20,24,sum_beitrag_ahv,281254443.2909697,CHF,chf,nur_arbeitnehmende,24,2000,Generation Z,5,pop_weighted
2024,ahv_einnahmen,25-29,25,29,n_personen,113201.24399671773,Anzahl,count,nur_arbeitnehmende,25,1999,Generation Z,5,pop_weighted
2024,ahv_einnahmen,25-29,25,29,n_personen,117617.38089619766,Anzahl,count,nur_arbeitnehmende,26,1998,Generation Z,5,pop_weighted
2024,ahv_einnahmen,25-29,25,29,n_personen,122301.86231154691,Anzahl,count,nur_arbeitnehmende,27,1997,Generation Z,5,pop_weighted
2024,ahv_einnahmen,25-29,25,29,n_personen,127247.53972082627,Anzahl,count,nur_arbeitnehmende,28,1996,Millennials,4,pop_weighted
2024,ahv_einnahmen,25-29,25,29,n_personen,128778.97307471142,Anzahl,count,nur_arbeitnehmende,29,1995,Millennials,4,pop_weighted
2024,ahv_einnahmen,25-29,25,29,sum_einkommen,6105185593.520559,CHF,chf,nur_arbeitnehmende,25,1999,Generation Z,5,pop_weighted
2024,ahv_einnahmen,25-29,25,29,sum_einkommen,6343357316.955871,CHF,chf,nur_arbeitnehmende,26,1998,Generation Z,5,pop_weighted
2024,ahv_einnahmen,25-29,25,29,sum_einkommen,6596001434.99166,CHF,chf,nur_arbeitnehmende,27,1997,Generation Z,5,pop_weighted
2024,ahv_einnahmen,25-29,25,29,sum_einkommen,6862732412.525864,CHF,chf,nur_arbeitnehmende,28,1996,Millennials,4,pop_weighted
2024,ahv_einnahmen,25-29,25,29,sum_einkommen,6945325894.006046,CHF,chf,nur_arbeitnehmende,29,1995,Millennials,4,pop_weighted
2024,ahv_einnahmen,25-29,25,29,sum_beitrag_ahv,531151146.63628864,CHF,chf,nur_arbeitnehmende,25,1999,Generation Z,5,pop_weighted
2024,ahv_einnahmen,25-29,25,29,sum_beitrag_ahv,551872086.5751607,CHF,chf,nur_arbeitnehmende,26,1998,Generation Z,5,pop_weighted
2024,ahv_einnahmen,25-29,25,29,sum_beitrag_ahv,573852124.8442744,CHF,chf,nur_arbeitnehmende,27,1997,Generation Z,5,pop_weighted
2024,ahv_einnahmen,25-29,25,29,sum_beitrag_ahv,597057719.8897501,CHF,chf,nur_arbeitnehmende,28,1996,Millennials,4,pop_weighted
2024,ahv_einnahmen,25-29,25,29,sum_beitrag_ahv,604243352.7785261,CHF,chf,nur_arbeitnehmende,29,1995,Millennials,4,pop_weighted
2024,ahv_einnahmen,30-34,30,34,n_personen,127929.4322826303,Anzahl,count,nur_arbeitnehmende,30,1994,Millennials,4,pop_weighted
2024,ahv_einnahmen,30-34,30,34,n_personen,131659.24641398794,Anzahl,count,nur_arbeitnehmende,31,1993,Millennials,4,pop_weighted
2024,ahv_einnahmen,30-34,30,34,n_personen,137242.26206025554,Anzahl,count,nur_arbeitnehmende,32,1992,Millennials,4,pop_weighted
2024,ahv_einnahmen,30-34,30,34,n_personen,139053.4300064954,Anzahl,count,nur_arbeitnehmende,33,1991,Millennials,4,pop_weighted
2024,ahv_einnahmen,30-34,30,34,n_personen,141553.62923663086,Anzahl,count,nur_arbeitnehmende,34,1990,Millennials,4,pop_weighted
2024,ahv_einnahmen,30-34,30,34,sum_einkommen,8864286614.09793,CHF,chf,nur_arbeitnehmende,30,1994,Millennials,4,pop_weighted
2024,ahv_einnahmen,30-34,30,34,sum_einkommen,9122727075.278309,CHF,chf,nur_arbeitnehmende,31,1993,Millennials,4,pop_weighted
2024,ahv_einnahmen,30-34,30,34,sum_einkommen,9509576684.289108,CHF,chf,nur_arbeitnehmende,32,1992,Millennials,4,pop_weighted
2024,ahv_einnahmen,30-34,30,34,sum_einkommen,9635073307.664003,CHF,chf,nur_arbeitnehmende,33,1991,Millennials,4,pop_weighted
2024,ahv_einnahmen,30-34,30,34,sum_einkommen,9808313211.67065,CHF,chf,nur_arbeitnehmende,34,1990,Millennials,4,pop_weighted
2024,ahv_einnahmen,30-34,30,34,sum_beitrag_ahv,771192935.42652,CHF,chf,nur_arbeitnehmende,30,1994,Millennials,4,pop_weighted
2024,ahv_einnahmen,30-34,30,34,sum_beitrag_ahv,793677255.5492128,CHF,chf,nur_arbeitnehmende,31,1993,Millennials,4,pop_weighted
2024,ahv_einnahmen,30-34,30,34,sum_beitrag_ahv,827333171.5331525,CHF,chf,nur_arbeitnehmende,32,1992,Millennials,4,pop_weighted
2024,ahv_einnahmen,30-34,30,34,sum_beitrag_ahv,838251377.7667682,CHF,chf,nur_arbeitnehmende,33,1991,Millennials,4,pop_weighted
2024,ahv_einnahmen,30-34,30,34,sum_beitrag_ahv,853323249.4153465,CHF,chf,nur_arbeitnehmende,34,1990,Millennials,4,pop_weighted
2024,ahv_einnahmen,35-39,35,39,n_personen,135821.4460822343,Anzahl,count,nur_arbeitnehmende,35,1989,Millennials,4,pop_weighted
2024,ahv_einnahmen,35-39,35,39,n_personen,137529.0876648565,Anzahl,count,nur_arbeitnehmende,36,1988,Millennials,4,pop_weighted
2024,ahv_einnahmen,35-39,35,39,n_personen,134239.1171450737,Anzahl,count,nur_arbeitnehmende,37,1987,Millennials,4,pop_weighted
2024,ahv_einnahmen,35-39,35,39,n_personen,135205.15438324283,Anzahl,count,nur_arbeitnehmende,38,1986,Millennials,4,pop_weighted
2024,ahv_einnahmen,35-39,35,39,n_personen,134431.1947245927,Anzahl,count,nur_arbeitnehmende,39,1985,Millennials,4,pop_weighted
2024,ahv_einnahmen,35-39,35,39,sum_einkommen,10614922074.895166,CHF,chf,nur_arbeitnehmende,35,1989,Millennials,4,pop_weighted
2024,ahv_einnahmen,35-39,35,39,sum_einkommen,10748380249.979023,CHF,chf,nur_arbeitnehmende,36,1988,Millennials,4,pop_weighted
2024,ahv_einnahmen,35-39,35,39,sum_einkommen,10491257522.28363,CHF,chf,nur_arbeitnehmende,37,1987,Millennials,4,pop_weighted
2024,ahv_einnahmen,35-39,35,39,sum_einkommen,10566756718.473927,CHF,chf,nur_arbeitnehmende,38,1986,Millennials,4,pop_weighted
2024,ahv_einnahmen,35-39,35,39,sum_einkommen,10506269058.368252,CHF,chf,nur_arbeitnehmende,39,1985,Millennials,4,pop_weighted
2024,ahv_einnahmen,35-39,35,39,sum_beitrag_ahv,923498220.5158795,CHF,chf,nur_arbeitnehmende,35,1989,Millennials,4,pop_weighted
2024,ahv_einnahmen,35-39,35,39,sum_beitrag_ahv,935109081.748175,CHF,chf,nur_arbeitnehmende,36,1988,Millennials,4,pop_weighted
2024,ahv_einnahmen,35-39,35,39,sum_beitrag_ahv,912739404.438676,CHF,chf,nur_arbeitnehmende,37,1987,Millennials,4,pop_weighted
2024,ahv_einnahmen,35-39,35,39,sum_beitrag_ahv,919307834.5072317,CHF,chf,nur_arbeitnehmende,38,1986,Millennials,4,pop_weighted
2024,ahv_einnahmen,35-39,35,39,sum_beitrag_ahv,914045408.0780379,CHF,chf,nur_arbeitnehmende,39,1985,Millennials,4,pop_weighted
2024,ahv_einnahmen,40-44,40,44,n_personen,131514.59569050162,Anzahl,count,nur_arbeitnehmende,40,1984,Millennials,4,pop_weighted
2024,ahv_einnahmen,40-44,40,44,n_personen,129801.95130812498,Anzahl,count,nur_arbeitnehmende,41,1983,Millennials,4,pop_weighted
2024,ahv_einnahmen,40-44,40,44,n_personen,131492.47110071167,Anzahl,count,nur_arbeitnehmende,42,1982,Millennials,4,pop_weighted
2024,ahv_einnahmen,40-44,40,44,n_personen,129986.49050023661,Anzahl,count,nur_arbeitnehmende,43,1981,Millennials,4,pop_weighted
2024,ahv_einnahmen,40-44,40,44,n_personen,129631.49140042512,Anzahl,count,nur_arbeitnehmende,44,1980,Generation X,3,pop_weighted
2024,ahv_einnahmen,40-44,40,44,sum_einkommen,11264660456.503717,CHF,chf,nur_arbeitnehmende,40,1984,Millennials,4,pop_weighted
2024,ahv_einnahmen,40-44,40,44,sum_einkommen,11117966796.009844,CHF,chf,nur_arbeitnehmende,41,1983,Millennials,4,pop_weighted
2024,ahv_einnahmen,40-44,40,44,sum_einkommen,11262765412.152063,CHF,chf,nur_arbeitnehmende,42,1982,Millennials,4,pop_weighted
2024,ahv_einnahmen,40-44,40,44,sum_einkommen,11133773188.670223,CHF,chf,nur_arbeitnehmende,43,1981,Millennials,4,pop_weighted
2024,ahv_einnahmen,40-44,40,44,sum_einkommen,11103366340.664152,CHF,chf,nur_arbeitnehmende,44,1980,Generation X,3,pop_weighted
2024,ahv_einnahmen,40-44,40,44,sum_beitrag_ahv,980025459.7158234,CHF,chf,nur_arbeitnehmende,40,1984,Millennials,4,pop_weighted
2024,ahv_einnahmen,40-44,40,44,sum_beitrag_ahv,967263111.2528565,CHF,chf,nur_arbeitnehmende,41,1983,Millennials,4,pop_weighted
2024,ahv_einnahmen,40-44,40,44,sum_beitrag_ahv,979860590.8572296,CHF,chf,nur_arbeitnehmende,42,1982,Millennials,4,pop_weighted
2024,ahv_einnahmen,40-44,40,44,sum_beitrag_ahv,968638267.4143095,CHF,chf,nur_arbeitnehmende,43,1981,Millennials,4,pop_weighted
2024,ahv_einnahmen,40-44,40,44,sum_beitrag_ahv,965992871.6377814,CHF,chf,nur_arbeitnehmende,44,1980,Generation X,3,pop_weighted
2024,ahv_einnahmen,45-49,45,49,n_personen,123419.62027265382,Anzahl,count,nur_arbeitnehmende,45,1979,Generation X,3,pop_weighted
2024,ahv_einnahmen,45-49,45,49,n_personen,121256.6535939984,Anzahl,count,nur_arbeitnehmende,46,1978,Generation X,3,pop_weighted
2024,ahv_einnahmen,45-49,45,49,n_personen,120481.94072875199,Anzahl,count,nur_arbeitnehmende,47,1977,Generation X,3,pop_weighted
2024,ahv_einnahmen,45-49,45,49,n_personen,118960.69536412966,Anzahl,count,nur_arbeitnehmende,48,1976,Generation X,3,pop_weighted
2024,ahv_einnahmen,45-49,45,49,n_personen,117956.09004046615,Anzahl,count,nur_arbeitnehmende,49,1975,Generation X,3,pop_weighted
2024,ahv_einnahmen,45-49,45,49,sum_einkommen,11329517152.836512,CHF,chf,nur_arbeitnehmende,45,1979,Generation X,3,pop_weighted
2024,ahv_einnahmen,45-49,45,49,sum_einkommen,11130963891.752869,CHF,chf,nur_arbeitnehmende,46,1978,Generation X,3,pop_weighted
2024,ahv_einnahmen,45-49,45,49,sum_einkommen,11059847786.583023,CHF,chf,nur_arbeitnehmende,47,1977,Generation X,3,pop_weighted
2024,ahv_einnahmen,45-49,45,49,sum_einkommen,10920202441.587738,CHF,chf,nur_arbeitnehmende,48,1976,Generation X,3,pop_weighted
2024,ahv_einnahmen,45-49,45,49,sum_einkommen,10827982961.23986,CHF,chf,nur_arbeitnehmende,49,1975,Generation X,3,pop_weighted
2024,ahv_einnahmen,45-49,45,49,sum_beitrag_ahv,985667992.2967764,CHF,chf,nur_arbeitnehmende,45,1979,Generation X,3,pop_weighted
2024,ahv_einnahmen,45-49,45,49,sum_beitrag_ahv,968393858.5824995,CHF,chf,nur_arbeitnehmende,46,1978,Generation X,3,pop_weighted
2024,ahv_einnahmen,45-49,45,49,sum_beitrag_ahv,962206757.4327229,CHF,chf,nur_arbeitnehmende,47,1977,Generation X,3,pop_weighted
2024,ahv_einnahmen,45-49,45,49,sum_beitrag_ahv,950057612.4181331,CHF,chf,nur_arbeitnehmende,48,1976,Generation X,3,pop_weighted
2024,ahv_einnahmen,45-49,45,49,sum_beitrag_ahv,942034517.6278678,CHF,chf,nur_arbeitnehmende,49,1975,Generation X,3,pop_weighted
2024,ahv_einnahmen,50-54,50,54,n_personen,115568.35014998417,Anzahl,count,nur_arbeitnehmende,50,1974,Generation X,3,pop_weighted
2024,ahv_einnahmen,50-54,50,54,n_personen,115336.7387657338,Anzahl,count,nur_arbeitnehmende,51,1973,Generation X,3,pop_weighted
2024,ahv_einnahmen,50-54,50,54,n_personen,118034.41445569326,Anzahl,count,nur_arbeitnehmende,52,1972,Generation X,3,pop_weighted
2024,ahv_einnahmen,50-54,50,54,n_personen,120712.03307732589,Anzahl,count,nur_arbeitnehmende,53,1971,Generation X,3,pop_weighted
2024,ahv_einnahmen,50-54,50,54,n_personen,121298.4635512629,Anzahl,count,nur_arbeitnehmende,54,1970,Generation X,3,pop_weighted
2024,ahv_einnahmen,50-54,50,54,sum_einkommen,11072217474.88962,CHF,chf,nur_arbeitnehmende,50,1974,Generation X,3,pop_weighted
2024,ahv_einnahmen,50-54,50,54,sum_einkommen,11050027562.056633,CHF,chf,nur_arbeitnehmende,51,1973,Generation X,3,pop_weighted
2024,ahv_einnahmen,50-54,50,54,sum_einkommen,11308482856.063944,CHF,chf,nur_arbeitnehmende,52,1972,Generation X,3,pop_weighted
2024,ahv_einnahmen,50-54,50,54,sum_einkommen,11565016549.372316,CHF,chf,nur_arbeitnehmende,53,1971,Generation X,3,pop_weighted
2024,ahv_einnahmen,50-54,50,54,sum_einkommen,11621200493.617489,CHF,chf,nur_arbeitnehmende,54,1970,Generation X,3,pop_weighted
2024,ahv_einnahmen,50-54,50,54,sum_beitrag_ahv,963282920.3153969,CHF,chf,nur_arbeitnehmende,50,1974,Generation X,3,pop_weighted
2024,ahv_einnahmen,50-54,50,54,sum_beitrag_ahv,961352397.8989271,CHF,chf,nur_arbeitnehmende,51,1973,Generation X,3,pop_weighted
2024,ahv_einnahmen,50-54,50,54,sum_beitrag_ahv,983838008.4775631,CHF,chf,nur_arbeitnehmende,52,1972,Generation X,3,pop_weighted
2024,ahv_einnahmen,50-54,50,54,sum_beitrag_ahv,1006156439.7953916,CHF,chf,nur_arbeitnehmende,53,1971,Generation X,3,pop_weighted
2024,ahv_einnahmen,50-54,50,54,sum_beitrag_ahv,1011044442.9447216,CHF,chf,nur_arbeitnehmende,54,1970,Generation X,3,pop_weighted
2024,ahv_einnahmen,55-59,55,59,n_personen,116543.02280787897,Anzahl,count,nur_arbeitnehmende,55,1969,Generation X,3,pop_weighted
2024,ahv_einnahmen,55-59,55,59,n_personen,117901.3844544676,Anzahl,count,nur_arbeitnehmende,56,1968,Generation X,3,pop_weighted
2024,ahv_einnahmen,55-59,55,59,n_personen,118105.97053497002,Anzahl,count,nur_arbeitnehmende,57,1967,Generation X,3,pop_weighted
2024,ahv_einnahmen,55-59,55,59,n_personen,119244.9079897231,Anzahl,count,nur_arbeitnehmende,58,1966,Generation X,3,pop_weighted
2024,ahv_einnahmen,55-59,55,59,n_personen,118862.71421296032,Anzahl,count,nur_arbeitnehmende,59,1965,Generation X,3,pop_weighted
2024,ahv_einnahmen,55-59,55,59,sum_einkommen,11020958177.880707,CHF,chf,nur_arbeitnehmende,55,1969,Generation X,3,pop_weighted
2024,ahv_einnahmen,55-59,55,59,sum_einkommen,11149412430.540424,CHF,chf,nur_arbeitnehmende,56,1968,Generation X,3,pop_weighted
2024,ahv_einnahmen,55-59,55,59,sum_einkommen,11168759231.255476,CHF,chf,nur_arbeitnehmende,57,1967,Generation X,3,pop_weighted
2024,ahv_einnahmen,55-59,55,59,sum_einkommen,11276463508.642788,CHF,chf,nur_arbeitnehmende,58,1966,Generation X,3,pop_weighted
2024,ahv_einnahmen,55-59,55,59,sum_einkommen,11240321133.680603,CHF,chf,nur_arbeitnehmende,59,1965,Generation X,3,pop_weighted
2024,ahv_einnahmen,55-59,55,59,sum_beitrag_ahv,958823361.4756216,CHF,chf,nur_arbeitnehmende,55,1969,Generation X,3,pop_weighted
2024,ahv_einnahmen,55-59,55,59,sum_beitrag_ahv,969998881.457017,CHF,chf,nur_arbeitnehmende,56,1968,Generation X,3,pop_weighted
2024,ahv_einnahmen,55-59,55,59,sum_beitrag_ahv,971682053.1192265,CHF,chf,nur_arbeitnehmende,57,1967,Generation X,3,pop_weighted
2024,ahv_einnahmen,55-59,55,59,sum_beitrag_ahv,981052325.2519225,CHF,chf,nur_arbeitnehmende,58,1966,Generation X,3,pop_weighted
2024,ahv_einnahmen,55-59,55,59,sum_beitrag_ahv,977907938.6302124,CHF,chf,nur_arbeitnehmende,59,1965,Generation X,3,pop_weighted
2024,ahv_einnahmen,60-64,60,64,n_personen,98648.06221471408,Anzahl,count,nur_arbeitnehmende,60,1964,Babyboomers,2,pop_weighted
2024,ahv_einnahmen,60-64,60,64,n_personen,94371.49713011966,Anzahl,count,nur_arbeitnehmende,61,1963,Babyboomers,2,pop_weighted
2024,ahv_einnahmen,60-64,60,64,n_personen,89968.71268598516,Anzahl,count,nur_arbeitnehmende,62,1962,Babyboomers,2,pop_weighted
2024,ahv_einnahmen,60-64,60,64,n_personen,85806.45244911585,Anzahl,count,nur_arbeitnehmende,63,1961,Babyboomers,2,pop_weighted
2024,ahv_einnahmen,60-64,60,64,n_personen,82364.27552006523,Anzahl,count,nur_arbeitnehmende,64,1960,Babyboomers,2,pop_weighted
2024,ahv_einnahmen,60-64,60,64,sum_einkommen,8161081548.600576,CHF,chf,nur_arbeitnehmende,60,1964,Babyboomers,2,pop_weighted
2024,ahv_einnahmen,60-64,60,64,sum_einkommen,7807284468.154052,CHF,chf,nur_arbeitnehmende,61,1963,Babyboomers,2,pop_weighted
2024,ahv_einnahmen,60-64,60,64,sum_einkommen,7443045353.033021,CHF,chf,nur_arbeitnehmende,62,1962,Babyboomers,2,pop_weighted
2024,ahv_einnahmen,60-64,60,64,sum_einkommen,7098704628.471669,CHF,chf,nur_arbeitnehmende,63,1961,Babyboomers,2,pop_weighted
2024,ahv_einnahmen,60-64,60,64,sum_einkommen,6813935865.740682,CHF,chf,nur_arbeitnehmende,64,1960,Babyboomers,2,pop_weighted
2024,ahv_einnahmen,60-64,60,64,sum_beitrag_ahv,710014094.7282501,CHF,chf,nur_arbeitnehmende,60,1964,Babyboomers,2,pop_weighted
2024,ahv_einnahmen,60-64,60,64,sum_beitrag_ahv,679233748.7294025,CHF,chf,nur_arbeitnehmende,61,1963,Babyboomers,2,pop_weighted
2024,ahv_einnahmen,60-64,60,64,sum_beitrag_ahv,647544945.7138729,CHF,chf,nur_arbeitnehmende,62,1962,Babyboomers,2,pop_weighted
2024,ahv_einnahmen,60-64,60,64,sum_beitrag_ahv,617587302.6770352,CHF,chf,nur_arbeitnehmende,63,1961,Babyboomers,2,pop_weighted
2024,ahv_einnahmen,60-64,60,64,sum_beitrag_ahv,592812420.3194394,CHF,chf,nur_arbeitnehmende,64,1960,Babyboomers,2,pop_weighted
2024,ahv_einnahmen,65-69,65,69,n_personen,19809.492636554092,Anzahl,count,nur_arbeitnehmende,65,1959,Babyboomers,2,pop_weighted
2024,ahv_einnahmen,65-69,65,69,n_personen,18743.895868898995,Anzahl,count,nur_arbeitnehmende,66,1958,Babyboomers,2,pop_weighted
2024,ahv_einnahmen,65-69,65,69,n_personen,18135.57242398017,Anzahl,count,nur_arbeitnehmende,67,1957,Babyboomers,2,pop_weighted
2024,ahv_einnahmen,65-69,65,69,n_personen,17477.773504798075,Anzahl,count,nur_arbeitnehmende,68,1956,Babyboomers,2,pop_weighted
2024,ahv_einnahmen,65-69,65,69,n_personen,16674.265565768666,Anzahl,count,nur_arbeitnehmende,69,1955,Babyboomers,2,pop_weighted
2024,ahv_einnahmen,65-69,65,69,sum_einkommen,1077639215.7735565,CHF,chf,nur_arbeitnehmende,65,1959,Babyboomers,2,pop_weighted
2024,ahv_einnahmen,65-69,65,69,sum_einkommen,1019670600.1156428,CHF,chf,nur_arbeitnehmende,66,1958,Babyboomers,2,pop_weighted
2024,ahv_einnahmen,65-69,65,69,sum_einkommen,986577718.2258103,CHF,chf,nur_arbeitnehmende,67,1957,Babyboomers,2,pop_weighted
2024,ahv_einnahmen,65-69,65,69,sum_einkommen,950793363.5020542,CHF,chf,nur_arbeitnehmende,68,1956,Babyboomers,2,pop_weighted
2024,ahv_einnahmen,65-69,65,69,sum_einkommen,907082417.3829364,CHF,chf,nur_arbeitnehmende,69,1955,Babyboomers,2,pop_weighted
2024,ahv_einnahmen,65-69,65,69,sum_beitrag_ahv,93754611.77229941,CHF,chf,nur_arbeitnehmende,65,1959,Babyboomers,2,pop_weighted
2024,ahv_einnahmen,65-69,65,69,sum_beitrag_ahv,88711342.21006091,CHF,chf,nur_arbeitnehmende,66,1958,Babyboomers,2,pop_weighted
2024,ahv_einnahmen,65-69,65,69,sum_beitrag_ahv,85832261.48564549,CHF,chf,nur_arbeitnehmende,67,1957,Babyboomers,2,pop_weighted
2024,ahv_einnahmen,65-69,65,69,sum_beitrag_ahv,82719022.62467872,CHF,chf,nur_arbeitnehmende,68,1956,Babyboomers,2,pop_weighted
2024,ahv_einnahmen,65-69,65,69,sum_beitrag_ahv,78916170.31231545,CHF,chf,nur_arbeitnehmende,69,1955,Babyboomers,2,pop_weighted
2024,ahv_einnahmen,70-74,70,74,n_personen,4280.971749833141,Anzahl,count,nur_arbeitnehmende,70,1954,Babyboomers,2,pop_weighted
2024,ahv_einnahmen,70-74,70,74,n_personen,4112.011278639913,Anzahl,count,nur_arbeitnehmende,71,1953,Babyboomers,2,pop_weighted
2024,ahv_einnahmen,70-74,70,74,n_personen,4054.328403110092,Anzahl,count,nur_arbeitnehmende,72,1952,Babyboomers,2,pop_weighted
2024,ahv_einnahmen,70-74,70,74,n_personen,3871.7573657806142,Anzahl,count,nur_arbeitnehmende,73,1951,Babyboomers,2,pop_weighted
2024,ahv_einnahmen,70-74,70,74,n_personen,3923.931202636239,Anzahl,count,nur_arbeitnehmende,74,1950,Babyboomers,2,pop_weighted
2024,ahv_einnahmen,70-74,70,74,sum_einkommen,193979550.53777647,CHF,chf,nur_arbeitnehmende,70,1954,Babyboomers,2,pop_weighted
2024,ahv_einnahmen,70-74,70,74,sum_einkommen,186323607.40710977,CHF,chf,nur_arbeitnehmende,71,1953,Babyboomers,2,pop_weighted
2024,ahv_einnahmen,70-74,70,74,sum_einkommen,183709878.81396094,CHF,chf,nur_arbeitnehmende,72,1952,Babyboomers,2,pop_weighted
2024,ahv_einnahmen,70-74,70,74,sum_einkommen,175437213.2062591,CHF,chf,nur_arbeitnehmende,73,1951,Babyboomers,2,pop_weighted
2024,ahv_einnahmen,70-74,70,74,sum_einkommen,177801316.03489372,CHF,chf,nur_arbeitnehmende,74,1950,Babyboomers,2,pop_weighted
2024,ahv_einnahmen,70-74,70,74,sum_beitrag_ahv,16876220.896786552,CHF,chf,nur_arbeitnehmende,70,1954,Babyboomers,2,pop_weighted
2024,ahv_einnahmen,70-74,70,74,sum_beitrag_ahv,16210153.844418548,CHF,chf,nur_arbeitnehmende,71,1953,Babyboomers,2,pop_weighted
2024,ahv_einnahmen,70-74,70,74,sum_beitrag_ahv,15982759.4568146,CHF,chf,nur_arbeitnehmende,72,1952,Babyboomers,2,pop_weighted
2024,ahv_einnahmen,70-74,70,74,sum_beitrag_ahv,15263037.548944542,CHF,chf,nur_arbeitnehmende,73,1951,Babyboomers,2,pop_weighted
2024,ahv_einnahmen,70-74,70,74,sum_beitrag_ahv,15468714.495035755,CHF,chf,nur_arbeitnehmende,74,1950,Babyboomers,2,pop_weighted
2024,ahv_einnahmen,75+,75,100,n_personen,933.4154493986408,Anzahl,count,nur_arbeitnehmende,75,1949,Babyboomers,2,pop_weighted
2024,ahv_einnahmen,75+,75,100,n_personen,929.1722078734841,Anzahl,count,nur_arbeitnehmende,76,1948,Babyboomers,2,pop_weighted
2024,ahv_einnahmen,75+,75,100,n_personen,901.5941906517103,Anzahl,count,nur_arbeitnehmende,77,1947,Babyboomers,2,pop_weighted
2024,ahv_einnahmen,75+,75,100,n_personen,880.7137791178459,Anzahl,count,nur_arbeitnehmende,78,1946,Babyboomers,2,pop_weighted
2024,ahv_einnahmen,75+,75,100,n_personen,824.5320402480734,Anzahl,count,nur_arbeitnehmende,79,1945,Silent Generation,1,pop_weighted
2024,ahv_einnahmen,75+,75,100,n_personen,789.3222936645069,Anzahl,count,nur_arbeitnehmende,80,1944,Silent Generation,1,pop_weighted
2024,ahv_einnahmen,75+,75,100,n_personen,742.1032577572238,Anzahl,count,nur_arbeitnehmende,81,1943,Silent Generation,1,pop_weighted
2024,ahv_einnahmen,75+,75,100,n_personen,682.3559749296218,Anzahl,count,nur_arbeitnehmende,82,1942,Silent Generation,1,pop_weighted
2024,ahv_einnahmen,75+,75,100,n_personen,614.3053705563894,Anzahl,count,nur_arbeitnehmende,83,1941,Silent Generation,1,pop_weighted
2024,ahv_einnahmen,75+,75,100,n_personen,537.7316508319071,Anzahl,count,nur_arbeitnehmende,84,1940,Silent Generation,1,pop_weighted
2024,ahv_einnahmen,75+,75,100,n_personen,497.22243137951193,Anzahl,count,nur_arbeitnehmende,85,1939,Silent Generation,1,pop_weighted
2024,ahv_einnahmen,75+,75,100,n_personen,449.47833249213744,Anzahl,count,nur_arbeitnehmende,86,1938,Silent Generation,1,pop_weighted
2024,ahv_einnahmen,75+,75,100,n_personen,401.31906752748137,Anzahl,count,nur_arbeitnehmende,87,1937,Silent Generation,1,pop_weighted
2024,ahv_einnahmen,75+,75,100,n_personen,361.48754564241335,Anzahl,count,nur_arbeitnehmende,88,1936,Silent Generation,1,pop_weighted
2024,ahv_einnahmen,75+,75,100,n_personen,320.36168245758535,Anzahl,count,nur_arbeitnehmende,89,1935,Silent Generation,1,pop_weighted
2024,ahv_einnahmen,75+,75,100,n_personen,276.8913520128147,Anzahl,count,nur_arbeitnehmende,90,1934,Silent Generation,1,pop_weighted
2024,ahv_einnahmen,75+,75,100,n_personen,231.6321442056398,Anzahl,count,nur_arbeitnehmende,91,1933,Silent Generation,1,pop_weighted
2024,ahv_einnahmen,75+,75,100,n_personen,194.2000380319194,Anzahl,count,nur_arbeitnehmende,92,1932,Silent Generation,1,pop_weighted
2024,ahv_einnahmen,75+,75,100,n_personen,153.94113930259104,Anzahl,count,nur_arbeitnehmende,93,1931,Silent Generation,1,pop_weighted
2024,ahv_einnahmen,75+,75,100,n_personen,122.71210275413569,Anzahl,count,nur_arbeitnehmende,94,1930,Silent Generation,1,pop_weighted
2024,ahv_einnahmen,75+,75,100,n_personen,90.96410860907847,Anzahl,count,nur_arbeitnehmende,95,1929,Silent Generation,1,pop_weighted
2024,ahv_einnahmen,75+,75,100,n_personen,67.62322752897194,Anzahl,count,nur_arbeitnehmende,96,1928,Silent Generation,1,pop_weighted
2024,ahv_einnahmen,75+,75,100,n_personen,48.07989497929343,Anzahl,count,nur_arbeitnehmende,97,1927,Silent Generation,1,pop_weighted
2024,ahv_einnahmen,75+,75,100,n_personen,32.7248555033667,Anzahl,count,nur_arbeitnehmende,98,1926,Silent Generation,1,pop_weighted
2024,ahv_einnahmen,75+,75,100,n_personen,57.11586254365587,Anzahl,count,nur_arbeitnehmende,99,1925,Silent Generation,1,pop_weighted
2024,ahv_einnahmen,75+,75,100,n_personen,0.0,Anzahl,count,nur_arbeitnehmende,100,1924,Silent Generation,1,pop_weighted
2024,ahv_einnahmen,75+,75,100,sum_einkommen,44055398.34710428,CHF,chf,nur_arbeitnehmende,75,1949,Babyboomers,2,pop_weighted
2024,ahv_einnahmen,75+,75,100,sum_einkommen,43855125.57918065,CHF,chf,nur_arbeitnehmende,76,1948,Babyboomers,2,pop_weighted
2024,ahv_einnahmen,75+,75,100,sum_einkommen,42553496.668805,CHF,chf,nur_arbeitnehmende,77,1947,Babyboomers,2,pop_weighted
2024,ahv_einnahmen,75+,75,100,sum_einkommen,41567981.7532671,CHF,chf,nur_arbeitnehmende,78,1946,Babyboomers,2,pop_weighted
2024,ahv_einnahmen,75+,75,100,sum_einkommen,38916312.67350693,CHF,chf,nur_arbeitnehmende,79,1945,Silent Generation,1,pop_weighted
2024,ahv_einnahmen,75+,75,100,sum_einkommen,37254480.94312474,CHF,chf,nur_arbeitnehmende,80,1944,Silent Generation,1,pop_weighted
2024,ahv_einnahmen,75+,75,100,sum_einkommen,35025834.05518026,CHF,chf,nur_arbeitnehmende,81,1943,Silent Generation,1,pop_weighted
2024,ahv_einnahmen,75+,75,100,sum_einkommen,32205878.217913035,CHF,chf,nur_arbeitnehmende,82,1942,Silent Generation,1,pop_weighted
2024,ahv_einnahmen,75+,75,100,sum_einkommen,28994021.71247869,CHF,chf,nur_arbeitnehmende,83,1941,Silent Generation,1,pop_weighted
2024,ahv_einnahmen,75+,75,100,sum_einkommen,25379890.69766104,CHF,chf,nur_arbeitnehmende,84,1940,Silent Generation,1,pop_weighted
2024,ahv_einnahmen,75+,75,100,sum_einkommen,23467934.129066303,CHF,chf,nur_arbeitnehmende,85,1939,Silent Generation,1,pop_weighted
2024,ahv_einnahmen,75+,75,100,sum_einkommen,21214505.28710537,CHF,chf,nur_arbeitnehmende,86,1938,Silent Generation,1,pop_weighted
2024,ahv_einnahmen,75+,75,100,sum_einkommen,18941481.41173608,CHF,chf,nur_arbeitnehmende,87,1937,Silent Generation,1,pop_weighted
2024,ahv_einnahmen,75+,75,100,sum_einkommen,17061510.85355793,CHF,chf,nur_arbeitnehmende,88,1936,Silent Generation,1,pop_weighted
2024,ahv_einnahmen,75+,75,100,sum_einkommen,15120449.89710667,CHF,chf,nur_arbeitnehmende,89,1935,Silent Generation,1,pop_weighted
2024,ahv_einnahmen,75+,75,100,sum_einkommen,13068734.6343494,CHF,chf,nur_arbeitnehmende,90,1934,Silent Generation,1,pop_weighted
2024,ahv_einnahmen,75+,75,100,sum_einkommen,10932587.830582596,CHF,chf,nur_arbeitnehmende,91,1933,Silent Generation,1,pop_weighted
2024,ahv_einnahmen,75+,75,100,sum_einkommen,9165865.039014501,CHF,chf,nur_arbeitnehmende,92,1932,Silent Generation,1,pop_weighted
2024,ahv_einnahmen,75+,75,100,sum_einkommen,7265723.122915985,CHF,chf,nur_arbeitnehmende,93,1931,Silent Generation,1,pop_weighted
2024,ahv_einnahmen,75+,75,100,sum_einkommen,5791773.18344921,CHF,chf,nur_arbeitnehmende,94,1930,Silent Generation,1,pop_weighted
2024,ahv_einnahmen,75+,75,100,sum_einkommen,4293329.452221991,CHF,chf,nur_arbeitnehmende,95,1929,Silent Generation,1,pop_weighted
2024,ahv_einnahmen,75+,75,100,sum_einkommen,3191685.147513978,CHF,chf,nur_arbeitnehmende,96,1928,Silent Generation,1,pop_weighted
2024,ahv_einnahmen,75+,75,100,sum_einkommen,2269277.7660412225,CHF,chf,nur_arbeitnehmende,97,1927,Silent Generation,1,pop_weighted
2024,ahv_einnahmen,75+,75,100,sum_einkommen,1544549.6921880573,CHF,chf,nur_arbeitnehmende,98,1926,Silent Generation,1,pop_weighted
2024,ahv_einnahmen,75+,75,100,sum_einkommen,2695757.9049289697,CHF,chf,nur_arbeitnehmende,99,1925,Silent Generation,1,pop_weighted
2024,ahv_einnahmen,75+,75,100,sum_einkommen,0.0,CHF,chf,nur_arbeitnehmende,100,1924,Silent Generation,1,pop_weighted
2024,ahv_einnahmen,75+,75,100,sum_beitrag_ahv,3832819.6561980727,CHF,chf,nur_arbeitnehmende,75,1949,Babyboomers,2,pop_weighted
2024,ahv_einnahmen,75+,75,100,sum_beitrag_ahv,3815395.9253887166,CHF,chf,nur_arbeitnehmende,76,1948,Babyboomers,2,pop_weighted
2024,ahv_einnahmen,75+,75,100,sum_beitrag_ahv,3702154.2101860354,CHF,chf,nur_arbeitnehmende,77,1947,Babyboomers,2,pop_weighted
2024,ahv_einnahmen,75+,75,100,sum_beitrag_ahv,3616414.4125342383,CHF,chf,nur_arbeitnehmende,78,1946,Babyboomers,2,pop_weighted
2024,ahv_einnahmen,75+,75,100,sum_beitrag_ahv,3385719.202595103,CHF,chf,nur_arbeitnehmende,79,1945,Silent Generation,1,pop_weighted
2024,ahv_einnahmen,75+,75,100,sum_beitrag_ahv,3241139.8420518525,CHF,chf,nur_arbeitnehmende,80,1944,Silent Generation,1,pop_weighted
2024,ahv_einnahmen,75+,75,100,sum_beitrag_ahv,3047247.562800683,CHF,chf,nur_arbeitnehmende,81,1943,Silent Generation,1,pop_weighted
2024,ahv_einnahmen,75+,75,100,sum_beitrag_ahv,2801911.404958434,CHF,chf,nur_arbeitnehmende,82,1942,Silent Generation,1,pop_weighted
2024,ahv_einnahmen,75+,75,100,sum_beitrag_ahv,2522479.888985646,CHF,chf,nur_arbeitnehmende,83,1941,Silent Generation,1,pop_weighted
2024,ahv_einnahmen,75+,75,100,sum_beitrag_ahv,2208050.4906965103,CHF,chf,nur_arbeitnehmende,84,1940,Silent Generation,1,pop_weighted
2024,ahv_einnahmen,75+,75,100,sum_beitrag_ahv,2041710.2692287685,CHF,chf,nur_arbeitnehmende,85,1939,Silent Generation,1,pop_weighted
2024,ahv_einnahmen,75+,75,100,sum_beitrag_ahv,1845661.9599781672,CHF,chf,nur_arbeitnehmende,86,1938,Silent Generation,1,pop_weighted
2024,ahv_einnahmen,75+,75,100,sum_beitrag_ahv,1647908.882821039,CHF,chf,nur_arbeitnehmende,87,1937,Silent Generation,1,pop_weighted
2024,ahv_einnahmen,75+,75,100,sum_beitrag_ahv,1484351.44425954,CHF,chf,nur_arbeitnehmende,88,1936,Silent Generation,1,pop_weighted
2024,ahv_einnahmen,75+,75,100,sum_beitrag_ahv,1315479.1410482803,CHF,chf,nur_arbeitnehmende,89,1935,Silent Generation,1,pop_weighted
2024,ahv_einnahmen,75+,75,100,sum_beitrag_ahv,1136979.913188398,CHF,chf,nur_arbeitnehmende,90,1934,Silent Generation,1,pop_weighted
2024,ahv_einnahmen,75+,75,100,sum_beitrag_ahv,951135.1412606859,CHF,chf,nur_arbeitnehmende,91,1933,Silent Generation,1,pop_weighted
2024,ahv_einnahmen,75+,75,100,sum_beitrag_ahv,797430.2583942616,CHF,chf,nur_arbeitnehmende,92,1932,Silent Generation,1,pop_weighted
2024,ahv_einnahmen,75+,75,100,sum_beitrag_ahv,632117.9116936907,CHF,chf,nur_arbeitnehmende,93,1931,Silent Generation,1,pop_weighted
2024,ahv_einnahmen,75+,75,100,sum_beitrag_ahv,503884.2669600813,CHF,chf,nur_arbeitnehmende,94,1930,Silent Generation,1,pop_weighted
2024,ahv_einnahmen,75+,75,100,sum_beitrag_ahv,373519.6623433132,CHF,chf,nur_arbeitnehmende,95,1929,Silent Generation,1,pop_weighted
2024,ahv_einnahmen,75+,75,100,sum_beitrag_ahv,277676.60783371615,CHF,chf,nur_arbeitnehmende,96,1928,Silent Generation,1,pop_weighted
2024,ahv_einnahmen,75+,75,100,sum_beitrag_ahv,197427.16564558636,CHF,chf,nur_arbeitnehmende,97,1927,Silent Generation,1,pop_weighted
2024,ahv_einnahmen,75+,75,100,sum_beitrag_ahv,134375.823220361,CHF,chf,nur_arbeitnehmende,98,1926,Silent Generation,1,pop_weighted
2024,ahv_einnahmen,75+,75,100,sum_beitrag_ahv,234530.93772882037,CHF,chf,nur_arbeitnehmende,99,1925,Silent Generation,1,pop_weighted
2024,ahv_einnahmen,75+,75,100,sum_beitrag_ahv,0.0,CHF,chf,nur_arbeitnehmende,100,1924,Silent Generation,1,pop_weighted
