year,variable_name,age_group_label,age_min,age_max,metric,value,unit,scale,notes
2006,praemienverbilligung,0 – 5,0,5,beneficiaries_count,166163.0,Anzahl,count,
2006,praemienverbilligung,0 – 5,0,5,beneficiary_rate,0.07627764819727534,Anteil,rate,
2006,praemienverbilligung,6 – 10,6,10,beneficiaries_count,180992.0,Anzahl,count,
2006,praemienverbilligung,6 – 10,6,10,beneficiary_rate,0.08308494732594655,Anteil,rate,
2006,praemienverbilligung,11 – 15,11,15,beneficiaries_count,178976.0,Anzahl,count,
2006,praemienverbilligung,11 – 15,11,15,beneficiary_rate,0.08215949617998923,Anteil,rate,
2006,praemienverbilligung,16 – 18,16,18,beneficiaries_count,95905.0,Anzahl,count,
2006,praemienverbilligung,16 – 18,16,18,beneficiary_rate,0.044025492139403426,Anteil,rate,
2006,praemienverbilligung,19 – 20,19,20,beneficiaries_count,83165.0,Anzahl,count,
2006,praemienverbilligung,19 – 20,19,20,beneficiary_rate,0.03817715503647866,Anteil,rate,
2006,praemienverbilligung,20 – 25,20,25,beneficiaries_count,182616.0,Anzahl,count,
2006,praemienverbilligung,20 – 25,20,25,beneficiary_rate,0.08383044963796774,Anteil,rate,
2006,praemienverbilligung,26 – 30,26,30,beneficiaries_count,147357.0,Anzahl,count,
2006,praemienverbilligung,26 – 30,26,30,beneficiary_rate,0.06764469469981826,Anteil,rate,
2006,praemienverbilligung,31 – 35,31,35,beneficiaries_count,143109.0,Anzahl,count,
2006,praemienverbilligung,31 – 35,31,35,beneficiary_rate,0.06569463692797961,Anteil,rate,
2006,praemienverbilligung,36 – 40,36,40,beneficiaries_count,175868.0,Anzahl,count,
2006,praemienverbilligung,36 – 40,36,40,beneficiary_rate,0.08073275899663836,Anteil,rate,
2006,praemienverbilligung,41 – 45,41,45,beneficiaries_count,170956.0,Anzahl,count,
2006,praemienverbilligung,41 – 45,41,45,beneficiary_rate,0.07847788993466297,Anteil,rate,
2006,praemienverbilligung,46 – 50,46,50,beneficiaries_count,122460.0,Anzahl,count,
2006,praemienverbilligung,46 – 50,46,50,beneficiary_rate,0.05621564847913397,Anteil,rate,
2006,praemienverbilligung,51 – 55,51,55,beneficiaries_count,84293.0,Anzahl,count,
2006,praemienverbilligung,51 – 55,51,55,beneficiary_rate,0.03869496698719287,Anteil,rate,
2006,praemienverbilligung,56 – 60,56,60,beneficiaries_count,68908.0,Anzahl,count,
2006,praemienverbilligung,56 – 60,56,60,beneficiary_rate,0.03163243430834692,Anteil,rate,
2006,praemienverbilligung,61 – 65,61,65,beneficiaries_count,61483.0,Anzahl,count,
2006,praemienverbilligung,61 – 65,61,65,beneficiary_rate,0.028223964685959446,Anteil,rate,
2006,praemienverbilligung,66 – 70,66,70,beneficiaries_count,59359.0,Anzahl,count,
2006,praemienverbilligung,66 – 70,66,70,beneficiary_rate,0.027248935800040123,Anteil,rate,
2006,praemienverbilligung,71 – 75,71,75,beneficiaries_count,62062.0,Anzahl,count,
2006,praemienverbilligung,71 – 75,71,75,beneficiary_rate,0.0284897564585335,Anteil,rate,
2006,praemienverbilligung,76 – 80,76,80,beneficiaries_count,57552.0,Anzahl,count,
2006,praemienverbilligung,76 – 80,76,80,beneficiary_rate,0.02641942676197222,Anteil,rate,
2006,praemienverbilligung,81 – 85,81,85,beneficiaries_count,48315.0,Anzahl,count,
2006,praemienverbilligung,81 – 85,81,85,beneficiary_rate,0.022179152835777868,Anteil,rate,
2006,praemienverbilligung,86 – 90,86,90,beneficiaries_count,30198.0,Anzahl,count,
2006,praemienverbilligung,86 – 90,86,90,beneficiary_rate,0.013862486957152437,Anteil,rate,
2006,praemienverbilligung,91 – 95,91,95,beneficiaries_count,14900.0,Anzahl,count,
2006,praemienverbilligung,91 – 95,91,95,beneficiary_rate,0.006839891902164757,Anteil,rate,
2006,okp_kostenbeteiligung,0 - 18,0,18,total_mio_chf,89.96648834224086,CHF,mio_chf,
2006,okp_kostenbeteiligung,19 - 25,19,25,total_mio_chf,303.6670442644669,CHF,mio_chf,
2006,okp_kostenbeteiligung,26 - 30,26,30,total_mio_chf,337.34594806020584,CHF,mio_chf,
2006,okp_kostenbeteiligung,31 - 35,31,35,total_mio_chf,373.17245448929657,CHF,mio_chf,
2006,okp_kostenbeteiligung,36 - 40,36,40,total_mio_chf,386.41829027473864,CHF,mio_chf,
2006,okp_kostenbeteiligung,41 - 45,41,45,total_mio_chf,404.70417230162195,CHF,mio_chf,
2006,okp_kostenbeteiligung,46 - 50,46,50,total_mio_chf,442.5102612536481,CHF,mio_chf,
2006,okp_kostenbeteiligung,51 - 55,51,55,total_mio_chf,494.6901727986568,CHF,mio_chf,
2006,okp_kostenbeteiligung,56 - 60,56,60,total_mio_chf,546.0218647716218,CHF,mio_chf,
2006,okp_kostenbeteiligung,61 - 65,61,65,total_mio_chf,604.7913945355342,CHF,mio_chf,
2006,okp_kostenbeteiligung,66 - 70,66,70,total_mio_chf,653.9627986591975,CHF,mio_chf,
2006,okp_kostenbeteiligung,71 - 75,71,75,total_mio_chf,707.8753295734919,CHF,mio_chf,
2006,okp_kostenbeteiligung,76 - 80,76,80,total_mio_chf,766.9166773331972,CHF,mio_chf,
2006,okp_kostenbeteiligung,81 - 85,81,85,total_mio_chf,838.7514898107852,CHF,mio_chf,
2006,okp_kostenbeteiligung,86 - 90,86,90,total_mio_chf,926.0252307488727,CHF,mio_chf,
2006,okp_kostenbeteiligung,> 90,90,100,total_mio_chf,1051.7223980835897,CHF,mio_chf,
2006,okp_nettoleistungen,0 - 18,0,18,total_mio_chf,62.87518189376549,CHF,mio_chf,
2006,okp_nettoleistungen,19 - 25,19,25,total_mio_chf,72.05229245433729,CHF,mio_chf,
2006,okp_nettoleistungen,26 - 30,26,30,total_mio_chf,97.23243015988554,CHF,mio_chf,
2006,okp_nettoleistungen,31 - 35,31,35,total_mio_chf,115.19997175044296,CHF,mio_chf,
2006,okp_nettoleistungen,36 - 40,36,40,total_mio_chf,116.2558292295885,CHF,mio_chf,
2006,okp_nettoleistungen,41 - 45,41,45,total_mio_chf,124.92948857903832,CHF,mio_chf,
2006,okp_nettoleistungen,46 - 50,46,50,total_mio_chf,151.1064716022468,CHF,mio_chf,
2006,okp_nettoleistungen,51 - 55,51,55,total_mio_chf,188.27524432333874,CHF,mio_chf,
2006,okp_nettoleistungen,56 - 60,56,60,total_mio_chf,236.19883230619527,CHF,mio_chf,
2006,okp_nettoleistungen,61 - 65,61,65,total_mio_chf,294.7487608582422,CHF,mio_chf,
2006,okp_nettoleistungen,66 - 70,66,70,total_mio_chf,365.5025986573345,CHF,mio_chf,
2006,okp_nettoleistungen,71 - 75,71,75,total_mio_chf,460.945508753378,CHF,mio_chf,
2006,okp_nettoleistungen,76 - 80,76,80,total_mio_chf,569.2711076409332,CHF,mio_chf,
2006,okp_nettoleistungen,81 - 85,81,85,total_mio_chf,712.1087408924144,CHF,mio_chf,
2006,okp_nettoleistungen,86 - 90,86,90,total_mio_chf,932.0847623038496,CHF,mio_chf,
2006,okp_nettoleistungen,> 90,90,100,total_mio_chf,1305.0233170780396,CHF,mio_chf,
2006,okp_bruttoleistungen,0 - 18,0,18,total_mio_chf,70.3723892556189,CHF,mio_chf,
2006,okp_bruttoleistungen,19 - 25,19,25,total_mio_chf,97.3578794763762,CHF,mio_chf,
2006,okp_bruttoleistungen,26 - 30,26,30,total_mio_chf,125.34459249823603,CHF,mio_chf,
2006,okp_bruttoleistungen,31 - 35,31,35,total_mio_chf,146.29767629121767,CHF,mio_chf,
2006,okp_bruttoleistungen,36 - 40,36,40,total_mio_chf,148.45735341915005,CHF,mio_chf,
2006,okp_bruttoleistungen,41 - 45,41,45,total_mio_chf,158.65483627084015,CHF,mio_chf,
2006,okp_bruttoleistungen,46 - 50,46,50,total_mio_chf,187.9823267067175,CHF,mio_chf,
2006,okp_bruttoleistungen,51 - 55,51,55,total_mio_chf,229.49942538989347,CHF,mio_chf,
2006,okp_bruttoleistungen,56 - 60,56,60,total_mio_chf,281.7006543704971,CHF,mio_chf,
2006,okp_bruttoleistungen,61 - 65,61,65,total_mio_chf,345.14804373620336,CHF,mio_chf,
2006,okp_bruttoleistungen,66 - 70,66,70,total_mio_chf,419.99949854560094,CHF,mio_chf,
2006,okp_bruttoleistungen,71 - 75,71,75,total_mio_chf,519.935119551169,CHF,mio_chf,
2006,okp_bruttoleistungen,76 - 80,76,80,total_mio_chf,633.180830752033,CHF,mio_chf,
2006,okp_bruttoleistungen,81 - 85,81,85,total_mio_chf,782.0046983766465,CHF,mio_chf,
2006,okp_bruttoleistungen,86 - 90,86,90,total_mio_chf,1009.2535315329224,CHF,mio_chf,
2006,okp_bruttoleistungen,> 90,90,100,total_mio_chf,1392.666850251672,CHF,mio_chf,
2006,okp_premium,0 – 18,0,18,total_mio_chf,1248.86201205,CHF,mio_chf,312d_per_capita_x_pop
2006,okp_premium,19 – 25,19,25,total_mio_chf,1487.4588609300001,CHF,mio_chf,312d_per_capita_x_pop
2006,okp_premium,> 25,26,100,total_mio_chf,16728.35432093,CHF,mio_chf,312d_per_capita_x_pop
2007,praemienverbilligung,0 – 5,0,5,beneficiaries_count,175623.0,Anzahl,count,
2007,praemienverbilligung,0 – 5,0,5,beneficiary_rate,0.07730055679042233,Anteil,rate,
2007,praemienverbilligung,6 – 10,6,10,beneficiaries_count,188255.0,Anzahl,count,
2007,praemienverbilligung,6 – 10,6,10,beneficiary_rate,0.0828605383041,Anteil,rate,
2007,praemienverbilligung,11 – 15,11,15,beneficiaries_count,193434.0,Anzahl,count,
2007,praemienverbilligung,11 – 15,11,15,beneficiary_rate,0.08514007790664407,Anteil,rate,
2007,praemienverbilligung,16 – 18,16,18,beneficiaries_count,108966.0,Anzahl,count,
2007,praemienverbilligung,16 – 18,16,18,beneficiary_rate,0.047961442813442196,Anteil,rate,
2007,praemienverbilligung,19 – 20,19,20,beneficiaries_count,87595.0,Anzahl,count,
2007,praemienverbilligung,19 – 20,19,20,beneficiary_rate,0.03855498580514536,Anteil,rate,
2007,praemienverbilligung,20 – 25,20,25,beneficiaries_count,195059.0,Anzahl,count,
2007,praemienverbilligung,20 – 25,20,25,beneficiary_rate,0.08585532252030194,Anteil,rate,
2007,praemienverbilligung,26 – 30,26,30,beneficiaries_count,152828.0,Anzahl,count,
2007,praemienverbilligung,26 – 30,26,30,beneficiary_rate,0.06726732542529545,Anteil,rate,
2007,praemienverbilligung,31 – 35,31,35,beneficiaries_count,140837.0,Anzahl,count,
2007,praemienverbilligung,31 – 35,31,35,beneficiary_rate,0.061989480402297584,Anteil,rate,
2007,praemienverbilligung,36 – 40,36,40,beneficiaries_count,171526.0,Anzahl,count,
2007,praemienverbilligung,36 – 40,36,40,beneficiary_rate,0.07549726006294152,Anteil,rate,
2007,praemienverbilligung,41 – 45,41,45,beneficiaries_count,175271.0,Anzahl,count,
2007,praemienverbilligung,41 – 45,41,45,beneficiary_rate,0.07714562380334074,Anteil,rate,
2007,praemienverbilligung,46 – 50,46,50,beneficiaries_count,130820.0,Anzahl,count,
2007,praemienverbilligung,46 – 50,46,50,beneficiary_rate,0.05758049252844473,Anteil,rate,
2007,praemienverbilligung,51 – 55,51,55,beneficiaries_count,90457.0,Anzahl,count,
2007,praemienverbilligung,51 – 55,51,55,beneficiary_rate,0.03981469662624618,Anteil,rate,
2007,praemienverbilligung,56 – 60,56,60,beneficiaries_count,71153.0,Anzahl,count,
2007,praemienverbilligung,56 – 60,56,60,beneficiary_rate,0.03131803076652215,Anteil,rate,
2007,praemienverbilligung,61 – 65,61,65,beneficiaries_count,64121.0,Anzahl,count,
2007,praemienverbilligung,61 – 65,61,65,beneficiary_rate,0.028222892229142368,Anteil,rate,
2007,praemienverbilligung,66 – 70,66,70,beneficiaries_count,60339.0,Anzahl,count,
2007,praemienverbilligung,66 – 70,66,70,beneficiary_rate,0.026558242919078323,Anteil,rate,
2007,praemienverbilligung,71 – 75,71,75,beneficiaries_count,63802.0,Anzahl,count,
2007,praemienverbilligung,71 – 75,71,75,beneficiary_rate,0.028082484209599683,Anteil,rate,
2007,praemienverbilligung,76 – 80,76,80,beneficiaries_count,60278.0,Anzahl,count,
2007,praemienverbilligung,76 – 80,76,80,beneficiary_rate,0.026531393736657936,Anteil,rate,
2007,praemienverbilligung,81 – 85,81,85,beneficiaries_count,52098.0,Anzahl,count,
2007,praemienverbilligung,81 – 85,81,85,beneficiary_rate,0.022930962389137086,Anteil,rate,
2007,praemienverbilligung,86 – 90,86,90,beneficiaries_count,34756.0,Anzahl,count,
2007,praemienverbilligung,86 – 90,86,90,beneficiary_rate,0.015297871872180286,Anteil,rate,
2007,praemienverbilligung,91 – 95,91,95,beneficiaries_count,16600.0,Anzahl,count,
2007,praemienverbilligung,91 – 95,91,95,beneficiary_rate,0.007306498822597329,Anteil,rate,
2007,okp_kostenbeteiligung,0 - 18,0,18,total_mio_chf,93.36621471251618,CHF,mio_chf,
2007,okp_kostenbeteiligung,19 - 25,19,25,total_mio_chf,308.22655697853213,CHF,mio_chf,
2007,okp_kostenbeteiligung,26 - 30,26,30,total_mio_chf,340.01842879015464,CHF,mio_chf,
2007,okp_kostenbeteiligung,31 - 35,31,35,total_mio_chf,383.6775232133099,CHF,mio_chf,
2007,okp_kostenbeteiligung,36 - 40,36,40,total_mio_chf,401.59330627953256,CHF,mio_chf,
2007,okp_kostenbeteiligung,41 - 45,41,45,total_mio_chf,417.7319944587596,CHF,mio_chf,
2007,okp_kostenbeteiligung,46 - 50,46,50,total_mio_chf,453.47351387203264,CHF,mio_chf,
2007,okp_kostenbeteiligung,51 - 55,51,55,total_mio_chf,507.72328991584936,CHF,mio_chf,
2007,okp_kostenbeteiligung,56 - 60,56,60,total_mio_chf,557.6637885428861,CHF,mio_chf,
2007,okp_kostenbeteiligung,61 - 65,61,65,total_mio_chf,619.9496577292748,CHF,mio_chf,
2007,okp_kostenbeteiligung,66 - 70,66,70,total_mio_chf,671.3426092223815,CHF,mio_chf,
2007,okp_kostenbeteiligung,71 - 75,71,75,total_mio_chf,723.2520755217581,CHF,mio_chf,
2007,okp_kostenbeteiligung,76 - 80,76,80,total_mio_chf,781.3293499588563,CHF,mio_chf,
2007,okp_kostenbeteiligung,81 - 85,81,85,total_mio_chf,849.5141811787398,CHF,mio_chf,
2007,okp_kostenbeteiligung,86 - 90,86,90,total_mio_chf,935.7538744092972,CHF,mio_chf,
2007,okp_kostenbeteiligung,> 90,90,100,total_mio_chf,1061.124661418652,CHF,mio_chf,
2007,okp_nettoleistungen,0 - 18,0,18,total_mio_chf,66.80299978713028,CHF,mio_chf,
2007,okp_nettoleistungen,19 - 25,19,25,total_mio_chf,72.73930527270434,CHF,mio_chf,
2007,okp_nettoleistungen,26 - 30,26,30,total_mio_chf,97.79019576241828,CHF,mio_chf,
2007,okp_nettoleistungen,31 - 35,31,35,total_mio_chf,117.32784913018583,CHF,mio_chf,
2007,okp_nettoleistungen,36 - 40,36,40,total_mio_chf,119.3321382056994,CHF,mio_chf,
2007,okp_nettoleistungen,41 - 45,41,45,total_mio_chf,128.25043035623514,CHF,mio_chf,
2007,okp_nettoleistungen,46 - 50,46,50,total_mio_chf,153.49878257628504,CHF,mio_chf,
2007,okp_nettoleistungen,51 - 55,51,55,total_mio_chf,194.7864798445276,CHF,mio_chf,
2007,okp_nettoleistungen,56 - 60,56,60,total_mio_chf,240.46908176945124,CHF,mio_chf,
2007,okp_nettoleistungen,61 - 65,61,65,total_mio_chf,307.9419348465302,CHF,mio_chf,
2007,okp_nettoleistungen,66 - 70,66,70,total_mio_chf,380.5121791474218,CHF,mio_chf,
2007,okp_nettoleistungen,71 - 75,71,75,total_mio_chf,481.1568656886637,CHF,mio_chf,
2007,okp_nettoleistungen,76 - 80,76,80,total_mio_chf,592.5387046296884,CHF,mio_chf,
2007,okp_nettoleistungen,81 - 85,81,85,total_mio_chf,739.433359804867,CHF,mio_chf,
2007,okp_nettoleistungen,86 - 90,86,90,total_mio_chf,957.2192205438273,CHF,mio_chf,
2007,okp_nettoleistungen,> 90,90,100,total_mio_chf,1342.7134120534959,CHF,mio_chf,
2007,okp_bruttoleistungen,0 - 18,0,18,total_mio_chf,74.58351767983996,CHF,mio_chf,
2007,okp_bruttoleistungen,19 - 25,19,25,total_mio_chf,98.42485168758202,CHF,mio_chf,
2007,okp_bruttoleistungen,26 - 30,26,30,total_mio_chf,126.1250648282645,CHF,mio_chf,
2007,okp_bruttoleistungen,31 - 35,31,35,total_mio_chf,149.30097606462832,CHF,mio_chf,
2007,okp_bruttoleistungen,36 - 40,36,40,total_mio_chf,152.7982470623271,CHF,mio_chf,
2007,okp_bruttoleistungen,41 - 45,41,45,total_mio_chf,163.0614298944651,CHF,mio_chf,
2007,okp_bruttoleistungen,46 - 50,46,50,total_mio_chf,191.2882420656211,CHF,mio_chf,
2007,okp_bruttoleistungen,51 - 55,51,55,total_mio_chf,237.09675400418172,CHF,mio_chf,
2007,okp_bruttoleistungen,56 - 60,56,60,total_mio_chf,286.9410641480251,CHF,mio_chf,
2007,okp_bruttoleistungen,61 - 65,61,65,total_mio_chf,359.6044063239698,CHF,mio_chf,
2007,okp_bruttoleistungen,66 - 70,66,70,total_mio_chf,436.4573965826203,CHF,mio_chf,
2007,okp_bruttoleistungen,71 - 75,71,75,total_mio_chf,541.4278719821435,CHF,mio_chf,
2007,okp_bruttoleistungen,76 - 80,76,80,total_mio_chf,657.6494837929264,CHF,mio_chf,
2007,okp_bruttoleistungen,81 - 85,81,85,total_mio_chf,810.2262082364286,CHF,mio_chf,
2007,okp_bruttoleistungen,86 - 90,86,90,total_mio_chf,1035.1987100779354,CHF,mio_chf,
2007,okp_bruttoleistungen,> 90,90,100,total_mio_chf,1431.1404671717169,CHF,mio_chf,
2007,okp_premium,0 – 18,0,18,total_mio_chf,1243.75684041,CHF,mio_chf,312d_per_capita_x_pop
2007,okp_premium,19 – 25,19,25,total_mio_chf,1518.90277651,CHF,mio_chf,312d_per_capita_x_pop
2007,okp_premium,> 25,26,100,total_mio_chf,17077.71854321,CHF,mio_chf,312d_per_capita_x_pop
2008,praemienverbilligung,0 – 18,0,18,beneficiaries_count,647822.0,Anzahl,count,403d_coarse_0_18
2008,praemienverbilligung,0 – 18,0,18,beneficiary_rate,0.4316160333448374,Anteil,rate,403d_coarse_0_18
2008,praemienverbilligung,19 – 25,19,25,beneficiaries_count,279906.0,Anzahl,count,
2008,praemienverbilligung,19 – 25,19,25,beneficiary_rate,0.4442190862518806,Anteil,rate,
2008,praemienverbilligung,26 – 30,26,30,beneficiaries_count,152416.0,Anzahl,count,
2008,praemienverbilligung,26 – 30,26,30,beneficiary_rate,0.3064432787597186,Anteil,rate,
2008,praemienverbilligung,31 – 35,31,35,beneficiaries_count,135523.0,Anzahl,count,
2008,praemienverbilligung,31 – 35,31,35,beneficiary_rate,0.2634901562785561,Anteil,rate,
2008,praemienverbilligung,36 – 40,36,40,beneficiaries_count,160367.0,Anzahl,count,
2008,praemienverbilligung,36 – 40,36,40,beneficiary_rate,0.2728397162155265,Anteil,rate,
2008,praemienverbilligung,41 – 45,41,45,beneficiaries_count,169784.0,Anzahl,count,
2008,praemienverbilligung,41 – 45,41,45,beneficiary_rate,0.26117601815175173,Anteil,rate,
2008,praemienverbilligung,46 – 50,46,50,beneficiaries_count,131674.0,Anzahl,count,
2008,praemienverbilligung,46 – 50,46,50,beneficiary_rate,0.22172864619467478,Anteil,rate,
2008,praemienverbilligung,51 – 55,51,55,beneficiaries_count,90311.0,Anzahl,count,
2008,praemienverbilligung,51 – 55,51,55,beneficiary_rate,0.1749009886609019,Anteil,rate,
2008,praemienverbilligung,56 – 60,56,60,beneficiaries_count,70056.0,Anzahl,count,
2008,praemienverbilligung,56 – 60,56,60,beneficiary_rate,0.14849797780246055,Anteil,rate,
2008,praemienverbilligung,61 – 65,61,65,beneficiaries_count,63583.0,Anzahl,count,
2008,praemienverbilligung,61 – 65,61,65,beneficiary_rate,0.14471830424916413,Anteil,rate,
2008,praemienverbilligung,66 – 70,66,70,beneficiaries_count,58320.0,Anzahl,count,
2008,praemienverbilligung,66 – 70,66,70,beneficiary_rate,0.16929275570985683,Anteil,rate,
2008,praemienverbilligung,71 – 75,71,75,beneficiaries_count,59659.0,Anzahl,count,
2008,praemienverbilligung,71 – 75,71,75,beneficiary_rate,0.20740712413347145,Anteil,rate,
2008,praemienverbilligung,76 – 80,76,80,beneficiaries_count,56041.0,Anzahl,count,
2008,praemienverbilligung,76 – 80,76,80,beneficiary_rate,0.23227119374652885,Anteil,rate,
2008,praemienverbilligung,81 – 85,81,85,beneficiaries_count,47382.0,Anzahl,count,
2008,praemienverbilligung,81 – 85,81,85,beneficiary_rate,0.26547809814094736,Anteil,rate,
2008,praemienverbilligung,86 – 90,86,90,beneficiaries_count,31918.0,Anzahl,count,
2008,praemienverbilligung,86 – 90,86,90,beneficiary_rate,0.31416591204378125,Anteil,rate,
2008,okp_kostenbeteiligung,0 - 18,0,18,total_mio_chf,95.08689259002136,CHF,mio_chf,
2008,okp_kostenbeteiligung,19 - 25,19,25,total_mio_chf,320.7996629149288,CHF,mio_chf,
2008,okp_kostenbeteiligung,26 - 30,26,30,total_mio_chf,352.04029185457114,CHF,mio_chf,
2008,okp_kostenbeteiligung,31 - 35,31,35,total_mio_chf,396.9015277891193,CHF,mio_chf,
2008,okp_kostenbeteiligung,36 - 40,36,40,total_mio_chf,417.35689300236476,CHF,mio_chf,
2008,okp_kostenbeteiligung,41 - 45,41,45,total_mio_chf,433.2559366226976,CHF,mio_chf,
2008,okp_kostenbeteiligung,46 - 50,46,50,total_mio_chf,469.49958575537335,CHF,mio_chf,
2008,okp_kostenbeteiligung,51 - 55,51,55,total_mio_chf,521.5894026396568,CHF,mio_chf,
2008,okp_kostenbeteiligung,56 - 60,56,60,total_mio_chf,571.778497299497,CHF,mio_chf,
2008,okp_kostenbeteiligung,61 - 65,61,65,total_mio_chf,634.0852768932784,CHF,mio_chf,
2008,okp_kostenbeteiligung,66 - 70,66,70,total_mio_chf,688.6071984255072,CHF,mio_chf,
2008,okp_kostenbeteiligung,71 - 75,71,75,total_mio_chf,736.2904478483676,CHF,mio_chf,
2008,okp_kostenbeteiligung,76 - 80,76,80,total_mio_chf,793.6631340301901,CHF,mio_chf,
2008,okp_kostenbeteiligung,81 - 85,81,85,total_mio_chf,863.0104550700935,CHF,mio_chf,
2008,okp_kostenbeteiligung,86 - 90,86,90,total_mio_chf,944.852277648728,CHF,mio_chf,
2008,okp_kostenbeteiligung,> 90,90,100,total_mio_chf,1074.2120318490106,CHF,mio_chf,
2008,okp_nettoleistungen,0 - 18,0,18,total_mio_chf,69.33485734102105,CHF,mio_chf,
2008,okp_nettoleistungen,19 - 25,19,25,total_mio_chf,75.9404094218769,CHF,mio_chf,
2008,okp_nettoleistungen,26 - 30,26,30,total_mio_chf,101.2292654778827,CHF,mio_chf,
2008,okp_nettoleistungen,31 - 35,31,35,total_mio_chf,121.9876277856196,CHF,mio_chf,
2008,okp_nettoleistungen,36 - 40,36,40,total_mio_chf,124.41014299811151,CHF,mio_chf,
2008,okp_nettoleistungen,41 - 45,41,45,total_mio_chf,132.99380109987308,CHF,mio_chf,
2008,okp_nettoleistungen,46 - 50,46,50,total_mio_chf,160.0461393018238,CHF,mio_chf,
2008,okp_nettoleistungen,51 - 55,51,55,total_mio_chf,201.9028305784457,CHF,mio_chf,
2008,okp_nettoleistungen,56 - 60,56,60,total_mio_chf,250.45066742410754,CHF,mio_chf,
2008,okp_nettoleistungen,61 - 65,61,65,total_mio_chf,317.86573409171433,CHF,mio_chf,
2008,okp_nettoleistungen,66 - 70,66,70,total_mio_chf,398.0740051051016,CHF,mio_chf,
2008,okp_nettoleistungen,71 - 75,71,75,total_mio_chf,496.3635627504561,CHF,mio_chf,
2008,okp_nettoleistungen,76 - 80,76,80,total_mio_chf,618.6876573245908,CHF,mio_chf,
2008,okp_nettoleistungen,81 - 85,81,85,total_mio_chf,770.2764551746807,CHF,mio_chf,
2008,okp_nettoleistungen,86 - 90,86,90,total_mio_chf,990.4239840479283,CHF,mio_chf,
2008,okp_nettoleistungen,> 90,90,100,total_mio_chf,1383.000911024982,CHF,mio_chf,
2008,okp_bruttoleistungen,0 - 18,0,18,total_mio_chf,77.25876505685616,CHF,mio_chf,
2008,okp_bruttoleistungen,19 - 25,19,25,total_mio_chf,102.67371466478762,CHF,mio_chf,
2008,okp_bruttoleistungen,26 - 30,26,30,total_mio_chf,130.56595646576363,CHF,mio_chf,
2008,okp_bruttoleistungen,31 - 35,31,35,total_mio_chf,155.06275510137954,CHF,mio_chf,
2008,okp_bruttoleistungen,36 - 40,36,40,total_mio_chf,159.1898840816419,CHF,mio_chf,
2008,okp_bruttoleistungen,41 - 45,41,45,total_mio_chf,169.09846248509788,CHF,mio_chf,
2008,okp_bruttoleistungen,46 - 50,46,50,total_mio_chf,199.17110478143826,CHF,mio_chf,
2008,okp_bruttoleistungen,51 - 55,51,55,total_mio_chf,245.36861413175043,CHF,mio_chf,
2008,okp_bruttoleistungen,56 - 60,56,60,total_mio_chf,298.09887553239895,CHF,mio_chf,
2008,okp_bruttoleistungen,61 - 65,61,65,total_mio_chf,370.70617383282087,CHF,mio_chf,
2008,okp_bruttoleistungen,66 - 70,66,70,total_mio_chf,455.4579383072272,CHF,mio_chf,
2008,okp_bruttoleistungen,71 - 75,71,75,total_mio_chf,557.7211000711534,CHF,mio_chf,
2008,okp_bruttoleistungen,76 - 80,76,80,total_mio_chf,684.8262518271066,CHF,mio_chf,
2008,okp_bruttoleistungen,81 - 85,81,85,total_mio_chf,842.1939930971885,CHF,mio_chf,
2008,okp_bruttoleistungen,86 - 90,86,90,total_mio_chf,1069.161673851989,CHF,mio_chf,
2008,okp_bruttoleistungen,> 90,90,100,total_mio_chf,1472.518580345733,CHF,mio_chf,
2008,okp_premium,0 – 18,0,18,total_mio_chf,1205.973987695,CHF,mio_chf,312d_per_capita_x_pop
2008,okp_premium,19 – 25,19,25,total_mio_chf,1535.0715785250002,CHF,mio_chf,312d_per_capita_x_pop
2008,okp_premium,> 25,26,100,total_mio_chf,17149.29490274,CHF,mio_chf,312d_per_capita_x_pop
2009,okp_premium,0 – 5,0,5,total_mio_chf,344.19236275,CHF,mio_chf,
2009,okp_premium,6 – 10,6,10,total_mio_chf,310.99228357999993,CHF,mio_chf,
2009,okp_premium,11 – 15,11,15,total_mio_chf,338.65538769000005,CHF,mio_chf,
2009,okp_premium,16 – 18,16,18,total_mio_chf,216.70988924000005,CHF,mio_chf,
2009,okp_premium,19 – 20,19,20,total_mio_chf,456.19283873,CHF,mio_chf,
2009,okp_premium,21 – 25,21,25,total_mio_chf,1120.3672020999998,CHF,mio_chf,
2009,okp_premium,26 – 30,26,30,total_mio_chf,1417.0092242199999,CHF,mio_chf,
2009,okp_premium,31 – 35,31,35,total_mio_chf,1433.2585279000004,CHF,mio_chf,
2009,okp_premium,36 – 40,36,40,total_mio_chf,1619.6626336699997,CHF,mio_chf,
2009,okp_premium,41 – 45,41,45,total_mio_chf,1873.91231873,CHF,mio_chf,
2009,okp_premium,46 – 50,46,50,total_mio_chf,1823.47075249,CHF,mio_chf,
2009,okp_premium,51 – 55,51,55,total_mio_chf,1634.1143170400003,CHF,mio_chf,
2009,okp_premium,56 – 60,56,60,total_mio_chf,1510.9707724599998,CHF,mio_chf,
2009,okp_premium,61 – 65,61,65,total_mio_chf,1504.1974532100003,CHF,mio_chf,
2009,okp_premium,66 – 70,66,70,total_mio_chf,1263.7265368100004,CHF,mio_chf,
2009,okp_premium,71 – 75,71,75,total_mio_chf,1056.0042657100003,CHF,mio_chf,
2009,okp_premium,76 – 80,76,80,total_mio_chf,910.2204314400001,CHF,mio_chf,
2009,okp_premium,81 – 85,81,85,total_mio_chf,688.5691773899999,CHF,mio_chf,
2009,okp_premium,86 – 90,86,90,total_mio_chf,413.7694778300001,CHF,mio_chf,
2009,okp_premium,91 – 95,91,95,total_mio_chf,146.59149403,CHF,mio_chf,
2009,okp_premium,96 – 100,96,100,total_mio_chf,37.08774356,CHF,mio_chf,
2009,okp_premium,> 100,100,100,total_mio_chf,5.02125593,CHF,mio_chf,
2009,praemienverbilligung,0 – 18,0,18,beneficiaries_count,671802.0,Anzahl,count,403d_coarse_0_18
2009,praemienverbilligung,0 – 18,0,18,beneficiary_rate,0.4457954109473928,Anteil,rate,403d_coarse_0_18
2009,praemienverbilligung,0 – 18,0,18,total_mio_chf,336.9967383354294,CHF,mio_chf,403d_coarse_0_18
2009,praemienverbilligung,19 – 25,19,25,beneficiaries_count,279097.0,Anzahl,count,
2009,praemienverbilligung,19 – 25,19,25,beneficiary_rate,0.4279293524129626,Anteil,rate,
2009,praemienverbilligung,19 – 25,19,25,total_mio_chf,348.177667451543,CHF,mio_chf,
2009,praemienverbilligung,26 – 30,26,30,beneficiaries_count,153900.0,Anzahl,count,
2009,praemienverbilligung,26 – 30,26,30,beneficiary_rate,0.300621037354713,Anteil,rate,
2009,praemienverbilligung,26 – 30,26,30,total_mio_chf,151.0139010608275,CHF,mio_chf,
2009,praemienverbilligung,31 – 35,31,35,beneficiaries_count,136520.0,Anzahl,count,
2009,praemienverbilligung,31 – 35,31,35,beneficiary_rate,0.26232540790476844,Anteil,rate,
2009,praemienverbilligung,31 – 35,31,35,total_mio_chf,136.13290763134393,CHF,mio_chf,
2009,praemienverbilligung,36 – 40,36,40,beneficiaries_count,155555.0,Anzahl,count,
2009,praemienverbilligung,36 – 40,36,40,beneficiary_rate,0.26948968903743215,Anteil,rate,
2009,praemienverbilligung,36 – 40,36,40,total_mio_chf,159.3015870641792,CHF,mio_chf,
2009,praemienverbilligung,41 – 45,41,45,beneficiaries_count,168359.0,Anzahl,count,
2009,praemienverbilligung,41 – 45,41,45,beneficiary_rate,0.259536008646072,Anteil,rate,
2009,praemienverbilligung,41 – 45,41,45,total_mio_chf,174.94286017020357,CHF,mio_chf,
2009,praemienverbilligung,46 – 50,46,50,beneficiaries_count,136045.0,Anzahl,count,
2009,praemienverbilligung,46 – 50,46,50,beneficiary_rate,0.22195619854430212,Anteil,rate,
2009,praemienverbilligung,46 – 50,46,50,total_mio_chf,148.4800119913542,CHF,mio_chf,
2009,praemienverbilligung,51 – 55,51,55,beneficiaries_count,94396.0,Anzahl,count,
2009,praemienverbilligung,51 – 55,51,55,beneficiary_rate,0.17818264872935666,Anteil,rate,
2009,praemienverbilligung,51 – 55,51,55,total_mio_chf,111.69048332239959,CHF,mio_chf,
2009,praemienverbilligung,56 – 60,56,60,beneficiaries_count,71327.0,Anzahl,count,
2009,praemienverbilligung,56 – 60,56,60,beneficiary_rate,0.1513774751751616,Anteil,rate,
2009,praemienverbilligung,56 – 60,56,60,total_mio_chf,90.70218862023533,CHF,mio_chf,
2009,praemienverbilligung,61 – 65,61,65,beneficiaries_count,65337.0,Anzahl,count,
2009,praemienverbilligung,61 – 65,61,65,beneficiary_rate,0.1462561049449839,Anteil,rate,
2009,praemienverbilligung,61 – 65,61,65,total_mio_chf,88.70243790766531,CHF,mio_chf,
2009,praemienverbilligung,66 – 70,66,70,beneficiaries_count,57838.0,Anzahl,count,
2009,praemienverbilligung,66 – 70,66,70,beneficiary_rate,0.16074144611384666,Anteil,rate,
2009,praemienverbilligung,66 – 70,66,70,total_mio_chf,84.53424907339021,CHF,mio_chf,
2009,praemienverbilligung,71 – 75,71,75,beneficiaries_count,58236.0,Anzahl,count,
2009,praemienverbilligung,71 – 75,71,75,beneficiary_rate,0.20004864154070018,Anteil,rate,
2009,praemienverbilligung,71 – 75,71,75,total_mio_chf,86.82629102083551,CHF,mio_chf,
2009,praemienverbilligung,76 – 80,76,80,beneficiaries_count,55296.0,Anzahl,count,
2009,praemienverbilligung,76 – 80,76,80,beneficiary_rate,0.22620317705503887,Anteil,rate,
2009,praemienverbilligung,76 – 80,76,80,total_mio_chf,84.98234287005842,CHF,mio_chf,
2009,praemienverbilligung,81 – 85,81,85,beneficiaries_count,46075.0,Anzahl,count,
2009,praemienverbilligung,81 – 85,81,85,beneficiary_rate,0.2544593764096746,Anteil,rate,
2009,praemienverbilligung,81 – 85,81,85,total_mio_chf,74.47916151836587,CHF,mio_chf,
2009,praemienverbilligung,86 – 90,86,90,beneficiaries_count,31895.0,Anzahl,count,
2009,praemienverbilligung,86 – 90,86,90,beneficiary_rate,0.2987843565710029,Anteil,rate,
2009,praemienverbilligung,86 – 90,86,90,total_mio_chf,55.809310144256244,CHF,mio_chf,
2009,okp_kostenbeteiligung,0 – 5,0,5,total_mio_chf,45.21513354999999,CHF,mio_chf,
2009,okp_kostenbeteiligung,6 – 10,6,10,total_mio_chf,30.63672879000001,CHF,mio_chf,
2009,okp_kostenbeteiligung,11 – 15,11,15,total_mio_chf,37.92802201999999,CHF,mio_chf,
2009,okp_kostenbeteiligung,16 – 18,16,18,total_mio_chf,30.475379480000008,CHF,mio_chf,
2009,okp_kostenbeteiligung,19 – 20,19,20,total_mio_chf,60.042997650000025,CHF,mio_chf,
2009,okp_kostenbeteiligung,21 – 25,21,25,total_mio_chf,157.90615946,CHF,mio_chf,
2009,okp_kostenbeteiligung,26 – 30,26,30,total_mio_chf,185.48657427999993,CHF,mio_chf,
2009,okp_kostenbeteiligung,31 – 35,31,35,total_mio_chf,211.22724492999998,CHF,mio_chf,
2009,okp_kostenbeteiligung,36 – 40,36,40,total_mio_chf,246.67926880000002,CHF,mio_chf,
2009,okp_kostenbeteiligung,41 – 45,41,45,total_mio_chf,285.8193201100001,CHF,mio_chf,
2009,okp_kostenbeteiligung,46 – 50,46,50,total_mio_chf,290.34541108999997,CHF,mio_chf,
2009,okp_kostenbeteiligung,51 – 55,51,55,total_mio_chf,278.5518028300001,CHF,mio_chf,
2009,okp_kostenbeteiligung,56 – 60,56,60,total_mio_chf,270.71332344,CHF,mio_chf,
2009,okp_kostenbeteiligung,61 – 65,61,65,total_mio_chf,284.09335648000007,CHF,mio_chf,
2009,okp_kostenbeteiligung,66 – 70,66,70,total_mio_chf,249.32289232000002,CHF,mio_chf,
2009,okp_kostenbeteiligung,71 – 75,71,75,total_mio_chf,216.06099174000002,CHF,mio_chf,
2009,okp_kostenbeteiligung,76 – 80,76,80,total_mio_chf,194.36742580000003,CHF,mio_chf,
2009,okp_kostenbeteiligung,81 – 85,81,85,total_mio_chf,155.77160035999995,CHF,mio_chf,
2009,okp_kostenbeteiligung,86 – 90,86,90,total_mio_chf,100.68081010999998,CHF,mio_chf,
2009,okp_kostenbeteiligung,91 – 95,91,95,total_mio_chf,39.16999152000002,CHF,mio_chf,
2009,okp_kostenbeteiligung,96 – 100,96,100,total_mio_chf,10.603126829999999,CHF,mio_chf,
2009,okp_kostenbeteiligung,> 100,100,100,total_mio_chf,1.1753524499999999,CHF,mio_chf,
2009,okp_nettoleistungen,0 – 5,0,5,total_mio_chf,434.15577230999986,CHF,mio_chf,
2009,okp_nettoleistungen,6 – 10,6,10,total_mio_chf,266.87695725000015,CHF,mio_chf,
2009,okp_nettoleistungen,11 – 15,11,15,total_mio_chf,324.84785833000007,CHF,mio_chf,
2009,okp_nettoleistungen,16 – 18,16,18,total_mio_chf,278.57947076999994,CHF,mio_chf,
2009,okp_nettoleistungen,19 – 20,19,20,total_mio_chf,149.84754671000005,CHF,mio_chf,
2009,okp_nettoleistungen,21 – 25,21,25,total_mio_chf,469.59024972999987,CHF,mio_chf,
2009,okp_nettoleistungen,26 – 30,26,30,total_mio_chf,648.3902422200001,CHF,mio_chf,
2009,okp_nettoleistungen,31 – 35,31,35,total_mio_chf,787.8943426199997,CHF,mio_chf,
2009,okp_nettoleistungen,36 – 40,36,40,total_mio_chf,898.2012480800004,CHF,mio_chf,
2009,okp_nettoleistungen,41 – 45,41,45,total_mio_chf,1069.3707486299998,CHF,mio_chf,
2009,okp_nettoleistungen,46 – 50,46,50,total_mio_chf,1207.7366121600005,CHF,mio_chf,
2009,okp_nettoleistungen,51 – 55,51,55,total_mio_chf,1315.71834415,CHF,mio_chf,
2009,okp_nettoleistungen,56 – 60,56,60,total_mio_chf,1454.0618126800002,CHF,mio_chf,
2009,okp_nettoleistungen,61 – 65,61,65,total_mio_chf,1749.2254937899997,CHF,mio_chf,
2009,okp_nettoleistungen,66 – 70,66,70,total_mio_chf,1763.99617709,CHF,mio_chf,
2009,okp_nettoleistungen,71 – 75,71,75,total_mio_chf,1781.5206249999999,CHF,mio_chf,
2009,okp_nettoleistungen,76 – 80,76,80,total_mio_chf,1865.20179886,CHF,mio_chf,
2009,okp_nettoleistungen,81 – 85,81,85,total_mio_chf,1710.7614451200006,CHF,mio_chf,
2009,okp_nettoleistungen,86 – 90,86,90,total_mio_chf,1293.4080882499998,CHF,mio_chf,
2009,okp_nettoleistungen,91 – 95,91,95,total_mio_chf,596.8537258299998,CHF,mio_chf,
2009,okp_nettoleistungen,96 – 100,96,100,total_mio_chf,183.98739452,CHF,mio_chf,
2009,okp_nettoleistungen,> 100,100,100,total_mio_chf,22.424554850000003,CHF,mio_chf,
2009,okp_bruttoleistungen,0 – 5,0,5,total_mio_chf,479.3709058599998,CHF,mio_chf,
2009,okp_bruttoleistungen,6 – 10,6,10,total_mio_chf,297.51368604000015,CHF,mio_chf,
2009,okp_bruttoleistungen,11 – 15,11,15,total_mio_chf,362.7758803500001,CHF,mio_chf,
2009,okp_bruttoleistungen,16 – 18,16,18,total_mio_chf,309.05485024999996,CHF,mio_chf,
2009,okp_bruttoleistungen,19 – 20,19,20,total_mio_chf,209.89054436000006,CHF,mio_chf,
2009,okp_bruttoleistungen,21 – 25,21,25,total_mio_chf,627.4964091899999,CHF,mio_chf,
2009,okp_bruttoleistungen,26 – 30,26,30,total_mio_chf,833.8768165,CHF,mio_chf,
2009,okp_bruttoleistungen,31 – 35,31,35,total_mio_chf,999.1215875499997,CHF,mio_chf,
2009,okp_bruttoleistungen,36 – 40,36,40,total_mio_chf,1144.8805168800004,CHF,mio_chf,
2009,okp_bruttoleistungen,41 – 45,41,45,total_mio_chf,1355.1900687399998,CHF,mio_chf,
2009,okp_bruttoleistungen,46 – 50,46,50,total_mio_chf,1498.0820232500005,CHF,mio_chf,
2009,okp_bruttoleistungen,51 – 55,51,55,total_mio_chf,1594.27014698,CHF,mio_chf,
2009,okp_bruttoleistungen,56 – 60,56,60,total_mio_chf,1724.7751361200003,CHF,mio_chf,
2009,okp_bruttoleistungen,61 – 65,61,65,total_mio_chf,2033.3188502699998,CHF,mio_chf,
2009,okp_bruttoleistungen,66 – 70,66,70,total_mio_chf,2013.3190694099999,CHF,mio_chf,
2009,okp_bruttoleistungen,71 – 75,71,75,total_mio_chf,1997.5816167399998,CHF,mio_chf,
2009,okp_bruttoleistungen,76 – 80,76,80,total_mio_chf,2059.56922466,CHF,mio_chf,
2009,okp_bruttoleistungen,81 – 85,81,85,total_mio_chf,1866.5330454800005,CHF,mio_chf,
2009,okp_bruttoleistungen,86 – 90,86,90,total_mio_chf,1394.0888983599998,CHF,mio_chf,
2009,okp_bruttoleistungen,91 – 95,91,95,total_mio_chf,636.0237173499999,CHF,mio_chf,
2009,okp_bruttoleistungen,96 – 100,96,100,total_mio_chf,194.59052135000002,CHF,mio_chf,
2009,okp_bruttoleistungen,> 100,100,100,total_mio_chf,23.5999073,CHF,mio_chf,
2010,okp_premium,0 – 5,0,5,total_mio_chf,377.9519840100001,CHF,mio_chf,
2010,okp_premium,6 – 10,6,10,total_mio_chf,336.0377553,CHF,mio_chf,
2010,okp_premium,11 – 15,11,15,total_mio_chf,364.7431962299999,CHF,mio_chf,
2010,okp_premium,16 – 18,16,18,total_mio_chf,231.18198066,CHF,mio_chf,
2010,okp_premium,19 – 20,19,20,total_mio_chf,507.4299592399999,CHF,mio_chf,
2010,okp_premium,21 – 25,21,25,total_mio_chf,1258.2780928299997,CHF,mio_chf,
2010,okp_premium,26 – 30,26,30,total_mio_chf,1555.3062544599998,CHF,mio_chf,
2010,okp_premium,31 – 35,31,35,total_mio_chf,1568.5225955499998,CHF,mio_chf,
2010,okp_premium,36 – 40,36,40,total_mio_chf,1727.7337272900002,CHF,mio_chf,
2010,okp_premium,41 – 45,41,45,total_mio_chf,2005.0777969100002,CHF,mio_chf,
2010,okp_premium,46 – 50,46,50,total_mio_chf,2034.6926066800006,CHF,mio_chf,
2010,okp_premium,51 – 55,51,55,total_mio_chf,1815.3920637700003,CHF,mio_chf,
2010,okp_premium,56 – 60,56,60,total_mio_chf,1644.7253949500002,CHF,mio_chf,
2010,okp_premium,61 – 65,61,65,total_mio_chf,1631.4066126199996,CHF,mio_chf,
2010,okp_premium,66 – 70,66,70,total_mio_chf,1421.1491617700005,CHF,mio_chf,
2010,okp_premium,71 – 75,71,75,total_mio_chf,1150.39374273,CHF,mio_chf,
2010,okp_premium,76 – 80,76,80,total_mio_chf,993.3736003699996,CHF,mio_chf,
2010,okp_premium,81 – 85,81,85,total_mio_chf,756.1481487799997,CHF,mio_chf,
2010,okp_premium,86 – 90,86,90,total_mio_chf,465.41392577,CHF,mio_chf,
2010,okp_premium,91 – 95,91,95,total_mio_chf,160.35177542000002,CHF,mio_chf,
2010,okp_premium,96 – 100,96,100,total_mio_chf,41.61219663,CHF,mio_chf,
2010,okp_premium,> 100,100,100,total_mio_chf,4.45640158,CHF,mio_chf,
2010,praemienverbilligung,0 – 18,0,18,beneficiaries_count,667778.0,Anzahl,count,403d_coarse_0_18
2010,praemienverbilligung,0 – 18,0,18,beneficiary_rate,0.4438101137275961,Anteil,rate,403d_coarse_0_18
2010,praemienverbilligung,0 – 18,0,18,total_mio_chf,381.8278252366873,CHF,mio_chf,403d_coarse_0_18
2010,praemienverbilligung,19 – 25,19,25,beneficiaries_count,287676.0,Anzahl,count,
2010,praemienverbilligung,19 – 25,19,25,beneficiary_rate,0.43829330164316566,Anteil,rate,
2010,praemienverbilligung,19 – 25,19,25,total_mio_chf,435.042326269757,CHF,mio_chf,
2010,praemienverbilligung,26 – 30,26,30,beneficiaries_count,158969.0,Anzahl,count,
2010,praemienverbilligung,26 – 30,26,30,beneficiary_rate,0.30623433614134987,Anteil,rate,
2010,praemienverbilligung,26 – 30,26,30,total_mio_chf,259.575127924476,CHF,mio_chf,
2010,praemienverbilligung,31 – 35,31,35,beneficiaries_count,138176.0,Anzahl,count,
2010,praemienverbilligung,31 – 35,31,35,beneficiary_rate,0.2631763397278642,Anteil,rate,
2010,praemienverbilligung,31 – 35,31,35,total_mio_chf,218.79740081412567,CHF,mio_chf,
2010,praemienverbilligung,36 – 40,36,40,beneficiaries_count,152632.0,Anzahl,count,
2010,praemienverbilligung,36 – 40,36,40,beneficiary_rate,0.2690788186284794,Anteil,rate,
2010,praemienverbilligung,36 – 40,36,40,total_mio_chf,240.54232486818168,CHF,mio_chf,
2010,praemienverbilligung,41 – 45,41,45,beneficiaries_count,166036.0,Anzahl,count,
2010,praemienverbilligung,41 – 45,41,45,beneficiary_rate,0.25912677603815515,Anteil,rate,
2010,praemienverbilligung,41 – 45,41,45,total_mio_chf,260.8947070417299,CHF,mio_chf,
2010,praemienverbilligung,46 – 50,46,50,beneficiaries_count,141395.0,Anzahl,count,
2010,praemienverbilligung,46 – 50,46,50,beneficiary_rate,0.2234900453318328,Anteil,rate,
2010,praemienverbilligung,46 – 50,46,50,total_mio_chf,231.07891119299717,CHF,mio_chf,
2010,praemienverbilligung,51 – 55,51,55,beneficiaries_count,98792.0,Anzahl,count,
2010,praemienverbilligung,51 – 55,51,55,beneficiary_rate,0.18114408722023992,Anteil,rate,
2010,praemienverbilligung,51 – 55,51,55,total_mio_chf,175.336500776732,CHF,mio_chf,
2010,praemienverbilligung,56 – 60,56,60,beneficiaries_count,74900.0,Anzahl,count,
2010,praemienverbilligung,56 – 60,56,60,beneficiary_rate,0.15740750470226023,Anteil,rate,
2010,praemienverbilligung,56 – 60,56,60,total_mio_chf,143.81179393966462,CHF,mio_chf,
2010,praemienverbilligung,61 – 65,61,65,beneficiaries_count,68201.0,Anzahl,count,
2010,praemienverbilligung,61 – 65,61,65,beneficiary_rate,0.15146387017826726,Anteil,rate,
2010,praemienverbilligung,61 – 65,61,65,total_mio_chf,136.52258989077674,CHF,mio_chf,
2010,praemienverbilligung,66 – 70,66,70,beneficiaries_count,60560.0,Anzahl,count,
2010,praemienverbilligung,66 – 70,66,70,beneficiary_rate,0.16108653613408272,Anteil,rate,
2010,praemienverbilligung,66 – 70,66,70,total_mio_chf,127.11182293885517,CHF,mio_chf,
2010,praemienverbilligung,71 – 75,71,75,beneficiaries_count,59009.0,Anzahl,count,
2010,praemienverbilligung,71 – 75,71,75,beneficiary_rate,0.20042320207049744,Anteil,rate,
2010,praemienverbilligung,71 – 75,71,75,total_mio_chf,124.06547983860112,CHF,mio_chf,
2010,praemienverbilligung,76 – 80,76,80,beneficiaries_count,56581.0,Anzahl,count,
2010,praemienverbilligung,76 – 80,76,80,beneficiary_rate,0.22817587540478523,Anteil,rate,
2010,praemienverbilligung,76 – 80,76,80,total_mio_chf,122.65614168376699,CHF,mio_chf,
2010,praemienverbilligung,81 – 85,81,85,beneficiaries_count,46898.0,Anzahl,count,
2010,praemienverbilligung,81 – 85,81,85,beneficiary_rate,0.2545194045402988,Anteil,rate,
2010,praemienverbilligung,81 – 85,81,85,total_mio_chf,108.31835629369178,CHF,mio_chf,
2010,praemienverbilligung,86 – 90,86,90,beneficiaries_count,32880.0,Anzahl,count,
2010,praemienverbilligung,86 – 90,86,90,beneficiary_rate,0.2954629188645166,Anteil,rate,
2010,praemienverbilligung,86 – 90,86,90,total_mio_chf,82.36840662090025,CHF,mio_chf,
2010,okp_kostenbeteiligung,0 – 5,0,5,total_mio_chf,45.29951251,CHF,mio_chf,
2010,okp_kostenbeteiligung,6 – 10,6,10,total_mio_chf,29.883778539999994,CHF,mio_chf,
2010,okp_kostenbeteiligung,11 – 15,11,15,total_mio_chf,36.78272983999998,CHF,mio_chf,
2010,okp_kostenbeteiligung,16 – 18,16,18,total_mio_chf,29.37613373,CHF,mio_chf,
2010,okp_kostenbeteiligung,19 – 20,19,20,total_mio_chf,60.56931974000001,CHF,mio_chf,
2010,okp_kostenbeteiligung,21 – 25,21,25,total_mio_chf,157.06490018000002,CHF,mio_chf,
2010,okp_kostenbeteiligung,26 – 30,26,30,total_mio_chf,184.39742358,CHF,mio_chf,
2010,okp_kostenbeteiligung,31 – 35,31,35,total_mio_chf,211.56622415999996,CHF,mio_chf,
2010,okp_kostenbeteiligung,36 – 40,36,40,total_mio_chf,243.085926,CHF,mio_chf,
2010,okp_kostenbeteiligung,41 – 45,41,45,total_mio_chf,282.72019745000006,CHF,mio_chf,
2010,okp_kostenbeteiligung,46 – 50,46,50,total_mio_chf,298.46642849,CHF,mio_chf,
2010,okp_kostenbeteiligung,51 – 55,51,55,total_mio_chf,284.62126863000003,CHF,mio_chf,
2010,okp_kostenbeteiligung,56 – 60,56,60,total_mio_chf,271.05456771,CHF,mio_chf,
2010,okp_kostenbeteiligung,61 – 65,61,65,total_mio_chf,284.36575665000004,CHF,mio_chf,
2010,okp_kostenbeteiligung,66 – 70,66,70,total_mio_chf,258.9610437400001,CHF,mio_chf,
2010,okp_kostenbeteiligung,71 – 75,71,75,total_mio_chf,217.73879737999997,CHF,mio_chf,
2010,okp_kostenbeteiligung,76 – 80,76,80,total_mio_chf,197.44224948000002,CHF,mio_chf,
2010,okp_kostenbeteiligung,81 – 85,81,85,total_mio_chf,158.28793061000002,CHF,mio_chf,
2010,okp_kostenbeteiligung,86 – 90,86,90,total_mio_chf,105.07867919999997,CHF,mio_chf,
2010,okp_kostenbeteiligung,91 – 95,91,95,total_mio_chf,39.582668180000006,CHF,mio_chf,
2010,okp_kostenbeteiligung,96 – 100,96,100,total_mio_chf,11.108264319999996,CHF,mio_chf,
2010,okp_kostenbeteiligung,> 100,100,100,total_mio_chf,1.2608450300000003,CHF,mio_chf,
2010,okp_nettoleistungen,0 – 5,0,5,total_mio_chf,436.6870376000001,CHF,mio_chf,
2010,okp_nettoleistungen,6 – 10,6,10,total_mio_chf,269.0760563699999,CHF,mio_chf,
2010,okp_nettoleistungen,11 – 15,11,15,total_mio_chf,326.82632622000006,CHF,mio_chf,
2010,okp_nettoleistungen,16 – 18,16,18,total_mio_chf,273.88658813000006,CHF,mio_chf,
2010,okp_nettoleistungen,19 – 20,19,20,total_mio_chf,153.45594812000007,CHF,mio_chf,
2010,okp_nettoleistungen,21 – 25,21,25,total_mio_chf,477.74752179000006,CHF,mio_chf,
2010,okp_nettoleistungen,26 – 30,26,30,total_mio_chf,663.1968066399999,CHF,mio_chf,
2010,okp_nettoleistungen,31 – 35,31,35,total_mio_chf,807.05367861,CHF,mio_chf,
2010,okp_nettoleistungen,36 – 40,36,40,total_mio_chf,907.6145876399999,CHF,mio_chf,
2010,okp_nettoleistungen,41 – 45,41,45,total_mio_chf,1081.2424313599997,CHF,mio_chf,
2010,okp_nettoleistungen,46 – 50,46,50,total_mio_chf,1267.6996770200003,CHF,mio_chf,
2010,okp_nettoleistungen,51 – 55,51,55,total_mio_chf,1368.6391034800004,CHF,mio_chf,
2010,okp_nettoleistungen,56 – 60,56,60,total_mio_chf,1490.97519896,CHF,mio_chf,
2010,okp_nettoleistungen,61 – 65,61,65,total_mio_chf,1775.3353538700003,CHF,mio_chf,
2010,okp_nettoleistungen,66 – 70,66,70,total_mio_chf,1864.8304835299996,CHF,mio_chf,
2010,okp_nettoleistungen,71 – 75,71,75,total_mio_chf,1829.6845523400004,CHF,mio_chf,
2010,okp_nettoleistungen,76 – 80,76,80,total_mio_chf,1926.7134108399996,CHF,mio_chf,
2010,okp_nettoleistungen,81 – 85,81,85,total_mio_chf,1768.4797540900004,CHF,mio_chf,
2010,okp_nettoleistungen,86 – 90,86,90,total_mio_chf,1370.9440849000002,CHF,mio_chf,
2010,okp_nettoleistungen,91 – 95,91,95,total_mio_chf,606.8947156899999,CHF,mio_chf,
2010,okp_nettoleistungen,96 – 100,96,100,total_mio_chf,192.81432951000005,CHF,mio_chf,
2010,okp_nettoleistungen,> 100,100,100,total_mio_chf,23.90773794,CHF,mio_chf,
2010,okp_bruttoleistungen,0 – 5,0,5,total_mio_chf,481.9865501100001,CHF,mio_chf,
2010,okp_bruttoleistungen,6 – 10,6,10,total_mio_chf,298.95983490999987,CHF,mio_chf,
2010,okp_bruttoleistungen,11 – 15,11,15,total_mio_chf,363.60905606000006,CHF,mio_chf,
2010,okp_bruttoleistungen,16 – 18,16,18,total_mio_chf,303.26272186000006,CHF,mio_chf,
2010,okp_bruttoleistungen,19 – 20,19,20,total_mio_chf,214.02526786000007,CHF,mio_chf,
2010,okp_bruttoleistungen,21 – 25,21,25,total_mio_chf,634.8124219700001,CHF,mio_chf,
2010,okp_bruttoleistungen,26 – 30,26,30,total_mio_chf,847.5942302199999,CHF,mio_chf,
2010,okp_bruttoleistungen,31 – 35,31,35,total_mio_chf,1018.61990277,CHF,mio_chf,
2010,okp_bruttoleistungen,36 – 40,36,40,total_mio_chf,1150.7005136399998,CHF,mio_chf,
2010,okp_bruttoleistungen,41 – 45,41,45,total_mio_chf,1363.9626288099998,CHF,mio_chf,
2010,okp_bruttoleistungen,46 – 50,46,50,total_mio_chf,1566.1661055100003,CHF,mio_chf,
2010,okp_bruttoleistungen,51 – 55,51,55,total_mio_chf,1653.2603721100004,CHF,mio_chf,
2010,okp_bruttoleistungen,56 – 60,56,60,total_mio_chf,1762.02976667,CHF,mio_chf,
2010,okp_bruttoleistungen,61 – 65,61,65,total_mio_chf,2059.7011105200004,CHF,mio_chf,
2010,okp_bruttoleistungen,66 – 70,66,70,total_mio_chf,2123.7915272699997,CHF,mio_chf,
2010,okp_bruttoleistungen,71 – 75,71,75,total_mio_chf,2047.4233497200005,CHF,mio_chf,
2010,okp_bruttoleistungen,76 – 80,76,80,total_mio_chf,2124.1556603199997,CHF,mio_chf,
2010,okp_bruttoleistungen,81 – 85,81,85,total_mio_chf,1926.7676847000005,CHF,mio_chf,
2010,okp_bruttoleistungen,86 – 90,86,90,total_mio_chf,1476.0227641000001,CHF,mio_chf,
2010,okp_bruttoleistungen,91 – 95,91,95,total_mio_chf,646.4773838699999,CHF,mio_chf,
2010,okp_bruttoleistungen,96 – 100,96,100,total_mio_chf,203.92259383000004,CHF,mio_chf,
2010,okp_bruttoleistungen,> 100,100,100,total_mio_chf,25.16858297,CHF,mio_chf,
2011,okp_premium,0 – 5,0,5,total_mio_chf,404.26334631,CHF,mio_chf,
2011,okp_premium,0 – 5,0,5,per_capita_chf,919.8449275930169,CHF,chf_per_capita_year,
2011,okp_premium,6 – 10,6,10,total_mio_chf,352.20607141000005,CHF,mio_chf,
2011,okp_premium,6 – 10,6,10,per_capita_chf,916.5398697598998,CHF,chf_per_capita_year,
2011,okp_premium,11 – 15,11,15,total_mio_chf,384.01742475,CHF,mio_chf,
2011,okp_premium,11 – 15,11,15,per_capita_chf,919.765776824075,CHF,chf_per_capita_year,
2011,okp_premium,16 – 18,16,18,total_mio_chf,239.71600801,CHF,mio_chf,
2011,okp_premium,16 – 18,16,18,per_capita_chf,912.6431468560247,CHF,chf_per_capita_year,
2011,okp_premium,19 – 20,19,20,total_mio_chf,558.08844008,CHF,mio_chf,
2011,okp_premium,19 – 20,19,20,per_capita_chf,3014.9605868798258,CHF,chf_per_capita_year,
2011,okp_premium,21 – 25,21,25,total_mio_chf,1405.13964975,CHF,mio_chf,
2011,okp_premium,21 – 25,21,25,per_capita_chf,2928.011356783547,CHF,chf_per_capita_year,
2011,okp_premium,26 – 30,26,30,total_mio_chf,1656.17973201,CHF,mio_chf,
2011,okp_premium,26 – 30,26,30,per_capita_chf,3156.742477146836,CHF,chf_per_capita_year,
2011,okp_premium,31 – 35,31,35,total_mio_chf,1689.70668102,CHF,mio_chf,
2011,okp_premium,31 – 35,31,35,per_capita_chf,3143.918756377309,CHF,chf_per_capita_year,
2011,okp_premium,36 – 40,36,40,total_mio_chf,1796.11497706,CHF,mio_chf,
2011,okp_premium,36 – 40,36,40,per_capita_chf,3210.0128852678113,CHF,chf_per_capita_year,
2011,okp_premium,41 – 45,41,45,total_mio_chf,2083.34445797,CHF,mio_chf,
2011,okp_premium,41 – 45,41,45,per_capita_chf,3292.9623437014307,CHF,chf_per_capita_year,
2011,okp_premium,46 – 50,46,50,total_mio_chf,2192.12293942,CHF,mio_chf,
2011,okp_premium,46 – 50,46,50,per_capita_chf,3382.9510333417584,CHF,chf_per_capita_year,
2011,okp_premium,51 – 55,51,55,total_mio_chf,1968.3458514200001,CHF,mio_chf,
2011,okp_premium,51 – 55,51,55,per_capita_chf,3501.0953611202453,CHF,chf_per_capita_year,
2011,okp_premium,56 – 60,56,60,total_mio_chf,1753.75671279,CHF,mio_chf,
2011,okp_premium,56 – 60,56,60,per_capita_chf,3639.5715675453853,CHF,chf_per_capita_year,
2011,okp_premium,61 – 65,61,65,total_mio_chf,1732.64165126,CHF,mio_chf,
2011,okp_premium,61 – 65,61,65,per_capita_chf,3819.091585151616,CHF,chf_per_capita_year,
2011,okp_premium,66 – 70,66,70,total_mio_chf,1563.1817148599998,CHF,mio_chf,
2011,okp_premium,66 – 70,66,70,per_capita_chf,3993.2304216189973,CHF,chf_per_capita_year,
2011,okp_premium,71 – 75,71,75,total_mio_chf,1230.39354626,CHF,mio_chf,
2011,okp_premium,71 – 75,71,75,per_capita_chf,4127.204941656131,CHF,chf_per_capita_year,
2011,okp_premium,76 – 80,76,80,total_mio_chf,1064.54294607,CHF,mio_chf,
2011,okp_premium,76 – 80,76,80,per_capita_chf,4247.397326533835,CHF,chf_per_capita_year,
2011,okp_premium,81 – 85,81,85,total_mio_chf,818.1329697000001,CHF,mio_chf,
2011,okp_premium,81 – 85,81,85,per_capita_chf,4352.457090444627,CHF,chf_per_capita_year,
2011,okp_premium,86 – 90,86,90,total_mio_chf,505.5246694,CHF,mio_chf,
2011,okp_premium,86 – 90,86,90,per_capita_chf,4436.531552862972,CHF,chf_per_capita_year,
2011,okp_premium,91 – 95,91,95,total_mio_chf,184.7266174,CHF,mio_chf,
2011,okp_premium,91 – 95,91,95,per_capita_chf,4504.396759935128,CHF,chf_per_capita_year,
2011,okp_premium,96 – 100,96,100,total_mio_chf,43.96684583,CHF,mio_chf,
2011,okp_premium,96 – 100,96,100,per_capita_chf,4595.744667529367,CHF,chf_per_capita_year,
2011,okp_premium,> 100,100,100,total_mio_chf,5.07600556,CHF,mio_chf,
2011,okp_premium,> 100,100,100,per_capita_chf,4699.613513688674,CHF,chf_per_capita_year,
2011,praemienverbilligung,0 – 18,0,18,beneficiaries_count,659722.0,Anzahl,count,403d_coarse_0_18
2011,praemienverbilligung,0 – 18,0,18,beneficiary_rate,0.43866054784089364,Anteil,rate,403d_coarse_0_18
2011,praemienverbilligung,0 – 18,0,18,total_mio_chf,431.50275517630064,CHF,mio_chf,403d_coarse_0_18
2011,praemienverbilligung,19 – 25,19,25,beneficiaries_count,289130.0,Anzahl,count,
2011,praemienverbilligung,19 – 25,19,25,beneficiary_rate,0.43478071265661045,Anteil,rate,
2011,praemienverbilligung,19 – 25,19,25,total_mio_chf,465.42055285234227,CHF,mio_chf,
2011,praemienverbilligung,26 – 30,26,30,beneficiaries_count,158781.0,Anzahl,count,
2011,praemienverbilligung,26 – 30,26,30,beneficiary_rate,0.30264271297145984,Anteil,rate,
2011,praemienverbilligung,26 – 30,26,30,total_mio_chf,262.21301193518195,CHF,mio_chf,
2011,praemienverbilligung,31 – 35,31,35,beneficiaries_count,138220.0,Anzahl,count,
2011,praemienverbilligung,31 – 35,31,35,beneficiary_rate,0.25717626342351435,Anteil,rate,
2011,praemienverbilligung,31 – 35,31,35,total_mio_chf,223.3077354352347,CHF,mio_chf,
2011,praemienverbilligung,36 – 40,36,40,beneficiaries_count,147014.0,Anzahl,count,
2011,praemienverbilligung,36 – 40,36,40,beneficiary_rate,0.26274310962387654,Anteil,rate,
2011,praemienverbilligung,36 – 40,36,40,total_mio_chf,237.83206887090282,CHF,mio_chf,
2011,praemienverbilligung,41 – 45,41,45,beneficiaries_count,159042.0,Anzahl,count,
2011,praemienverbilligung,41 – 45,41,45,beneficiary_rate,0.2513839298457982,Anteil,rate,
2011,praemienverbilligung,41 – 45,41,45,total_mio_chf,258.20769214063364,CHF,mio_chf,
2011,praemienverbilligung,46 – 50,46,50,beneficiaries_count,140005.0,Anzahl,count,
2011,praemienverbilligung,46 – 50,46,50,beneficiary_rate,0.21605998956807032,Anteil,rate,
2011,praemienverbilligung,46 – 50,46,50,total_mio_chf,237.54488515726476,CHF,mio_chf,
2011,praemienverbilligung,51 – 55,51,55,beneficiaries_count,99756.0,Anzahl,count,
2011,praemienverbilligung,51 – 55,51,55,beneficiary_rate,0.17743592600454444,Anteil,rate,
2011,praemienverbilligung,51 – 55,51,55,total_mio_chf,183.42860237324606,CHF,mio_chf,
2011,praemienverbilligung,56 – 60,56,60,beneficiaries_count,75376.0,Anzahl,count,
2011,praemienverbilligung,56 – 60,56,60,beneficiary_rate,0.15642782403886987,Anteil,rate,
2011,praemienverbilligung,56 – 60,56,60,total_mio_chf,150.4273614732208,CHF,mio_chf,
2011,praemienverbilligung,61 – 65,61,65,beneficiaries_count,69378.0,Anzahl,count,
2011,praemienverbilligung,61 – 65,61,65,beneficiary_rate,0.15292310201706494,Anteil,rate,
2011,praemienverbilligung,61 – 65,61,65,total_mio_chf,145.77116930520856,CHF,mio_chf,
2011,praemienverbilligung,66 – 70,66,70,beneficiaries_count,61166.0,Anzahl,count,
2011,praemienverbilligung,66 – 70,66,70,beneficiary_rate,0.15625178419555838,Anteil,rate,
2011,praemienverbilligung,66 – 70,66,70,total_mio_chf,137.48547915701346,CHF,mio_chf,
2011,praemienverbilligung,71 – 75,71,75,beneficiaries_count,58485.0,Anzahl,count,
2011,praemienverbilligung,71 – 75,71,75,beneficiary_rate,0.19618079251673173,Anteil,rate,
2011,praemienverbilligung,71 – 75,71,75,total_mio_chf,131.2828138155789,CHF,mio_chf,
2011,praemienverbilligung,76 – 80,76,80,beneficiaries_count,56388.0,Anzahl,count,
2011,praemienverbilligung,76 – 80,76,80,beneficiary_rate,0.22498128547351365,Anteil,rate,
2011,praemienverbilligung,76 – 80,76,80,total_mio_chf,130.33178969560387,CHF,mio_chf,
2011,praemienverbilligung,81 – 85,81,85,beneficiaries_count,47290.0,Anzahl,count,
2011,praemienverbilligung,81 – 85,81,85,beneficiary_rate,0.2515822041527077,Anteil,rate,
2011,praemienverbilligung,81 – 85,81,85,total_mio_chf,116.79455074755018,CHF,mio_chf,
2011,praemienverbilligung,86 – 90,86,90,beneficiaries_count,32991.0,Anzahl,count,
2011,praemienverbilligung,86 – 90,86,90,beneficiary_rate,0.28953208680047515,Anteil,rate,
2011,praemienverbilligung,86 – 90,86,90,total_mio_chf,87.51740756998838,CHF,mio_chf,
2011,okp_kostenbeteiligung,0 – 5,0,5,total_mio_chf,47.226887770000005,CHF,mio_chf,
2011,okp_kostenbeteiligung,0 – 5,0,5,per_capita_chf,107.4582040587156,CHF,chf_per_capita_year,
2011,okp_kostenbeteiligung,6 – 10,6,10,total_mio_chf,29.57355202,CHF,mio_chf,
2011,okp_kostenbeteiligung,6 – 10,6,10,per_capita_chf,76.95875147250183,CHF,chf_per_capita_year,
2011,okp_kostenbeteiligung,11 – 15,11,15,total_mio_chf,36.298838880000005,CHF,mio_chf,
2011,okp_kostenbeteiligung,11 – 15,11,15,per_capita_chf,86.93988238166565,CHF,chf_per_capita_year,
2011,okp_kostenbeteiligung,16 – 18,16,18,total_mio_chf,28.65241803,CHF,mio_chf,
2011,okp_kostenbeteiligung,16 – 18,16,18,per_capita_chf,109.08505098600946,CHF,chf_per_capita_year,
2011,okp_kostenbeteiligung,19 – 20,19,20,total_mio_chf,62.44931919,CHF,mio_chf,
2011,okp_kostenbeteiligung,19 – 20,19,20,per_capita_chf,337.3698907082511,CHF,chf_per_capita_year,
2011,okp_kostenbeteiligung,21 – 25,21,25,total_mio_chf,163.89671769999998,CHF,mio_chf,
2011,okp_kostenbeteiligung,21 – 25,21,25,per_capita_chf,341.52580553152023,CHF,chf_per_capita_year,
2011,okp_kostenbeteiligung,26 – 30,26,30,total_mio_chf,192.62617344,CHF,mio_chf,
2011,okp_kostenbeteiligung,26 – 30,26,30,per_capita_chf,367.152919550781,CHF,chf_per_capita_year,
2011,okp_kostenbeteiligung,31 – 35,31,35,total_mio_chf,221.55658121000002,CHF,mio_chf,
2011,okp_kostenbeteiligung,31 – 35,31,35,per_capita_chf,412.23479736996245,CHF,chf_per_capita_year,
2011,okp_kostenbeteiligung,36 – 40,36,40,total_mio_chf,247.26812884999998,CHF,mio_chf,
2011,okp_kostenbeteiligung,36 – 40,36,40,per_capita_chf,441.9170765024173,CHF,chf_per_capita_year,
2011,okp_kostenbeteiligung,41 – 45,41,45,total_mio_chf,289.21713452999995,CHF,mio_chf,
2011,okp_kostenbeteiligung,41 – 45,41,45,per_capita_chf,457.14050286648995,CHF,chf_per_capita_year,
2011,okp_kostenbeteiligung,46 – 50,46,50,total_mio_chf,316.25470019,CHF,mio_chf,
2011,okp_kostenbeteiligung,46 – 50,46,50,per_capita_chf,488.0539068169323,CHF,chf_per_capita_year,
2011,okp_kostenbeteiligung,51 – 55,51,55,total_mio_chf,301.56018147000003,CHF,mio_chf,
2011,okp_kostenbeteiligung,51 – 55,51,55,per_capita_chf,536.3848795584017,CHF,chf_per_capita_year,
2011,okp_kostenbeteiligung,56 – 60,56,60,total_mio_chf,283.74399122000005,CHF,mio_chf,
2011,okp_kostenbeteiligung,56 – 60,56,60,per_capita_chf,588.8539472862556,CHF,chf_per_capita_year,
2011,okp_kostenbeteiligung,61 – 65,61,65,total_mio_chf,294.90434241,CHF,mio_chf,
2011,okp_kostenbeteiligung,61 – 65,61,65,per_capita_chf,650.0286378915489,CHF,chf_per_capita_year,
2011,okp_kostenbeteiligung,66 – 70,66,70,total_mio_chf,280.8679894,CHF,mio_chf,
2011,okp_kostenbeteiligung,66 – 70,66,70,per_capita_chf,717.492143791799,CHF,chf_per_capita_year,
2011,okp_kostenbeteiligung,71 – 75,71,75,total_mio_chf,230.03070724,CHF,mio_chf,
2011,okp_kostenbeteiligung,71 – 75,71,75,per_capita_chf,771.6099247589552,CHF,chf_per_capita_year,
2011,okp_kostenbeteiligung,76 – 80,76,80,total_mio_chf,209.68028854,CHF,mio_chf,
2011,okp_kostenbeteiligung,76 – 80,76,80,per_capita_chf,836.5989369047749,CHF,chf_per_capita_year,
2011,okp_kostenbeteiligung,81 – 85,81,85,total_mio_chf,169.83769547,CHF,mio_chf,
2011,okp_kostenbeteiligung,81 – 85,81,85,per_capita_chf,903.5343999695272,CHF,chf_per_capita_year,
2011,okp_kostenbeteiligung,86 – 90,86,90,total_mio_chf,112.61756975,CHF,mio_chf,
2011,okp_kostenbeteiligung,86 – 90,86,90,per_capita_chf,988.3422745632314,CHF,chf_per_capita_year,
2011,okp_kostenbeteiligung,91 – 95,91,95,total_mio_chf,44.18561943,CHF,mio_chf,
2011,okp_kostenbeteiligung,91 – 95,91,95,per_capita_chf,1077.427626822439,CHF,chf_per_capita_year,
2011,okp_kostenbeteiligung,96 – 100,96,100,total_mio_chf,11.282041099999999,CHF,mio_chf,
2011,okp_kostenbeteiligung,96 – 100,96,100,per_capita_chf,1179.2835998436267,CHF,chf_per_capita_year,
2011,okp_kostenbeteiligung,> 100,100,100,total_mio_chf,1.37337879,CHF,mio_chf,
2011,okp_kostenbeteiligung,> 100,100,100,per_capita_chf,1271.541066022276,CHF,chf_per_capita_year,
2011,okp_nettoleistungen,0 – 5,0,5,total_mio_chf,456.92238967,CHF,mio_chf,
2011,okp_nettoleistungen,0 – 5,0,5,per_capita_chf,1039.6632449565036,CHF,chf_per_capita_year,
2011,okp_nettoleistungen,6 – 10,6,10,total_mio_chf,273.54859453,CHF,mio_chf,
2011,okp_nettoleistungen,6 – 10,6,10,per_capita_chf,711.8508553808291,CHF,chf_per_capita_year,
2011,okp_nettoleistungen,11 – 15,11,15,total_mio_chf,331.70834725,CHF,mio_chf,
2011,okp_nettoleistungen,11 – 15,11,15,per_capita_chf,794.4795366669786,CHF,chf_per_capita_year,
2011,okp_nettoleistungen,16 – 18,16,18,total_mio_chf,273.44287463000006,CHF,mio_chf,
2011,okp_nettoleistungen,16 – 18,16,18,per_capita_chf,1041.0475614847976,CHF,chf_per_capita_year,
2011,okp_nettoleistungen,19 – 20,19,20,total_mio_chf,153.73612758000002,CHF,mio_chf,
2011,okp_nettoleistungen,19 – 20,19,20,per_capita_chf,830.5285186820681,CHF,chf_per_capita_year,
2011,okp_nettoleistungen,21 – 25,21,25,total_mio_chf,490.31812642,CHF,mio_chf,
2011,okp_nettoleistungen,21 – 25,21,25,per_capita_chf,1021.7184056047529,CHF,chf_per_capita_year,
2011,okp_nettoleistungen,26 – 30,26,30,total_mio_chf,687.57951344,CHF,mio_chf,
2011,okp_nettoleistungen,26 – 30,26,30,per_capita_chf,1310.5530846327833,CHF,chf_per_capita_year,
2011,okp_nettoleistungen,31 – 35,31,35,total_mio_chf,835.2189589599999,CHF,mio_chf,
2011,okp_nettoleistungen,31 – 35,31,35,per_capita_chf,1554.033359903128,CHF,chf_per_capita_year,
2011,okp_nettoleistungen,36 – 40,36,40,total_mio_chf,910.3141191100001,CHF,mio_chf,
2011,okp_nettoleistungen,36 – 40,36,40,per_capita_chf,1626.9114668635732,CHF,chf_per_capita_year,
2011,okp_nettoleistungen,41 – 45,41,45,total_mio_chf,1075.77722352,CHF,mio_chf,
2011,okp_nettoleistungen,41 – 45,41,45,per_capita_chf,1700.3879861109597,CHF,chf_per_capita_year,
2011,okp_nettoleistungen,46 – 50,46,50,total_mio_chf,1311.80282145,CHF,mio_chf,
2011,okp_nettoleistungen,46 – 50,46,50,per_capita_chf,2024.414156050514,CHF,chf_per_capita_year,
2011,okp_nettoleistungen,51 – 55,51,55,total_mio_chf,1410.0674582499998,CHF,mio_chf,
2011,okp_nettoleistungen,51 – 55,51,55,per_capita_chf,2508.085981629807,CHF,chf_per_capita_year,
2011,okp_nettoleistungen,56 – 60,56,60,total_mio_chf,1510.42756368,CHF,mio_chf,
2011,okp_nettoleistungen,56 – 60,56,60,per_capita_chf,3134.590548116031,CHF,chf_per_capita_year,
2011,okp_nettoleistungen,61 – 65,61,65,total_mio_chf,1791.45615352,CHF,mio_chf,
2011,okp_nettoleistungen,61 – 65,61,65,per_capita_chf,3948.730608029025,CHF,chf_per_capita_year,
2011,okp_nettoleistungen,66 – 70,66,70,total_mio_chf,1963.1091926100005,CHF,mio_chf,
2011,okp_nettoleistungen,66 – 70,66,70,per_capita_chf,5014.866329595113,CHF,chf_per_capita_year,
2011,okp_nettoleistungen,71 – 75,71,75,total_mio_chf,1863.9629392399997,CHF,mio_chf,
2011,okp_nettoleistungen,71 – 75,71,75,per_capita_chf,6252.436122799347,CHF,chf_per_capita_year,
2011,okp_nettoleistungen,76 – 80,76,80,total_mio_chf,1957.2487629900004,CHF,mio_chf,
2011,okp_nettoleistungen,76 – 80,76,80,per_capita_chf,7809.1853353361485,CHF,chf_per_capita_year,
2011,okp_nettoleistungen,81 – 85,81,85,total_mio_chf,1803.55066467,CHF,mio_chf,
2011,okp_nettoleistungen,81 – 85,81,85,per_capita_chf,9594.866811561844,CHF,chf_per_capita_year,
2011,okp_nettoleistungen,86 – 90,86,90,total_mio_chf,1395.23862154,CHF,mio_chf,
2011,okp_nettoleistungen,86 – 90,86,90,per_capita_chf,12244.744011369605,CHF,chf_per_capita_year,
2011,okp_nettoleistungen,91 – 95,91,95,total_mio_chf,643.92428841,CHF,mio_chf,
2011,okp_nettoleistungen,91 – 95,91,95,per_capita_chf,15701.52974802178,CHF,chf_per_capita_year,
2011,okp_nettoleistungen,96 – 100,96,100,total_mio_chf,191.66447620000002,CHF,mio_chf,
2011,okp_nettoleistungen,96 – 100,96,100,per_capita_chf,20034.209364410057,CHF,chf_per_capita_year,
2011,okp_nettoleistungen,> 100,100,100,total_mio_chf,25.386620970000003,CHF,mio_chf,
2011,okp_nettoleistungen,> 100,100,100,per_capita_chf,23504.17184679055,CHF,chf_per_capita_year,
2011,okp_bruttoleistungen,0 – 5,0,5,total_mio_chf,504.14927744,CHF,mio_chf,
2011,okp_bruttoleistungen,0 – 5,0,5,per_capita_chf,1147.1214490152192,CHF,chf_per_capita_year,
2011,okp_bruttoleistungen,6 – 10,6,10,total_mio_chf,303.12214655,CHF,mio_chf,
2011,okp_bruttoleistungen,6 – 10,6,10,per_capita_chf,788.8096068533308,CHF,chf_per_capita_year,
2011,okp_bruttoleistungen,11 – 15,11,15,total_mio_chf,368.00718613,CHF,mio_chf,
2011,okp_bruttoleistungen,11 – 15,11,15,per_capita_chf,881.4194190486442,CHF,chf_per_capita_year,
2011,okp_bruttoleistungen,16 – 18,16,18,total_mio_chf,302.09529266000004,CHF,mio_chf,
2011,okp_bruttoleistungen,16 – 18,16,18,per_capita_chf,1150.132612470807,CHF,chf_per_capita_year,
2011,okp_bruttoleistungen,19 – 20,19,20,total_mio_chf,216.18544677,CHF,mio_chf,
2011,okp_bruttoleistungen,19 – 20,19,20,per_capita_chf,1167.8984093903193,CHF,chf_per_capita_year,
2011,okp_bruttoleistungen,21 – 25,21,25,total_mio_chf,654.21484412,CHF,mio_chf,
2011,okp_bruttoleistungen,21 – 25,21,25,per_capita_chf,1363.2442111362732,CHF,chf_per_capita_year,
2011,okp_bruttoleistungen,26 – 30,26,30,total_mio_chf,880.20568688,CHF,mio_chf,
2011,okp_bruttoleistungen,26 – 30,26,30,per_capita_chf,1677.7060041835641,CHF,chf_per_capita_year,
2011,okp_bruttoleistungen,31 – 35,31,35,total_mio_chf,1056.7755401699999,CHF,mio_chf,
2011,okp_bruttoleistungen,31 – 35,31,35,per_capita_chf,1966.2681572730905,CHF,chf_per_capita_year,
2011,okp_bruttoleistungen,36 – 40,36,40,total_mio_chf,1157.5822479600001,CHF,mio_chf,
2011,okp_bruttoleistungen,36 – 40,36,40,per_capita_chf,2068.8285433659903,CHF,chf_per_capita_year,
2011,okp_bruttoleistungen,41 – 45,41,45,total_mio_chf,1364.9943580499998,CHF,mio_chf,
2011,okp_bruttoleistungen,41 – 45,41,45,per_capita_chf,2157.5284889774493,CHF,chf_per_capita_year,
2011,okp_bruttoleistungen,46 – 50,46,50,total_mio_chf,1628.05752164,CHF,mio_chf,
2011,okp_bruttoleistungen,46 – 50,46,50,per_capita_chf,2512.4680628674464,CHF,chf_per_capita_year,
2011,okp_bruttoleistungen,51 – 55,51,55,total_mio_chf,1711.62763972,CHF,mio_chf,
2011,okp_bruttoleistungen,51 – 55,51,55,per_capita_chf,3044.4708611882093,CHF,chf_per_capita_year,
2011,okp_bruttoleistungen,56 – 60,56,60,total_mio_chf,1794.1715549,CHF,mio_chf,
2011,okp_bruttoleistungen,56 – 60,56,60,per_capita_chf,3723.444495402287,CHF,chf_per_capita_year,
2011,okp_bruttoleistungen,61 – 65,61,65,total_mio_chf,2086.36049593,CHF,mio_chf,
2011,okp_bruttoleistungen,61 – 65,61,65,per_capita_chf,4598.759245920574,CHF,chf_per_capita_year,
2011,okp_bruttoleistungen,66 – 70,66,70,total_mio_chf,2243.9771820100004,CHF,mio_chf,
2011,okp_bruttoleistungen,66 – 70,66,70,per_capita_chf,5732.358473386911,CHF,chf_per_capita_year,
2011,okp_bruttoleistungen,71 – 75,71,75,total_mio_chf,2093.99364648,CHF,mio_chf,
2011,okp_bruttoleistungen,71 – 75,71,75,per_capita_chf,7024.046047558303,CHF,chf_per_capita_year,
2011,okp_bruttoleistungen,76 – 80,76,80,total_mio_chf,2166.9290515300004,CHF,mio_chf,
2011,okp_bruttoleistungen,76 – 80,76,80,per_capita_chf,8645.784272240922,CHF,chf_per_capita_year,
2011,okp_bruttoleistungen,81 – 85,81,85,total_mio_chf,1973.38836014,CHF,mio_chf,
2011,okp_bruttoleistungen,81 – 85,81,85,per_capita_chf,10498.40121153137,CHF,chf_per_capita_year,
2011,okp_bruttoleistungen,86 – 90,86,90,total_mio_chf,1507.85619129,CHF,mio_chf,
2011,okp_bruttoleistungen,86 – 90,86,90,per_capita_chf,13233.086285932835,CHF,chf_per_capita_year,
2011,okp_bruttoleistungen,91 – 95,91,95,total_mio_chf,688.10990784,CHF,mio_chf,
2011,okp_bruttoleistungen,91 – 95,91,95,per_capita_chf,16778.957374844216,CHF,chf_per_capita_year,
2011,okp_bruttoleistungen,96 – 100,96,100,total_mio_chf,202.9465173,CHF,mio_chf,
2011,okp_bruttoleistungen,96 – 100,96,100,per_capita_chf,21213.492964253684,CHF,chf_per_capita_year,
2011,okp_bruttoleistungen,> 100,100,100,total_mio_chf,26.759999760000003,CHF,mio_chf,
2011,okp_bruttoleistungen,> 100,100,100,per_capita_chf,24775.712912812825,CHF,chf_per_capita_year,
2012,okp_premium,0 – 5,0,5,total_mio_chf,419.49948852999995,CHF,mio_chf,
2012,okp_premium,0 – 5,0,5,per_capita_chf,937.0637059125507,CHF,chf_per_capita_year,
2012,okp_premium,6 – 10,6,10,total_mio_chf,362.36120702,CHF,mio_chf,
2012,okp_premium,6 – 10,6,10,per_capita_chf,934.9533263338495,CHF,chf_per_capita_year,
2012,okp_premium,11 – 15,11,15,total_mio_chf,386.95842617,CHF,mio_chf,
2012,okp_premium,11 – 15,11,15,per_capita_chf,940.2311194731827,CHF,chf_per_capita_year,
2012,okp_premium,16 – 18,16,18,total_mio_chf,245.49580025,CHF,mio_chf,
2012,okp_premium,16 – 18,16,18,per_capita_chf,936.6972605619669,CHF,chf_per_capita_year,
2012,okp_premium,19 – 20,19,20,total_mio_chf,573.7363059099999,CHF,mio_chf,
2012,okp_premium,19 – 20,19,20,per_capita_chf,3153.947918515103,CHF,chf_per_capita_year,
2012,okp_premium,21 – 25,21,25,total_mio_chf,1488.9826795699998,CHF,mio_chf,
2012,okp_premium,21 – 25,21,25,per_capita_chf,3058.5461211011425,CHF,chf_per_capita_year,
2012,okp_premium,26 – 30,26,30,total_mio_chf,1713.8121670599999,CHF,mio_chf,
2012,okp_premium,26 – 30,26,30,per_capita_chf,3221.1880552248076,CHF,chf_per_capita_year,
2012,okp_premium,31 – 35,31,35,total_mio_chf,1767.2725787699999,CHF,mio_chf,
2012,okp_premium,31 – 35,31,35,per_capita_chf,3207.498186046602,CHF,chf_per_capita_year,
2012,okp_premium,36 – 40,36,40,total_mio_chf,1818.3161602100001,CHF,mio_chf,
2012,okp_premium,36 – 40,36,40,per_capita_chf,3270.9412814143525,CHF,chf_per_capita_year,
2012,okp_premium,41 – 45,41,45,total_mio_chf,2097.29362069,CHF,mio_chf,
2012,okp_premium,41 – 45,41,45,per_capita_chf,3356.304215151965,CHF,chf_per_capita_year,
2012,okp_premium,46 – 50,46,50,total_mio_chf,2273.52098125,CHF,mio_chf,
2012,okp_premium,46 – 50,46,50,per_capita_chf,3444.246878020127,CHF,chf_per_capita_year,
2012,okp_premium,51 – 55,51,55,total_mio_chf,2057.21487034,CHF,mio_chf,
2012,okp_premium,51 – 55,51,55,per_capita_chf,3555.2875366228086,CHF,chf_per_capita_year,
2012,okp_premium,56 – 60,56,60,total_mio_chf,1833.96727546,CHF,mio_chf,
2012,okp_premium,56 – 60,56,60,per_capita_chf,3706.5484085375583,CHF,chf_per_capita_year,
2012,okp_premium,61 – 65,61,65,total_mio_chf,1753.6281671,CHF,mio_chf,
2012,okp_premium,61 – 65,61,65,per_capita_chf,3886.998261939444,CHF,chf_per_capita_year,
2012,okp_premium,66 – 70,66,70,total_mio_chf,1649.48636719,CHF,mio_chf,
2012,okp_premium,66 – 70,66,70,per_capita_chf,4072.6133762221707,CHF,chf_per_capita_year,
2012,okp_premium,71 – 75,71,75,total_mio_chf,1290.69655875,CHF,mio_chf,
2012,okp_premium,71 – 75,71,75,per_capita_chf,4206.767384959908,CHF,chf_per_capita_year,
2012,okp_premium,76 – 80,76,80,total_mio_chf,1099.65896162,CHF,mio_chf,
2012,okp_premium,76 – 80,76,80,per_capita_chf,4331.95185890097,CHF,chf_per_capita_year,
2012,okp_premium,81 – 85,81,85,total_mio_chf,848.47022073,CHF,mio_chf,
2012,okp_premium,81 – 85,81,85,per_capita_chf,4443.677000380803,CHF,chf_per_capita_year,
2012,okp_premium,86 – 90,86,90,total_mio_chf,524.63700584,CHF,mio_chf,
2012,okp_premium,86 – 90,86,90,per_capita_chf,4528.362031421819,CHF,chf_per_capita_year,
2012,okp_premium,91 – 95,91,95,total_mio_chf,203.74923053999999,CHF,mio_chf,
2012,okp_premium,91 – 95,91,95,per_capita_chf,4607.780417345492,CHF,chf_per_capita_year,
2012,okp_premium,96 – 100,96,100,total_mio_chf,44.37757954,CHF,mio_chf,
2012,okp_premium,96 – 100,96,100,per_capita_chf,4690.426541356324,CHF,chf_per_capita_year,
2012,okp_premium,> 100,100,100,total_mio_chf,5.26500121,CHF,mio_chf,
2012,okp_premium,> 100,100,100,per_capita_chf,4801.905448542556,CHF,chf_per_capita_year,
2012,praemienverbilligung,0 – 18,0,18,beneficiaries_count,666888.56,Anzahl,count,403d_coarse_0_18
2012,praemienverbilligung,0 – 18,0,18,beneficiary_rate,0.4419731578979738,Anteil,rate,403d_coarse_0_18
2012,praemienverbilligung,0 – 18,0,18,total_mio_chf,436.29320773990423,CHF,mio_chf,403d_coarse_0_18
2012,praemienverbilligung,19 – 25,19,25,beneficiaries_count,296105.56799999997,Anzahl,count,
2012,praemienverbilligung,19 – 25,19,25,beneficiary_rate,0.44278299716552433,Anteil,rate,
2012,praemienverbilligung,19 – 25,19,25,total_mio_chf,522.6365732718871,CHF,mio_chf,
2012,praemienverbilligung,26 – 30,26,30,beneficiaries_count,161828.104,Anzahl,count,
2012,praemienverbilligung,26 – 30,26,30,beneficiary_rate,0.3041632949185546,Anteil,rate,
2012,praemienverbilligung,26 – 30,26,30,total_mio_chf,280.31148494348895,CHF,mio_chf,
2012,praemienverbilligung,31 – 35,31,35,beneficiaries_count,143485.94400000002,Anzahl,count,
2012,praemienverbilligung,31 – 35,31,35,beneficiary_rate,0.260418743906217,Anteil,rate,
2012,praemienverbilligung,31 – 35,31,35,total_mio_chf,244.6370327955663,CHF,mio_chf,
2012,praemienverbilligung,36 – 40,36,40,beneficiaries_count,147396.456,Anzahl,count,
2012,praemienverbilligung,36 – 40,36,40,beneficiary_rate,0.26514924258765477,Anteil,rate,
2012,praemienverbilligung,36 – 40,36,40,total_mio_chf,251.1725913345937,CHF,mio_chf,
2012,praemienverbilligung,41 – 45,41,45,beneficiaries_count,158794.7896,Anzahl,count,
2012,praemienverbilligung,41 – 45,41,45,beneficiary_rate,0.25411969808181023,Anteil,rate,
2012,praemienverbilligung,41 – 45,41,45,total_mio_chf,271.9897743916038,CHF,mio_chf,
2012,praemienverbilligung,46 – 50,46,50,beneficiaries_count,145004.91999999998,Anzahl,count,
2012,praemienverbilligung,46 – 50,46,50,beneficiary_rate,0.2196736898961742,Anteil,rate,
2012,praemienverbilligung,46 – 50,46,50,total_mio_chf,260.0437925472797,CHF,mio_chf,
2012,praemienverbilligung,51 – 55,51,55,beneficiaries_count,106072.24799999999,Anzahl,count,
2012,praemienverbilligung,51 – 55,51,55,beneficiary_rate,0.18331451261269402,Anteil,rate,
2012,praemienverbilligung,51 – 55,51,55,total_mio_chf,206.36524019165566,CHF,mio_chf,
2012,praemienverbilligung,56 – 60,56,60,beneficiaries_count,81099.272,Anzahl,count,
2012,praemienverbilligung,56 – 60,56,60,beneficiary_rate,0.16390607487244163,Anteil,rate,
2012,praemienverbilligung,56 – 60,56,60,total_mio_chf,173.46567998068713,CHF,mio_chf,
2012,praemienverbilligung,61 – 65,61,65,beneficiaries_count,73202.48,Anzahl,count,
2012,praemienverbilligung,61 – 65,61,65,beneficiary_rate,0.16225669607041115,Anteil,rate,
2012,praemienverbilligung,61 – 65,61,65,total_mio_chf,165.37864695609278,CHF,mio_chf,
2012,praemienverbilligung,66 – 70,66,70,beneficiaries_count,66339.76,Anzahl,count,
2012,praemienverbilligung,66 – 70,66,70,beneficiary_rate,0.16379413575368312,Anteil,rate,
2012,praemienverbilligung,66 – 70,66,70,total_mio_chf,160.65387413455016,CHF,mio_chf,
2012,praemienverbilligung,71 – 75,71,75,beneficiaries_count,62282.784,Anzahl,count,
2012,praemienverbilligung,71 – 75,71,75,beneficiary_rate,0.2029982822836768,Anteil,rate,
2012,praemienverbilligung,71 – 75,71,75,total_mio_chf,150.29808958948183,CHF,mio_chf,
2012,praemienverbilligung,76 – 80,76,80,beneficiaries_count,60036.784,Anzahl,count,
2012,praemienverbilligung,76 – 80,76,80,beneficiary_rate,0.23650646894023905,Anteil,rate,
2012,praemienverbilligung,76 – 80,76,80,total_mio_chf,148.85286774736872,CHF,mio_chf,
2012,praemienverbilligung,81 – 85,81,85,beneficiaries_count,50684.6,Anzahl,count,
2012,praemienverbilligung,81 – 85,81,85,beneficiary_rate,0.2654494946207101,Anteil,rate,
2012,praemienverbilligung,81 – 85,81,85,total_mio_chf,129.25934577319867,CHF,mio_chf,
2012,praemienverbilligung,86 – 90,86,90,beneficiaries_count,36156.904,Anzahl,count,
2012,praemienverbilligung,86 – 90,86,90,beneficiary_rate,0.31208540271613505,Anteil,rate,
2012,praemienverbilligung,86 – 90,86,90,total_mio_chf,102.47634128497985,CHF,mio_chf,
2012,okp_kostenbeteiligung,0 – 5,0,5,total_mio_chf,48.5287259,CHF,mio_chf,
2012,okp_kostenbeteiligung,0 – 5,0,5,per_capita_chf,108.40181925946813,CHF,chf_per_capita_year,
2012,okp_kostenbeteiligung,6 – 10,6,10,total_mio_chf,29.857991840000007,CHF,mio_chf,
2012,okp_kostenbeteiligung,6 – 10,6,10,per_capita_chf,77.03867921743668,CHF,chf_per_capita_year,
2012,okp_kostenbeteiligung,11 – 15,11,15,total_mio_chf,36.155045,CHF,mio_chf,
2012,okp_kostenbeteiligung,11 – 15,11,15,per_capita_chf,87.8494849470441,CHF,chf_per_capita_year,
2012,okp_kostenbeteiligung,16 – 18,16,18,total_mio_chf,29.246165660000003,CHF,mio_chf,
2012,okp_kostenbeteiligung,16 – 18,16,18,per_capita_chf,111.58970225871907,CHF,chf_per_capita_year,
2012,okp_kostenbeteiligung,19 – 20,19,20,total_mio_chf,63.801192579999984,CHF,mio_chf,
2012,okp_kostenbeteiligung,19 – 20,19,20,per_capita_chf,350.72843824535266,CHF,chf_per_capita_year,
2012,okp_kostenbeteiligung,21 – 25,21,25,total_mio_chf,172.66884524999998,CHF,mio_chf,
2012,okp_kostenbeteiligung,21 – 25,21,25,per_capita_chf,354.68218275508366,CHF,chf_per_capita_year,
2012,okp_kostenbeteiligung,26 – 30,26,30,total_mio_chf,200.57654181000007,CHF,mio_chf,
2012,okp_kostenbeteiligung,26 – 30,26,30,per_capita_chf,376.99274929587534,CHF,chf_per_capita_year,
2012,okp_kostenbeteiligung,31 – 35,31,35,total_mio_chf,234.29495855999994,CHF,mio_chf,
2012,okp_kostenbeteiligung,31 – 35,31,35,per_capita_chf,425.23188760394777,CHF,chf_per_capita_year,
2012,okp_kostenbeteiligung,36 – 40,36,40,total_mio_chf,253.36569971000006,CHF,mio_chf,
2012,okp_kostenbeteiligung,36 – 40,36,40,per_capita_chf,455.7757031539327,CHF,chf_per_capita_year,
2012,okp_kostenbeteiligung,41 – 45,41,45,total_mio_chf,294.01462827000006,CHF,mio_chf,
2012,okp_kostenbeteiligung,41 – 45,41,45,per_capita_chf,470.51234335719084,CHF,chf_per_capita_year,
2012,okp_kostenbeteiligung,46 – 50,46,50,total_mio_chf,330.5429978699999,CHF,mio_chf,
2012,okp_kostenbeteiligung,46 – 50,46,50,per_capita_chf,500.7526641954365,CHF,chf_per_capita_year,
2012,okp_kostenbeteiligung,51 – 55,51,55,total_mio_chf,317.3028276300001,CHF,mio_chf,
2012,okp_kostenbeteiligung,51 – 55,51,55,per_capita_chf,548.3641036590751,CHF,chf_per_capita_year,
2012,okp_kostenbeteiligung,56 – 60,56,60,total_mio_chf,295.73644400000006,CHF,mio_chf,
2012,okp_kostenbeteiligung,56 – 60,56,60,per_capita_chf,597.6995666838249,CHF,chf_per_capita_year,
2012,okp_kostenbeteiligung,61 – 65,61,65,total_mio_chf,297.62895427999996,CHF,mio_chf,
2012,okp_kostenbeteiligung,61 – 65,61,65,per_capita_chf,659.7083975346773,CHF,chf_per_capita_year,
2012,okp_kostenbeteiligung,66 – 70,66,70,total_mio_chf,294.6932768600001,CHF,mio_chf,
2012,okp_kostenbeteiligung,66 – 70,66,70,per_capita_chf,727.6033346473455,CHF,chf_per_capita_year,
2012,okp_kostenbeteiligung,71 – 75,71,75,total_mio_chf,239.89185780000003,CHF,mio_chf,
2012,okp_kostenbeteiligung,71 – 75,71,75,per_capita_chf,781.8795490458497,CHF,chf_per_capita_year,
2012,okp_kostenbeteiligung,76 – 80,76,80,total_mio_chf,214.99626612999992,CHF,mio_chf,
2012,okp_kostenbeteiligung,76 – 80,76,80,per_capita_chf,846.947560311395,CHF,chf_per_capita_year,
2012,okp_kostenbeteiligung,81 – 85,81,85,total_mio_chf,175.06153101999996,CHF,mio_chf,
2012,okp_kostenbeteiligung,81 – 85,81,85,per_capita_chf,916.8464373160043,CHF,chf_per_capita_year,
2012,okp_kostenbeteiligung,86 – 90,86,90,total_mio_chf,115.71430652999999,CHF,mio_chf,
2012,okp_kostenbeteiligung,86 – 90,86,90,per_capita_chf,998.7787105177297,CHF,chf_per_capita_year,
2012,okp_kostenbeteiligung,91 – 95,91,95,total_mio_chf,48.364079109999984,CHF,mio_chf,
2012,okp_kostenbeteiligung,91 – 95,91,95,per_capita_chf,1093.7516477258848,CHF,chf_per_capita_year,
2012,okp_kostenbeteiligung,96 – 100,96,100,total_mio_chf,11.37714388,CHF,mio_chf,
2012,okp_kostenbeteiligung,96 – 100,96,100,per_capita_chf,1202.4913970686937,CHF,chf_per_capita_year,
2012,okp_kostenbeteiligung,> 100,100,100,total_mio_chf,1.4177241699999996,CHF,mio_chf,
2012,okp_kostenbeteiligung,> 100,100,100,per_capita_chf,1293.0248531611394,CHF,chf_per_capita_year,
2012,okp_nettoleistungen,0 – 5,0,5,total_mio_chf,481.24643291,CHF,mio_chf,
2012,okp_nettoleistungen,0 – 5,0,5,per_capita_chf,1074.9919325529538,CHF,chf_per_capita_year,
2012,okp_nettoleistungen,6 – 10,6,10,total_mio_chf,287.76358428,CHF,mio_chf,
2012,okp_nettoleistungen,6 – 10,6,10,per_capita_chf,742.4788170149998,CHF,chf_per_capita_year,
2012,okp_nettoleistungen,11 – 15,11,15,total_mio_chf,344.32212496,CHF,mio_chf,
2012,okp_nettoleistungen,11 – 15,11,15,per_capita_chf,836.6334859660044,CHF,chf_per_capita_year,
2012,okp_nettoleistungen,16 – 18,16,18,total_mio_chf,291.91725979,CHF,mio_chf,
2012,okp_nettoleistungen,16 – 18,16,18,per_capita_chf,1113.8198587413474,CHF,chf_per_capita_year,
2012,okp_nettoleistungen,19 – 20,19,20,total_mio_chf,158.14107185,CHF,mio_chf,
2012,okp_nettoleistungen,19 – 20,19,20,per_capita_chf,869.3343950091506,CHF,chf_per_capita_year,
2012,okp_nettoleistungen,21 – 25,21,25,total_mio_chf,527.6560722,CHF,mio_chf,
2012,okp_nettoleistungen,21 – 25,21,25,per_capita_chf,1083.8678347614075,CHF,chf_per_capita_year,
2012,okp_nettoleistungen,26 – 30,26,30,total_mio_chf,712.1584980299999,CHF,mio_chf,
2012,okp_nettoleistungen,26 – 30,26,30,per_capita_chf,1338.5343454623542,CHF,chf_per_capita_year,
2012,okp_nettoleistungen,31 – 35,31,35,total_mio_chf,892.7319734499999,CHF,mio_chf,
2012,okp_nettoleistungen,31 – 35,31,35,per_capita_chf,1620.2572369790257,CHF,chf_per_capita_year,
2012,okp_nettoleistungen,36 – 40,36,40,total_mio_chf,928.6378165299999,CHF,mio_chf,
2012,okp_nettoleistungen,36 – 40,36,40,per_capita_chf,1670.5124422474782,CHF,chf_per_capita_year,
2012,okp_nettoleistungen,41 – 45,41,45,total_mio_chf,1098.39363402,CHF,mio_chf,
2012,okp_nettoleistungen,41 – 45,41,45,per_capita_chf,1757.7620736502097,CHF,chf_per_capita_year,
2012,okp_nettoleistungen,46 – 50,46,50,total_mio_chf,1385.3336405900002,CHF,mio_chf,
2012,okp_nettoleistungen,46 – 50,46,50,per_capita_chf,2098.696737777627,CHF,chf_per_capita_year,
2012,okp_nettoleistungen,51 – 55,51,55,total_mio_chf,1479.9244052099998,CHF,mio_chf,
2012,okp_nettoleistungen,51 – 55,51,55,per_capita_chf,2557.611685996343,CHF,chf_per_capita_year,
2012,okp_nettoleistungen,56 – 60,56,60,total_mio_chf,1582.2808853599997,CHF,mio_chf,
2012,okp_nettoleistungen,56 – 60,56,60,per_capita_chf,3197.87641577164,CHF,chf_per_capita_year,
2012,okp_nettoleistungen,61 – 65,61,65,total_mio_chf,1816.2200244800001,CHF,mio_chf,
2012,okp_nettoleistungen,61 – 65,61,65,per_capita_chf,4025.736020269342,CHF,chf_per_capita_year,
2012,okp_nettoleistungen,66 – 70,66,70,total_mio_chf,2074.9837893199997,CHF,mio_chf,
2012,okp_nettoleistungen,66 – 70,66,70,per_capita_chf,5123.1746463142445,CHF,chf_per_capita_year,
2012,okp_nettoleistungen,71 – 75,71,75,total_mio_chf,1933.2050175800002,CHF,mio_chf,
2012,okp_nettoleistungen,71 – 75,71,75,per_capita_chf,6300.895250137265,CHF,chf_per_capita_year,
2012,okp_nettoleistungen,76 – 80,76,80,total_mio_chf,2008.4766776500003,CHF,mio_chf,
2012,okp_nettoleistungen,76 – 80,76,80,per_capita_chf,7912.111464528552,CHF,chf_per_capita_year,
2012,okp_nettoleistungen,81 – 85,81,85,total_mio_chf,1860.1989752999998,CHF,mio_chf,
2012,okp_nettoleistungen,81 – 85,81,85,per_capita_chf,9742.384824726794,CHF,chf_per_capita_year,
2012,okp_nettoleistungen,86 – 90,86,90,total_mio_chf,1424.87267634,CHF,mio_chf,
2012,okp_nettoleistungen,86 – 90,86,90,per_capita_chf,12298.673664503633,CHF,chf_per_capita_year,
2012,okp_nettoleistungen,91 – 95,91,95,total_mio_chf,694.31157911,CHF,mio_chf,
2012,okp_nettoleistungen,91 – 95,91,95,per_capita_chf,15701.827630368454,CHF,chf_per_capita_year,
2012,okp_nettoleistungen,96 – 100,96,100,total_mio_chf,187.32418898,CHF,mio_chf,
2012,okp_nettoleistungen,96 – 100,96,100,per_capita_chf,19798.96959089175,CHF,chf_per_capita_year,
2012,okp_nettoleistungen,> 100,100,100,total_mio_chf,25.8907595,CHF,mio_chf,
2012,okp_nettoleistungen,> 100,100,100,per_capita_chf,23613.475885593372,CHF,chf_per_capita_year,
2012,okp_bruttoleistungen,0 – 5,0,5,total_mio_chf,529.77515881,CHF,mio_chf,
2012,okp_bruttoleistungen,0 – 5,0,5,per_capita_chf,1183.393751812422,CHF,chf_per_capita_year,
2012,okp_bruttoleistungen,6 – 10,6,10,total_mio_chf,317.62157612,CHF,mio_chf,
2012,okp_bruttoleistungen,6 – 10,6,10,per_capita_chf,819.5174962324365,CHF,chf_per_capita_year,
2012,okp_bruttoleistungen,11 – 15,11,15,total_mio_chf,380.47716995999997,CHF,mio_chf,
2012,okp_bruttoleistungen,11 – 15,11,15,per_capita_chf,924.4829709130486,CHF,chf_per_capita_year,
2012,okp_bruttoleistungen,16 – 18,16,18,total_mio_chf,321.16342545,CHF,mio_chf,
2012,okp_bruttoleistungen,16 – 18,16,18,per_capita_chf,1225.4095610000663,CHF,chf_per_capita_year,
2012,okp_bruttoleistungen,19 – 20,19,20,total_mio_chf,221.94226443,CHF,mio_chf,
2012,okp_bruttoleistungen,19 – 20,19,20,per_capita_chf,1220.0628332545034,CHF,chf_per_capita_year,
2012,okp_bruttoleistungen,21 – 25,21,25,total_mio_chf,700.32491745,CHF,mio_chf,
2012,okp_bruttoleistungen,21 – 25,21,25,per_capita_chf,1438.5500175164914,CHF,chf_per_capita_year,
2012,okp_bruttoleistungen,26 – 30,26,30,total_mio_chf,912.73503984,CHF,mio_chf,
2012,okp_bruttoleistungen,26 – 30,26,30,per_capita_chf,1715.5270947582294,CHF,chf_per_capita_year,
2012,okp_bruttoleistungen,31 – 35,31,35,total_mio_chf,1127.0269320099999,CHF,mio_chf,
2012,okp_bruttoleistungen,31 – 35,31,35,per_capita_chf,2045.4891245829738,CHF,chf_per_capita_year,
2012,okp_bruttoleistungen,36 – 40,36,40,total_mio_chf,1182.00351624,CHF,mio_chf,
2012,okp_bruttoleistungen,36 – 40,36,40,per_capita_chf,2126.288145401411,CHF,chf_per_capita_year,
2012,okp_bruttoleistungen,41 – 45,41,45,total_mio_chf,1392.40826229,CHF,mio_chf,
2012,okp_bruttoleistungen,41 – 45,41,45,per_capita_chf,2228.2744170074,CHF,chf_per_capita_year,
2012,okp_bruttoleistungen,46 – 50,46,50,total_mio_chf,1715.87663846,CHF,mio_chf,
2012,okp_bruttoleistungen,46 – 50,46,50,per_capita_chf,2599.4494019730637,CHF,chf_per_capita_year,
2012,okp_bruttoleistungen,51 – 55,51,55,total_mio_chf,1797.22723284,CHF,mio_chf,
2012,okp_bruttoleistungen,51 – 55,51,55,per_capita_chf,3105.9757896554183,CHF,chf_per_capita_year,
2012,okp_bruttoleistungen,56 – 60,56,60,total_mio_chf,1878.0173293599998,CHF,mio_chf,
2012,okp_bruttoleistungen,56 – 60,56,60,per_capita_chf,3795.5759824554652,CHF,chf_per_capita_year,
2012,okp_bruttoleistungen,61 – 65,61,65,total_mio_chf,2113.84897876,CHF,mio_chf,
2012,okp_bruttoleistungen,61 – 65,61,65,per_capita_chf,4685.444417804019,CHF,chf_per_capita_year,
2012,okp_bruttoleistungen,66 – 70,66,70,total_mio_chf,2369.6770661799997,CHF,mio_chf,
2012,okp_bruttoleistungen,66 – 70,66,70,per_capita_chf,5850.77798096159,CHF,chf_per_capita_year,
2012,okp_bruttoleistungen,71 – 75,71,75,total_mio_chf,2173.0968753800003,CHF,mio_chf,
2012,okp_bruttoleistungen,71 – 75,71,75,per_capita_chf,7082.774799183115,CHF,chf_per_capita_year,
2012,okp_bruttoleistungen,76 – 80,76,80,total_mio_chf,2223.47294378,CHF,mio_chf,
2012,okp_bruttoleistungen,76 – 80,76,80,per_capita_chf,8759.059024839946,CHF,chf_per_capita_year,
2012,okp_bruttoleistungen,81 – 85,81,85,total_mio_chf,2035.2605063199999,CHF,mio_chf,
2012,okp_bruttoleistungen,81 – 85,81,85,per_capita_chf,10659.2312620428,CHF,chf_per_capita_year,
2012,okp_bruttoleistungen,86 – 90,86,90,total_mio_chf,1540.58698287,CHF,mio_chf,
2012,okp_bruttoleistungen,86 – 90,86,90,per_capita_chf,13297.452375021361,CHF,chf_per_capita_year,
2012,okp_bruttoleistungen,91 – 95,91,95,total_mio_chf,742.6756582200001,CHF,mio_chf,
2012,okp_bruttoleistungen,91 – 95,91,95,per_capita_chf,16795.579278094337,CHF,chf_per_capita_year,
2012,okp_bruttoleistungen,96 – 100,96,100,total_mio_chf,198.70133286,CHF,mio_chf,
2012,okp_bruttoleistungen,96 – 100,96,100,per_capita_chf,21001.460987960443,CHF,chf_per_capita_year,
2012,okp_bruttoleistungen,> 100,100,100,total_mio_chf,27.30848367,CHF,mio_chf,
2012,okp_bruttoleistungen,> 100,100,100,per_capita_chf,24906.500738754516,CHF,chf_per_capita_year,
2013,okp_premium,0 – 5,0,5,total_mio_chf,423.43440233999996,CHF,mio_chf,
2013,okp_premium,0 – 5,0,5,per_capita_chf,930.84629463363,CHF,chf_per_capita_year,
2013,okp_premium,6 – 10,6,10,total_mio_chf,363.73042554,CHF,mio_chf,
2013,okp_premium,6 – 10,6,10,per_capita_chf,926.5657461223526,CHF,chf_per_capita_year,
2013,okp_premium,11 – 15,11,15,total_mio_chf,381.65322385,CHF,mio_chf,
2013,okp_premium,11 – 15,11,15,per_capita_chf,936.6070576261122,CHF,chf_per_capita_year,
2013,okp_premium,16 – 18,16,18,total_mio_chf,243.54786824,CHF,mio_chf,
2013,okp_premium,16 – 18,16,18,per_capita_chf,932.6676897571244,CHF,chf_per_capita_year,
2013,okp_premium,19 – 20,19,20,total_mio_chf,579.76025052,CHF,mio_chf,
2013,okp_premium,19 – 20,19,20,per_capita_chf,3258.7639979355627,CHF,chf_per_capita_year,
2013,okp_premium,21 – 25,21,25,total_mio_chf,1539.56096082,CHF,mio_chf,
2013,okp_premium,21 – 25,21,25,per_capita_chf,3127.562421591844,CHF,chf_per_capita_year,
2013,okp_premium,26 – 30,26,30,total_mio_chf,1760.55532699,CHF,mio_chf,
2013,okp_premium,26 – 30,26,30,per_capita_chf,3275.9353296726626,CHF,chf_per_capita_year,
2013,okp_premium,31 – 35,31,35,total_mio_chf,1829.83118515,CHF,mio_chf,
2013,okp_premium,31 – 35,31,35,per_capita_chf,3241.871612573854,CHF,chf_per_capita_year,
2013,okp_premium,36 – 40,36,40,total_mio_chf,1842.94129574,CHF,mio_chf,
2013,okp_premium,36 – 40,36,40,per_capita_chf,3302.4438894401897,CHF,chf_per_capita_year,
2013,okp_premium,41 – 45,41,45,total_mio_chf,2089.40670833,CHF,mio_chf,
2013,okp_premium,41 – 45,41,45,per_capita_chf,3387.0298802220136,CHF,chf_per_capita_year,
2013,okp_premium,46 – 50,46,50,total_mio_chf,2316.19138149,CHF,mio_chf,
2013,okp_premium,46 – 50,46,50,per_capita_chf,3475.0791644043384,CHF,chf_per_capita_year,
2013,okp_premium,51 – 55,51,55,total_mio_chf,2137.50614701,CHF,mio_chf,
2013,okp_premium,51 – 55,51,55,per_capita_chf,3579.985286863857,CHF,chf_per_capita_year,
2013,okp_premium,56 – 60,56,60,total_mio_chf,1888.32403948,CHF,mio_chf,
2013,okp_premium,56 – 60,56,60,per_capita_chf,3721.4608978627975,CHF,chf_per_capita_year,
2013,okp_premium,61 – 65,61,65,total_mio_chf,1771.07109187,CHF,mio_chf,
2013,okp_premium,61 – 65,61,65,per_capita_chf,3915.853200246837,CHF,chf_per_capita_year,
2013,okp_premium,66 – 70,66,70,total_mio_chf,1695.4331275499999,CHF,mio_chf,
2013,okp_premium,66 – 70,66,70,per_capita_chf,4095.3381294520896,CHF,chf_per_capita_year,
2013,okp_premium,71 – 75,71,75,total_mio_chf,1348.48760575,CHF,mio_chf,
2013,okp_premium,71 – 75,71,75,per_capita_chf,4208.216035319755,CHF,chf_per_capita_year,
2013,okp_premium,76 – 80,76,80,total_mio_chf,1113.0935880499999,CHF,mio_chf,
2013,okp_premium,76 – 80,76,80,per_capita_chf,4352.442958269016,CHF,chf_per_capita_year,
2013,okp_premium,81 – 85,81,85,total_mio_chf,866.04449202,CHF,mio_chf,
2013,okp_premium,81 – 85,81,85,per_capita_chf,4445.347400270085,CHF,chf_per_capita_year,
2013,okp_premium,86 – 90,86,90,total_mio_chf,531.91520891,CHF,mio_chf,
2013,okp_premium,86 – 90,86,90,per_capita_chf,4521.260399472832,CHF,chf_per_capita_year,
2013,okp_premium,91 – 95,91,95,total_mio_chf,212.63377356,CHF,mio_chf,
2013,okp_premium,91 – 95,91,95,per_capita_chf,4571.200369937545,CHF,chf_per_capita_year,
2013,okp_premium,96 – 100,96,100,total_mio_chf,44.034688179999996,CHF,mio_chf,
2013,okp_premium,96 – 100,96,100,per_capita_chf,4697.028395703044,CHF,chf_per_capita_year,
2013,okp_premium,> 100,100,100,total_mio_chf,5.16514233,CHF,mio_chf,
2013,okp_premium,> 100,100,100,per_capita_chf,4740.793870639095,CHF,chf_per_capita_year,
2013,praemienverbilligung,0 – 18,0,18,beneficiaries_count,647525.0,Anzahl,count,403d_coarse_0_18
2013,praemienverbilligung,0 – 18,0,18,beneficiary_rate,0.42710905796518805,Anteil,rate,403d_coarse_0_18
2013,praemienverbilligung,0 – 18,0,18,total_mio_chf,432.6183269027474,CHF,mio_chf,403d_coarse_0_18
2013,praemienverbilligung,19 – 25,19,25,beneficiaries_count,291731.0,Anzahl,count,
2013,praemienverbilligung,19 – 25,19,25,beneficiary_rate,0.435312920247016,Anteil,rate,
2013,praemienverbilligung,19 – 25,19,25,total_mio_chf,546.6027671003393,CHF,mio_chf,
2013,praemienverbilligung,26 – 30,26,30,beneficiaries_count,160064.0,Anzahl,count,
2013,praemienverbilligung,26 – 30,26,30,beneficiary_rate,0.29783745195058187,Anteil,rate,
2013,praemienverbilligung,26 – 30,26,30,total_mio_chf,287.827023083425,CHF,mio_chf,
2013,praemienverbilligung,31 – 35,31,35,beneficiaries_count,142173.0,Anzahl,count,
2013,praemienverbilligung,31 – 35,31,35,beneficiary_rate,0.25188477304078716,Anteil,rate,
2013,praemienverbilligung,31 – 35,31,35,total_mio_chf,252.48100080344324,CHF,mio_chf,
2013,praemienverbilligung,36 – 40,36,40,beneficiaries_count,139510.0,Anzahl,count,
2013,praemienverbilligung,36 – 40,36,40,beneficiary_rate,0.24999382675985105,Anteil,rate,
2013,praemienverbilligung,36 – 40,36,40,total_mio_chf,248.40877443228436,CHF,mio_chf,
2013,praemienverbilligung,41 – 45,41,45,beneficiaries_count,145105.0,Anzahl,count,
2013,praemienverbilligung,41 – 45,41,45,beneficiary_rate,0.23522226132911978,Anteil,rate,
2013,praemienverbilligung,41 – 45,41,45,total_mio_chf,263.33698404779545,CHF,mio_chf,
2013,praemienverbilligung,46 – 50,46,50,beneficiaries_count,139458.0,Anzahl,count,
2013,praemienverbilligung,46 – 50,46,50,beneficiary_rate,0.2092346919095004,Anteil,rate,
2013,praemienverbilligung,46 – 50,46,50,total_mio_chf,261.32560657310455,CHF,mio_chf,
2013,praemienverbilligung,51 – 55,51,55,beneficiaries_count,106307.0,Anzahl,count,
2013,praemienverbilligung,51 – 55,51,55,beneficiary_rate,0.1780474392660802,Anteil,rate,
2013,praemienverbilligung,51 – 55,51,55,total_mio_chf,217.5946849600668,CHF,mio_chf,
2013,praemienverbilligung,56 – 60,56,60,beneficiaries_count,81379.0,Anzahl,count,
2013,praemienverbilligung,56 – 60,56,60,beneficiary_rate,0.16037965946277633,Anteil,rate,
2013,praemienverbilligung,56 – 60,56,60,total_mio_chf,181.11884968873846,CHF,mio_chf,
2013,praemienverbilligung,61 – 65,61,65,beneficiaries_count,73770.0,Anzahl,count,
2013,praemienverbilligung,61 – 65,61,65,beneficiary_rate,0.1631060954629443,Anteil,rate,
2013,praemienverbilligung,61 – 65,61,65,total_mio_chf,172.56847100449482,CHF,mio_chf,
2013,praemienverbilligung,66 – 70,66,70,beneficiaries_count,65966.0,Anzahl,count,
2013,praemienverbilligung,66 – 70,66,70,beneficiary_rate,0.15934162819964684,Anteil,rate,
2013,praemienverbilligung,66 – 70,66,70,total_mio_chf,166.63835523846882,CHF,mio_chf,
2013,praemienverbilligung,71 – 75,71,75,beneficiaries_count,60813.0,Anzahl,count,
2013,praemienverbilligung,71 – 75,71,75,beneficiary_rate,0.1897787125848786,Anteil,rate,
2013,praemienverbilligung,71 – 75,71,75,total_mio_chf,153.48676872296562,CHF,mio_chf,
2013,praemienverbilligung,76 – 80,76,80,beneficiaries_count,58088.0,Anzahl,count,
2013,praemienverbilligung,76 – 80,76,80,beneficiary_rate,0.22713697147680792,Anteil,rate,
2013,praemienverbilligung,76 – 80,76,80,total_mio_chf,150.47236036618708,CHF,mio_chf,
2013,praemienverbilligung,81 – 85,81,85,beneficiaries_count,49306.0,Anzahl,count,
2013,praemienverbilligung,81 – 85,81,85,beneficiary_rate,0.2530843402819715,Anteil,rate,
2013,praemienverbilligung,81 – 85,81,85,total_mio_chf,135.78977962439305,CHF,mio_chf,
2013,praemienverbilligung,86 – 90,86,90,beneficiaries_count,35298.0,Anzahl,count,
2013,praemienverbilligung,86 – 90,86,90,beneficiary_rate,0.30003174736745475,Anteil,rate,
2013,praemienverbilligung,86 – 90,86,90,total_mio_chf,103.89676439280638,CHF,mio_chf,
2013,okp_kostenbeteiligung,0 – 5,0,5,total_mio_chf,52.1337639,CHF,mio_chf,
2013,okp_kostenbeteiligung,0 – 5,0,5,per_capita_chf,114.60693954822581,CHF,chf_per_capita_year,
2013,okp_kostenbeteiligung,6 – 10,6,10,total_mio_chf,31.83389305,CHF,mio_chf,
2013,okp_kostenbeteiligung,6 – 10,6,10,per_capita_chf,81.0935593910295,CHF,chf_per_capita_year,
2013,okp_kostenbeteiligung,11 – 15,11,15,total_mio_chf,38.06724405,CHF,mio_chf,
2013,okp_kostenbeteiligung,11 – 15,11,15,per_capita_chf,93.42001380713772,CHF,chf_per_capita_year,
2013,okp_kostenbeteiligung,16 – 18,16,18,total_mio_chf,30.453352940000002,CHF,mio_chf,
2013,okp_kostenbeteiligung,16 – 18,16,18,per_capita_chf,116.62125617095951,CHF,chf_per_capita_year,
2013,okp_kostenbeteiligung,19 – 20,19,20,total_mio_chf,65.99418104,CHF,mio_chf,
2013,okp_kostenbeteiligung,19 – 20,19,20,per_capita_chf,370.94550903326336,CHF,chf_per_capita_year,
2013,okp_kostenbeteiligung,21 – 25,21,25,total_mio_chf,183.58694291,CHF,mio_chf,
2013,okp_kostenbeteiligung,21 – 25,21,25,per_capita_chf,372.9502360428937,CHF,chf_per_capita_year,
2013,okp_kostenbeteiligung,26 – 30,26,30,total_mio_chf,213.59537213,CHF,mio_chf,
2013,okp_kostenbeteiligung,26 – 30,26,30,per_capita_chf,397.44540548552783,CHF,chf_per_capita_year,
2013,okp_kostenbeteiligung,31 – 35,31,35,total_mio_chf,249.97309886000002,CHF,mio_chf,
2013,okp_kostenbeteiligung,31 – 35,31,35,per_capita_chf,442.87183412218474,CHF,chf_per_capita_year,
2013,okp_kostenbeteiligung,36 – 40,36,40,total_mio_chf,265.9344817,CHF,mio_chf,
2013,okp_kostenbeteiligung,36 – 40,36,40,per_capita_chf,476.53916384187914,CHF,chf_per_capita_year,
2013,okp_kostenbeteiligung,41 – 45,41,45,total_mio_chf,305.01112752999995,CHF,mio_chf,
2013,okp_kostenbeteiligung,41 – 45,41,45,per_capita_chf,494.4378701502439,CHF,chf_per_capita_year,
2013,okp_kostenbeteiligung,46 – 50,46,50,total_mio_chf,349.11994563,CHF,mio_chf,
2013,okp_kostenbeteiligung,46 – 50,46,50,per_capita_chf,523.799310640871,CHF,chf_per_capita_year,
2013,okp_kostenbeteiligung,51 – 55,51,55,total_mio_chf,340.16886857,CHF,mio_chf,
2013,okp_kostenbeteiligung,51 – 55,51,55,per_capita_chf,569.7291426428013,CHF,chf_per_capita_year,
2013,okp_kostenbeteiligung,56 – 60,56,60,total_mio_chf,312.03577557,CHF,mio_chf,
2013,okp_kostenbeteiligung,56 – 60,56,60,per_capita_chf,614.9521550537596,CHF,chf_per_capita_year,
2013,okp_kostenbeteiligung,61 – 65,61,65,total_mio_chf,305.56984919999996,CHF,mio_chf,
2013,okp_kostenbeteiligung,61 – 65,61,65,per_capita_chf,675.6175273717322,CHF,chf_per_capita_year,
2013,okp_kostenbeteiligung,66 – 70,66,70,total_mio_chf,308.35022102999994,CHF,mio_chf,
2013,okp_kostenbeteiligung,66 – 70,66,70,per_capita_chf,744.823488988891,CHF,chf_per_capita_year,
2013,okp_kostenbeteiligung,71 – 75,71,75,total_mio_chf,256.33611799,CHF,mio_chf,
2013,okp_kostenbeteiligung,71 – 75,71,75,per_capita_chf,799.9463677363019,CHF,chf_per_capita_year,
2013,okp_kostenbeteiligung,76 – 80,76,80,total_mio_chf,221.33084933,CHF,mio_chf,
2013,okp_kostenbeteiligung,76 – 80,76,80,per_capita_chf,865.4527408622415,CHF,chf_per_capita_year,
2013,okp_kostenbeteiligung,81 – 85,81,85,total_mio_chf,181.56872794999998,CHF,mio_chf,
2013,okp_kostenbeteiligung,81 – 85,81,85,per_capita_chf,931.9799158127307,CHF,chf_per_capita_year,
2013,okp_kostenbeteiligung,86 – 90,86,90,total_mio_chf,119.70918678,CHF,mio_chf,
2013,okp_kostenbeteiligung,86 – 90,86,90,per_capita_chf,1017.5238394679702,CHF,chf_per_capita_year,
2013,okp_kostenbeteiligung,91 – 95,91,95,total_mio_chf,51.63480046,CHF,mio_chf,
2013,okp_kostenbeteiligung,91 – 95,91,95,per_capita_chf,1110.0448203154358,CHF,chf_per_capita_year,
2013,okp_kostenbeteiligung,96 – 100,96,100,total_mio_chf,11.25074015,CHF,mio_chf,
2013,okp_kostenbeteiligung,96 – 100,96,100,per_capita_chf,1200.0776692504862,CHF,chf_per_capita_year,
2013,okp_kostenbeteiligung,> 100,100,100,total_mio_chf,1.40913126,CHF,mio_chf,
2013,okp_kostenbeteiligung,> 100,100,100,per_capita_chf,1293.3623922680838,CHF,chf_per_capita_year,
2013,okp_nettoleistungen,0 – 5,0,5,total_mio_chf,533.8411179400001,CHF,mio_chf,
2013,okp_nettoleistungen,0 – 5,0,5,per_capita_chf,1173.5561017513044,CHF,chf_per_capita_year,
2013,okp_nettoleistungen,6 – 10,6,10,total_mio_chf,312.86969332,CHF,mio_chf,
2013,okp_nettoleistungen,6 – 10,6,10,per_capita_chf,797.0032762580574,CHF,chf_per_capita_year,
2013,okp_nettoleistungen,11 – 15,11,15,total_mio_chf,379.71614364,CHF,mio_chf,
2013,okp_nettoleistungen,11 – 15,11,15,per_capita_chf,931.8533102908428,CHF,chf_per_capita_year,
2013,okp_nettoleistungen,16 – 18,16,18,total_mio_chf,312.52798954,CHF,mio_chf,
2013,okp_nettoleistungen,16 – 18,16,18,per_capita_chf,1196.8273838532307,CHF,chf_per_capita_year,
2013,okp_nettoleistungen,19 – 20,19,20,total_mio_chf,167.02165187,CHF,mio_chf,
2013,okp_nettoleistungen,19 – 20,19,20,per_capita_chf,938.8090085539708,CHF,chf_per_capita_year,
2013,okp_nettoleistungen,21 – 25,21,25,total_mio_chf,575.32953316,CHF,mio_chf,
2013,okp_nettoleistungen,21 – 25,21,25,per_capita_chf,1168.7611427772308,CHF,chf_per_capita_year,
2013,okp_nettoleistungen,26 – 30,26,30,total_mio_chf,769.43319101,CHF,mio_chf,
2013,okp_nettoleistungen,26 – 30,26,30,per_capita_chf,1431.7149456256482,CHF,chf_per_capita_year,
2013,okp_nettoleistungen,31 – 35,31,35,total_mio_chf,978.3545287599999,CHF,mio_chf,
2013,okp_nettoleistungen,31 – 35,31,35,per_capita_chf,1733.3291724176806,CHF,chf_per_capita_year,
2013,okp_nettoleistungen,36 – 40,36,40,total_mio_chf,998.56192185,CHF,mio_chf,
2013,okp_nettoleistungen,36 – 40,36,40,per_capita_chf,1789.3650354809888,CHF,chf_per_capita_year,
2013,okp_nettoleistungen,41 – 45,41,45,total_mio_chf,1159.2887962999998,CHF,mio_chf,
2013,okp_nettoleistungen,41 – 45,41,45,per_capita_chf,1879.26351400158,CHF,chf_per_capita_year,
2013,okp_nettoleistungen,46 – 50,46,50,total_mio_chf,1490.1015957,CHF,mio_chf,
2013,okp_nettoleistungen,46 – 50,46,50,per_capita_chf,2235.6619791632206,CHF,chf_per_capita_year,
2013,okp_nettoleistungen,51 – 55,51,55,total_mio_chf,1642.6011248,CHF,mio_chf,
2013,okp_nettoleistungen,51 – 55,51,55,per_capita_chf,2751.0975195069277,CHF,chf_per_capita_year,
2013,okp_nettoleistungen,56 – 60,56,60,total_mio_chf,1725.3007078300002,CHF,mio_chf,
2013,okp_nettoleistungen,56 – 60,56,60,per_capita_chf,3400.178670082729,CHF,chf_per_capita_year,
2013,okp_nettoleistungen,61 – 65,61,65,total_mio_chf,1941.5114044599998,CHF,mio_chf,
2013,okp_nettoleistungen,61 – 65,61,65,per_capita_chf,4292.698176470757,CHF,chf_per_capita_year,
2013,okp_nettoleistungen,66 – 70,66,70,total_mio_chf,2259.47878483,CHF,mio_chf,
2013,okp_nettoleistungen,66 – 70,66,70,per_capita_chf,5457.796871985141,CHF,chf_per_capita_year,
2013,okp_nettoleistungen,71 – 75,71,75,total_mio_chf,2163.3905277700005,CHF,mio_chf,
2013,okp_nettoleistungen,71 – 75,71,75,per_capita_chf,6751.278002705206,CHF,chf_per_capita_year,
2013,okp_nettoleistungen,76 – 80,76,80,total_mio_chf,2154.68230498,CHF,mio_chf,
2013,okp_nettoleistungen,76 – 80,76,80,per_capita_chf,8425.286001374208,CHF,chf_per_capita_year,
2013,okp_nettoleistungen,81 – 85,81,85,total_mio_chf,1997.1951160600004,CHF,mio_chf,
2013,okp_nettoleistungen,81 – 85,81,85,per_capita_chf,10251.466522581848,CHF,chf_per_capita_year,
2013,okp_nettoleistungen,86 – 90,86,90,total_mio_chf,1506.1346426300001,CHF,mio_chf,
2013,okp_nettoleistungen,86 – 90,86,90,per_capita_chf,12802.091013625019,CHF,chf_per_capita_year,
2013,okp_nettoleistungen,91 – 95,91,95,total_mio_chf,751.2869422900001,CHF,mio_chf,
2013,okp_nettoleistungen,91 – 95,91,95,per_capita_chf,16151.164939732515,CHF,chf_per_capita_year,
2013,okp_nettoleistungen,96 – 100,96,100,total_mio_chf,187.54399443999998,CHF,mio_chf,
2013,okp_nettoleistungen,96 – 100,96,100,per_capita_chf,20004.6714019505,CHF,chf_per_capita_year,
2013,okp_nettoleistungen,> 100,100,100,total_mio_chf,25.25052437,CHF,mio_chf,
2013,okp_nettoleistungen,> 100,100,100,per_capita_chf,23176.037273636775,CHF,chf_per_capita_year,
2013,okp_bruttoleistungen,0 – 5,0,5,total_mio_chf,585.9748818400001,CHF,mio_chf,
2013,okp_bruttoleistungen,0 – 5,0,5,per_capita_chf,1288.16304129953,CHF,chf_per_capita_year,
2013,okp_bruttoleistungen,6 – 10,6,10,total_mio_chf,344.70358637,CHF,mio_chf,
2013,okp_bruttoleistungen,6 – 10,6,10,per_capita_chf,878.096835649087,CHF,chf_per_capita_year,
2013,okp_bruttoleistungen,11 – 15,11,15,total_mio_chf,417.78338769,CHF,mio_chf,
2013,okp_bruttoleistungen,11 – 15,11,15,per_capita_chf,1025.2733240979805,CHF,chf_per_capita_year,
2013,okp_bruttoleistungen,16 – 18,16,18,total_mio_chf,342.98134248,CHF,mio_chf,
2013,okp_bruttoleistungen,16 – 18,16,18,per_capita_chf,1313.4486400241904,CHF,chf_per_capita_year,
2013,okp_bruttoleistungen,19 – 20,19,20,total_mio_chf,233.01583291,CHF,mio_chf,
2013,okp_bruttoleistungen,19 – 20,19,20,per_capita_chf,1309.7545175872342,CHF,chf_per_capita_year,
2013,okp_bruttoleistungen,21 – 25,21,25,total_mio_chf,758.91647607,CHF,mio_chf,
2013,okp_bruttoleistungen,21 – 25,21,25,per_capita_chf,1541.7113788201248,CHF,chf_per_capita_year,
2013,okp_bruttoleistungen,26 – 30,26,30,total_mio_chf,983.02856314,CHF,mio_chf,
2013,okp_bruttoleistungen,26 – 30,26,30,per_capita_chf,1829.160351111176,CHF,chf_per_capita_year,
2013,okp_bruttoleistungen,31 – 35,31,35,total_mio_chf,1228.32762762,CHF,mio_chf,
2013,okp_bruttoleistungen,31 – 35,31,35,per_capita_chf,2176.2010065398654,CHF,chf_per_capita_year,
2013,okp_bruttoleistungen,36 – 40,36,40,total_mio_chf,1264.49640355,CHF,mio_chf,
2013,okp_bruttoleistungen,36 – 40,36,40,per_capita_chf,2265.904199322868,CHF,chf_per_capita_year,
2013,okp_bruttoleistungen,41 – 45,41,45,total_mio_chf,1464.29992383,CHF,mio_chf,
2013,okp_bruttoleistungen,41 – 45,41,45,per_capita_chf,2373.701384151824,CHF,chf_per_capita_year,
2013,okp_bruttoleistungen,46 – 50,46,50,total_mio_chf,1839.22154133,CHF,mio_chf,
2013,okp_bruttoleistungen,46 – 50,46,50,per_capita_chf,2759.4612898040914,CHF,chf_per_capita_year,
2013,okp_bruttoleistungen,51 – 55,51,55,total_mio_chf,1982.7699933699998,CHF,mio_chf,
2013,okp_bruttoleistungen,51 – 55,51,55,per_capita_chf,3320.826662149729,CHF,chf_per_capita_year,
2013,okp_bruttoleistungen,56 – 60,56,60,total_mio_chf,2037.3364834000001,CHF,mio_chf,
2013,okp_bruttoleistungen,56 – 60,56,60,per_capita_chf,4015.1308251364885,CHF,chf_per_capita_year,
2013,okp_bruttoleistungen,61 – 65,61,65,total_mio_chf,2247.0812536599997,CHF,mio_chf,
2013,okp_bruttoleistungen,61 – 65,61,65,per_capita_chf,4968.31570384249,CHF,chf_per_capita_year,
2013,okp_bruttoleistungen,66 – 70,66,70,total_mio_chf,2567.82900586,CHF,mio_chf,
2013,okp_bruttoleistungen,66 – 70,66,70,per_capita_chf,6202.620360974031,CHF,chf_per_capita_year,
2013,okp_bruttoleistungen,71 – 75,71,75,total_mio_chf,2419.7266457600003,CHF,mio_chf,
2013,okp_bruttoleistungen,71 – 75,71,75,per_capita_chf,7551.224370441507,CHF,chf_per_capita_year,
2013,okp_bruttoleistungen,76 – 80,76,80,total_mio_chf,2376.01315431,CHF,mio_chf,
2013,okp_bruttoleistungen,76 – 80,76,80,per_capita_chf,9290.73874223645,CHF,chf_per_capita_year,
2013,okp_bruttoleistungen,81 – 85,81,85,total_mio_chf,2178.7638440100004,CHF,mio_chf,
2013,okp_bruttoleistungen,81 – 85,81,85,per_capita_chf,11183.446438394578,CHF,chf_per_capita_year,
2013,okp_bruttoleistungen,86 – 90,86,90,total_mio_chf,1625.8438294100001,CHF,mio_chf,
2013,okp_bruttoleistungen,86 – 90,86,90,per_capita_chf,13819.61485309299,CHF,chf_per_capita_year,
2013,okp_bruttoleistungen,91 – 95,91,95,total_mio_chf,802.92174275,CHF,mio_chf,
2013,okp_bruttoleistungen,91 – 95,91,95,per_capita_chf,17261.20976004795,CHF,chf_per_capita_year,
2013,okp_bruttoleistungen,96 – 100,96,100,total_mio_chf,198.79473459,CHF,mio_chf,
2013,okp_bruttoleistungen,96 – 100,96,100,per_capita_chf,21204.74907120099,CHF,chf_per_capita_year,
2013,okp_bruttoleistungen,> 100,100,100,total_mio_chf,26.65965563,CHF,mio_chf,
2013,okp_bruttoleistungen,> 100,100,100,per_capita_chf,24469.399665904857,CHF,chf_per_capita_year,
2014,okp_premium,0 – 5,0,5,total_mio_chf,438.12298352956003,CHF,mio_chf,
2014,okp_premium,0 – 5,0,5,per_capita_chf,947.7272525853957,CHF,chf_per_capita_year,
2014,okp_premium,6 – 10,6,10,total_mio_chf,379.439264164,CHF,mio_chf,
2014,okp_premium,6 – 10,6,10,per_capita_chf,946.5263325837658,CHF,chf_per_capita_year,
2014,okp_premium,11 – 15,11,15,total_mio_chf,386.65886746687,CHF,mio_chf,
2014,okp_premium,11 – 15,11,15,per_capita_chf,955.2623991571402,CHF,chf_per_capita_year,
2014,okp_premium,16 – 18,16,18,total_mio_chf,247.59188515751998,CHF,mio_chf,
2014,okp_premium,16 – 18,16,18,per_capita_chf,950.9885502661549,CHF,chf_per_capita_year,
2014,okp_premium,19 – 20,19,20,total_mio_chf,590.70074184002,CHF,mio_chf,
2014,okp_premium,19 – 20,19,20,per_capita_chf,3343.0145477828346,CHF,chf_per_capita_year,
2014,okp_premium,21 – 25,21,25,total_mio_chf,1584.7107992651702,CHF,mio_chf,
2014,okp_premium,21 – 25,21,25,per_capita_chf,3219.28831006752,CHF,chf_per_capita_year,
2014,okp_premium,26 – 30,26,30,total_mio_chf,1814.63586781856,CHF,mio_chf,
2014,okp_premium,26 – 30,26,30,per_capita_chf,3308.1542929755906,CHF,chf_per_capita_year,
2014,okp_premium,31 – 35,31,35,total_mio_chf,1892.13657858014,CHF,mio_chf,
2014,okp_premium,31 – 35,31,35,per_capita_chf,3281.2844701064564,CHF,chf_per_capita_year,
2014,okp_premium,36 – 40,36,40,total_mio_chf,1887.3094545762401,CHF,mio_chf,
2014,okp_premium,36 – 40,36,40,per_capita_chf,3349.934393366521,CHF,chf_per_capita_year,
2014,okp_premium,41 – 45,41,45,total_mio_chf,2087.67971021598,CHF,mio_chf,
2014,okp_premium,41 – 45,41,45,per_capita_chf,3438.8282322552504,CHF,chf_per_capita_year,
2014,okp_premium,46 – 50,46,50,total_mio_chf,2362.06634357594,CHF,mio_chf,
2014,okp_premium,46 – 50,46,50,per_capita_chf,3539.202305049693,CHF,chf_per_capita_year,
2014,okp_premium,51 – 55,51,55,total_mio_chf,2258.40996621846,CHF,mio_chf,
2014,okp_premium,51 – 55,51,55,per_capita_chf,3652.7776591166075,CHF,chf_per_capita_year,
2014,okp_premium,56 – 60,56,60,total_mio_chf,1982.2678926261103,CHF,mio_chf,
2014,okp_premium,56 – 60,56,60,per_capita_chf,3795.912543550602,CHF,chf_per_capita_year,
2014,okp_premium,61 – 65,61,65,total_mio_chf,1806.15476651686,CHF,mio_chf,
2014,okp_premium,61 – 65,61,65,per_capita_chf,3988.9083541075443,CHF,chf_per_capita_year,
2014,okp_premium,66 – 70,66,70,total_mio_chf,1766.36506767237,CHF,mio_chf,
2014,okp_premium,66 – 70,66,70,per_capita_chf,4194.609676708433,CHF,chf_per_capita_year,
2014,okp_premium,71 – 75,71,75,total_mio_chf,1449.3022143153098,CHF,mio_chf,
2014,okp_premium,71 – 75,71,75,per_capita_chf,4328.1304195888315,CHF,chf_per_capita_year,
2014,okp_premium,76 – 80,76,80,total_mio_chf,1158.9697912583501,CHF,mio_chf,
2014,okp_premium,76 – 80,76,80,per_capita_chf,4466.01138511289,CHF,chf_per_capita_year,
2014,okp_premium,81 – 85,81,85,total_mio_chf,906.30421632139,CHF,mio_chf,
2014,okp_premium,81 – 85,81,85,per_capita_chf,4577.487524706928,CHF,chf_per_capita_year,
2014,okp_premium,86 – 90,86,90,total_mio_chf,561.23111060156,CHF,mio_chf,
2014,okp_premium,86 – 90,86,90,per_capita_chf,4670.758185495719,CHF,chf_per_capita_year,
2014,okp_premium,91 – 95,91,95,total_mio_chf,233.84806894129997,CHF,mio_chf,
2014,okp_premium,91 – 95,91,95,per_capita_chf,4765.071360335694,CHF,chf_per_capita_year,
2014,okp_premium,96 – 100,96,100,total_mio_chf,45.850217374749995,CHF,mio_chf,
2014,okp_premium,96 – 100,96,100,per_capita_chf,4832.473368797652,CHF,chf_per_capita_year,
2014,okp_premium,> 100,100,100,total_mio_chf,5.69954281378,CHF,mio_chf,
2014,okp_premium,> 100,100,100,per_capita_chf,4934.498211126887,CHF,chf_per_capita_year,
2014,praemienverbilligung,0 – 18,0,18,beneficiaries_count,593948.7139147371,Anzahl,count,403d_coarse_0_18
2014,praemienverbilligung,0 – 18,0,18,beneficiary_rate,0.38863794197733437,Anteil,rate,403d_coarse_0_18
2014,praemienverbilligung,0 – 18,0,18,total_mio_chf,416.25303936244455,CHF,mio_chf,403d_coarse_0_18
2014,praemienverbilligung,19 – 25,19,25,beneficiaries_count,278288.2956070115,Anzahl,count,
2014,praemienverbilligung,19 – 25,19,25,beneficiary_rate,0.41600635747396975,Anteil,rate,
2014,praemienverbilligung,19 – 25,19,25,total_mio_chf,579.1556278891688,CHF,mio_chf,
2014,praemienverbilligung,26 – 30,26,30,beneficiaries_count,156157.59381086344,Anzahl,count,
2014,praemienverbilligung,26 – 30,26,30,beneficiary_rate,0.28468160259066083,Anteil,rate,
2014,praemienverbilligung,26 – 30,26,30,total_mio_chf,313.7278142329648,CHF,mio_chf,
2014,praemienverbilligung,31 – 35,31,35,beneficiaries_count,139726.44644016447,Anzahl,count,
2014,praemienverbilligung,31 – 35,31,35,beneficiary_rate,0.24230926333063788,Anteil,rate,
2014,praemienverbilligung,31 – 35,31,35,total_mio_chf,277.3818198409245,CHF,mio_chf,
2014,praemienverbilligung,36 – 40,36,40,beneficiaries_count,135762.7439948063,Anzahl,count,
2014,praemienverbilligung,36 – 40,36,40,beneficiary_rate,0.2409760060711638,Anteil,rate,
2014,praemienverbilligung,36 – 40,36,40,total_mio_chf,268.5668474471121,CHF,mio_chf,
2014,praemienverbilligung,41 – 45,41,45,beneficiaries_count,136304.59294524995,Anzahl,count,
2014,praemienverbilligung,41 – 45,41,45,beneficiary_rate,0.22452107293509926,Anteil,rate,
2014,praemienverbilligung,41 – 45,41,45,total_mio_chf,274.72923222038065,CHF,mio_chf,
2014,praemienverbilligung,46 – 50,46,50,beneficiaries_count,133356.56611123134,Anzahl,count,
2014,praemienverbilligung,46 – 50,46,50,beneficiary_rate,0.19981482401351325,Anteil,rate,
2014,praemienverbilligung,46 – 50,46,50,total_mio_chf,278.49414959443635,CHF,mio_chf,
2014,praemienverbilligung,51 – 55,51,55,beneficiaries_count,108790.37416143692,Anzahl,count,
2014,praemienverbilligung,51 – 55,51,55,beneficiary_rate,0.17595877146864958,Anteil,rate,
2014,praemienverbilligung,51 – 55,51,55,total_mio_chf,244.96077175832679,CHF,mio_chf,
2014,praemienverbilligung,56 – 60,56,60,beneficiaries_count,85174.60484743562,Anzahl,count,
2014,praemienverbilligung,56 – 60,56,60,beneficiary_rate,0.16310376171593507,Anteil,rate,
2014,praemienverbilligung,56 – 60,56,60,total_mio_chf,207.94471853179468,CHF,mio_chf,
2014,praemienverbilligung,61 – 65,61,65,beneficiaries_count,76554.1157758061,Anzahl,count,
2014,praemienverbilligung,61 – 65,61,65,beneficiary_rate,0.16907041691526237,Anteil,rate,
2014,praemienverbilligung,61 – 65,61,65,total_mio_chf,198.89557042000484,CHF,mio_chf,
2014,praemienverbilligung,66 – 70,66,70,beneficiaries_count,70985.272884657,Anzahl,count,
2014,praemienverbilligung,66 – 70,66,70,beneficiary_rate,0.16856963474976086,Anteil,rate,
2014,praemienverbilligung,66 – 70,66,70,total_mio_chf,195.47196632495653,CHF,mio_chf,
2014,praemienverbilligung,71 – 75,71,75,beneficiaries_count,64703.50097381519,Anzahl,count,
2014,praemienverbilligung,71 – 75,71,75,beneficiary_rate,0.19322760995201604,Anteil,rate,
2014,praemienverbilligung,71 – 75,71,75,total_mio_chf,177.4985328571277,CHF,mio_chf,
2014,praemienverbilligung,76 – 80,76,80,beneficiaries_count,62642.71131789656,Anzahl,count,
2014,praemienverbilligung,76 – 80,76,80,beneficiary_rate,0.24138944079471134,Anteil,rate,
2014,praemienverbilligung,76 – 80,76,80,total_mio_chf,171.4465597294405,CHF,mio_chf,
2014,praemienverbilligung,81 – 85,81,85,beneficiaries_count,55319.20450119022,Anzahl,count,
2014,praemienverbilligung,81 – 85,81,85,beneficiary_rate,0.27940170563122996,Anteil,rate,
2014,praemienverbilligung,81 – 85,81,85,total_mio_chf,156.42159623926415,CHF,mio_chf,
2014,praemienverbilligung,86 – 90,86,90,beneficiaries_count,40431.51677126163,Anzahl,count,
2014,praemienverbilligung,86 – 90,86,90,beneficiary_rate,0.33648504127348766,Anteil,rate,
2014,praemienverbilligung,86 – 90,86,90,total_mio_chf,120.13206907027964,CHF,mio_chf,
2014,okp_kostenbeteiligung,0 – 5,0,5,total_mio_chf,52.72524680093999,CHF,mio_chf,
2014,okp_kostenbeteiligung,0 – 5,0,5,per_capita_chf,114.05280063142449,CHF,chf_per_capita_year,
2014,okp_kostenbeteiligung,6 – 10,6,10,total_mio_chf,32.62064201825999,CHF,mio_chf,
2014,okp_kostenbeteiligung,6 – 10,6,10,per_capita_chf,81.37348865067973,CHF,chf_per_capita_year,
2014,okp_kostenbeteiligung,11 – 15,11,15,total_mio_chf,38.51107747752,CHF,mio_chf,
2014,okp_kostenbeteiligung,11 – 15,11,15,per_capita_chf,95.14377494123906,CHF,chf_per_capita_year,
2014,okp_kostenbeteiligung,16 – 18,16,18,total_mio_chf,30.83370307462,CHF,mio_chf,
2014,okp_kostenbeteiligung,16 – 18,16,18,per_capita_chf,118.43077396343077,CHF,chf_per_capita_year,
2014,okp_kostenbeteiligung,19 – 20,19,20,total_mio_chf,67.92677187867001,CHF,mio_chf,
2014,okp_kostenbeteiligung,19 – 20,19,20,per_capita_chf,384.4250912348103,CHF,chf_per_capita_year,
2014,okp_kostenbeteiligung,21 – 25,21,25,total_mio_chf,187.96361163228997,CHF,mio_chf,
2014,okp_kostenbeteiligung,21 – 25,21,25,per_capita_chf,381.84194739285635,CHF,chf_per_capita_year,
2014,okp_kostenbeteiligung,26 – 30,26,30,total_mio_chf,217.23269792878003,CHF,mio_chf,
2014,okp_kostenbeteiligung,26 – 30,26,30,per_capita_chf,396.0239599428098,CHF,chf_per_capita_year,
2014,okp_kostenbeteiligung,31 – 35,31,35,total_mio_chf,251.67943556613,CHF,mio_chf,
2014,okp_kostenbeteiligung,31 – 35,31,35,per_capita_chf,436.4546580395404,CHF,chf_per_capita_year,
2014,okp_kostenbeteiligung,36 – 40,36,40,total_mio_chf,268.12947433554,CHF,mio_chf,
2014,okp_kostenbeteiligung,36 – 40,36,40,per_capita_chf,475.9241499977485,CHF,chf_per_capita_year,
2014,okp_kostenbeteiligung,41 – 45,41,45,total_mio_chf,305.86859047134993,CHF,mio_chf,
2014,okp_kostenbeteiligung,41 – 45,41,45,per_capita_chf,503.8270665399056,CHF,chf_per_capita_year,
2014,okp_kostenbeteiligung,46 – 50,46,50,total_mio_chf,356.14810559689994,CHF,mio_chf,
2014,okp_kostenbeteiligung,46 – 50,46,50,per_capita_chf,533.6345440489976,CHF,chf_per_capita_year,
2014,okp_kostenbeteiligung,51 – 55,51,55,total_mio_chf,357.54028876190006,CHF,mio_chf,
2014,okp_kostenbeteiligung,51 – 55,51,55,per_capita_chf,578.2896810406813,CHF,chf_per_capita_year,
2014,okp_kostenbeteiligung,56 – 60,56,60,total_mio_chf,325.67833120077995,CHF,mio_chf,
2014,okp_kostenbeteiligung,56 – 60,56,60,per_capita_chf,623.6525684376029,CHF,chf_per_capita_year,
2014,okp_kostenbeteiligung,61 – 65,61,65,total_mio_chf,308.91953372769996,CHF,mio_chf,
2014,okp_kostenbeteiligung,61 – 65,61,65,per_capita_chf,682.2514502507483,CHF,chf_per_capita_year,
2014,okp_kostenbeteiligung,66 – 70,66,70,total_mio_chf,316.71230145446003,CHF,mio_chf,
2014,okp_kostenbeteiligung,66 – 70,66,70,per_capita_chf,752.1007456086575,CHF,chf_per_capita_year,
2014,okp_kostenbeteiligung,71 – 75,71,75,total_mio_chf,270.62670195140004,CHF,mio_chf,
2014,okp_kostenbeteiligung,71 – 75,71,75,per_capita_chf,808.1873121419419,CHF,chf_per_capita_year,
2014,okp_kostenbeteiligung,76 – 80,76,80,total_mio_chf,225.86266482487,CHF,mio_chf,
2014,okp_kostenbeteiligung,76 – 80,76,80,per_capita_chf,870.3464405958376,CHF,chf_per_capita_year,
2014,okp_kostenbeteiligung,81 – 85,81,85,total_mio_chf,185.33248494189,CHF,mio_chf,
2014,okp_kostenbeteiligung,81 – 85,81,85,per_capita_chf,936.0622211246506,CHF,chf_per_capita_year,
2014,okp_kostenbeteiligung,86 – 90,86,90,total_mio_chf,121.91674270431,CHF,mio_chf,
2014,okp_kostenbeteiligung,86 – 90,86,90,per_capita_chf,1014.6330329492405,CHF,chf_per_capita_year,
2014,okp_kostenbeteiligung,91 – 95,91,95,total_mio_chf,54.16194746091,CHF,mio_chf,
2014,okp_kostenbeteiligung,91 – 95,91,95,per_capita_chf,1103.6462513221477,CHF,chf_per_capita_year,
2014,okp_kostenbeteiligung,96 – 100,96,100,total_mio_chf,11.36241535073,CHF,mio_chf,
2014,okp_kostenbeteiligung,96 – 100,96,100,per_capita_chf,1197.5639971089615,CHF,chf_per_capita_year,
2014,okp_kostenbeteiligung,> 100,100,100,total_mio_chf,1.4710557456,CHF,mio_chf,
2014,okp_kostenbeteiligung,> 100,100,100,per_capita_chf,1273.5972309184099,CHF,chf_per_capita_year,
2014,okp_nettoleistungen,0 – 5,0,5,total_mio_chf,538.30021227906,CHF,mio_chf,
2014,okp_nettoleistungen,0 – 5,0,5,per_capita_chf,1164.4259726788525,CHF,chf_per_capita_year,
2014,okp_nettoleistungen,6 – 10,6,10,total_mio_chf,326.19910814174,CHF,mio_chf,
2014,okp_nettoleistungen,6 – 10,6,10,per_capita_chf,813.7166463301143,CHF,chf_per_capita_year,
2014,okp_nettoleistungen,11 – 15,11,15,total_mio_chf,393.86051763247997,CHF,mio_chf,
2014,okp_nettoleistungen,11 – 15,11,15,per_capita_chf,973.0544794478643,CHF,chf_per_capita_year,
2014,okp_nettoleistungen,16 – 18,16,18,total_mio_chf,326.28460828538,CHF,mio_chf,
2014,okp_nettoleistungen,16 – 18,16,18,per_capita_chf,1253.243523753062,CHF,chf_per_capita_year,
2014,okp_nettoleistungen,19 – 20,19,20,total_mio_chf,173.02547387133,CHF,mio_chf,
2014,okp_nettoleistungen,19 – 20,19,20,per_capita_chf,979.2211780318548,CHF,chf_per_capita_year,
2014,okp_nettoleistungen,21 – 25,21,25,total_mio_chf,585.6635290677101,CHF,mio_chf,
2014,okp_nettoleistungen,21 – 25,21,25,per_capita_chf,1189.756360362305,CHF,chf_per_capita_year,
2014,okp_nettoleistungen,26 – 30,26,30,total_mio_chf,794.80032785122,CHF,mio_chf,
2014,okp_nettoleistungen,26 – 30,26,30,per_capita_chf,1448.9530176653152,CHF,chf_per_capita_year,
2014,okp_nettoleistungen,31 – 35,31,35,total_mio_chf,1022.23950450387,CHF,mio_chf,
2014,okp_nettoleistungen,31 – 35,31,35,per_capita_chf,1772.7359900070771,CHF,chf_per_capita_year,
2014,okp_nettoleistungen,36 – 40,36,40,total_mio_chf,1013.0142563844602,CHF,mio_chf,
2014,okp_nettoleistungen,36 – 40,36,40,per_capita_chf,1798.0788949074956,CHF,chf_per_capita_year,
2014,okp_nettoleistungen,41 – 45,41,45,total_mio_chf,1155.3857248586498,CHF,mio_chf,
2014,okp_nettoleistungen,41 – 45,41,45,per_capita_chf,1903.1525910541031,CHF,chf_per_capita_year,
2014,okp_nettoleistungen,46 – 50,46,50,total_mio_chf,1495.9925878531,CHF,mio_chf,
2014,okp_nettoleistungen,46 – 50,46,50,per_capita_chf,2241.5206201411784,CHF,chf_per_capita_year,
2014,okp_nettoleistungen,51 – 55,51,55,total_mio_chf,1715.1289960681,CHF,mio_chf,
2014,okp_nettoleistungen,51 – 55,51,55,per_capita_chf,2774.068912665535,CHF,chf_per_capita_year,
2014,okp_nettoleistungen,56 – 60,56,60,total_mio_chf,1778.1082018792201,CHF,mio_chf,
2014,okp_nettoleistungen,56 – 60,56,60,per_capita_chf,3404.9601733506047,CHF,chf_per_capita_year,
2014,okp_nettoleistungen,61 – 65,61,65,total_mio_chf,1951.1723612523003,CHF,mio_chf,
2014,okp_nettoleistungen,61 – 65,61,65,per_capita_chf,4309.180960783624,CHF,chf_per_capita_year,
2014,okp_nettoleistungen,66 – 70,66,70,total_mio_chf,2308.77108562554,CHF,mio_chf,
2014,okp_nettoleistungen,66 – 70,66,70,per_capita_chf,5482.6681722318845,CHF,chf_per_capita_year,
2014,okp_nettoleistungen,71 – 75,71,75,total_mio_chf,2286.7472624785996,CHF,mio_chf,
2014,okp_nettoleistungen,71 – 75,71,75,per_capita_chf,6829.038340578876,CHF,chf_per_capita_year,
2014,okp_nettoleistungen,76 – 80,76,80,total_mio_chf,2198.6997160451297,CHF,mio_chf,
2014,okp_nettoleistungen,76 – 80,76,80,per_capita_chf,8472.540042342782,CHF,chf_per_capita_year,
2014,okp_nettoleistungen,81 – 85,81,85,total_mio_chf,2055.00067759811,CHF,mio_chf,
2014,okp_nettoleistungen,81 – 85,81,85,per_capita_chf,10379.230059362157,CHF,chf_per_capita_year,
2014,okp_nettoleistungen,86 – 90,86,90,total_mio_chf,1531.9665121556898,CHF,mio_chf,
2014,okp_nettoleistungen,86 – 90,86,90,per_capita_chf,12749.551818121585,CHF,chf_per_capita_year,
2014,okp_nettoleistungen,91 – 95,91,95,total_mio_chf,784.83717475909,CHF,mio_chf,
2014,okp_nettoleistungen,91 – 95,91,95,per_capita_chf,15992.456815668971,CHF,chf_per_capita_year,
2014,okp_nettoleistungen,96 – 100,96,100,total_mio_chf,188.46662700927,CHF,mio_chf,
2014,okp_nettoleistungen,96 – 100,96,100,per_capita_chf,19863.80889943128,CHF,chf_per_capita_year,
2014,okp_nettoleistungen,> 100,100,100,total_mio_chf,26.0948898044,CHF,mio_chf,
2014,okp_nettoleistungen,> 100,100,100,per_capita_chf,22592.19577192132,CHF,chf_per_capita_year,
2014,okp_bruttoleistungen,0 – 5,0,5,total_mio_chf,591.02545908,CHF,mio_chf,
2014,okp_bruttoleistungen,0 – 5,0,5,per_capita_chf,1278.4787733102771,CHF,chf_per_capita_year,
2014,okp_bruttoleistungen,6 – 10,6,10,total_mio_chf,358.81975016,CHF,mio_chf,
2014,okp_bruttoleistungen,6 – 10,6,10,per_capita_chf,895.090134980794,CHF,chf_per_capita_year,
2014,okp_bruttoleistungen,11 – 15,11,15,total_mio_chf,432.37159511,CHF,mio_chf,
2014,okp_bruttoleistungen,11 – 15,11,15,per_capita_chf,1068.1982543891033,CHF,chf_per_capita_year,
2014,okp_bruttoleistungen,16 – 18,16,18,total_mio_chf,357.11831136,CHF,mio_chf,
2014,okp_bruttoleistungen,16 – 18,16,18,per_capita_chf,1371.6742977164927,CHF,chf_per_capita_year,
2014,okp_bruttoleistungen,19 – 20,19,20,total_mio_chf,240.95224575,CHF,mio_chf,
2014,okp_bruttoleistungen,19 – 20,19,20,per_capita_chf,1363.646269266665,CHF,chf_per_capita_year,
2014,okp_bruttoleistungen,21 – 25,21,25,total_mio_chf,773.6271407,CHF,mio_chf,
2014,okp_bruttoleistungen,21 – 25,21,25,per_capita_chf,1571.5983077551614,CHF,chf_per_capita_year,
2014,okp_bruttoleistungen,26 – 30,26,30,total_mio_chf,1012.03302578,CHF,mio_chf,
2014,okp_bruttoleistungen,26 – 30,26,30,per_capita_chf,1844.9769776081248,CHF,chf_per_capita_year,
2014,okp_bruttoleistungen,31 – 35,31,35,total_mio_chf,1273.91894007,CHF,mio_chf,
2014,okp_bruttoleistungen,31 – 35,31,35,per_capita_chf,2209.1906480466173,CHF,chf_per_capita_year,
2014,okp_bruttoleistungen,36 – 40,36,40,total_mio_chf,1281.1437307200001,CHF,mio_chf,
2014,okp_bruttoleistungen,36 – 40,36,40,per_capita_chf,2274.0030449052438,CHF,chf_per_capita_year,
2014,okp_bruttoleistungen,41 – 45,41,45,total_mio_chf,1461.2543153299998,CHF,mio_chf,
2014,okp_bruttoleistungen,41 – 45,41,45,per_capita_chf,2406.979657594009,CHF,chf_per_capita_year,
2014,okp_bruttoleistungen,46 – 50,46,50,total_mio_chf,1852.14069345,CHF,mio_chf,
2014,okp_bruttoleistungen,46 – 50,46,50,per_capita_chf,2775.155164190176,CHF,chf_per_capita_year,
2014,okp_bruttoleistungen,51 – 55,51,55,total_mio_chf,2072.66928483,CHF,mio_chf,
2014,okp_bruttoleistungen,51 – 55,51,55,per_capita_chf,3352.358593706216,CHF,chf_per_capita_year,
2014,okp_bruttoleistungen,56 – 60,56,60,total_mio_chf,2103.78653308,CHF,mio_chf,
2014,okp_bruttoleistungen,56 – 60,56,60,per_capita_chf,4028.612741788207,CHF,chf_per_capita_year,
2014,okp_bruttoleistungen,61 – 65,61,65,total_mio_chf,2260.0918949800002,CHF,mio_chf,
2014,okp_bruttoleistungen,61 – 65,61,65,per_capita_chf,4991.432411034371,CHF,chf_per_capita_year,
2014,okp_bruttoleistungen,66 – 70,66,70,total_mio_chf,2625.48338708,CHF,mio_chf,
2014,okp_bruttoleistungen,66 – 70,66,70,per_capita_chf,6234.768917840543,CHF,chf_per_capita_year,
2014,okp_bruttoleistungen,71 – 75,71,75,total_mio_chf,2557.37396443,CHF,mio_chf,
2014,okp_bruttoleistungen,71 – 75,71,75,per_capita_chf,7637.225652720818,CHF,chf_per_capita_year,
2014,okp_bruttoleistungen,76 – 80,76,80,total_mio_chf,2424.5623808699997,CHF,mio_chf,
2014,okp_bruttoleistungen,76 – 80,76,80,per_capita_chf,9342.88648293862,CHF,chf_per_capita_year,
2014,okp_bruttoleistungen,81 – 85,81,85,total_mio_chf,2240.33316254,CHF,mio_chf,
2014,okp_bruttoleistungen,81 – 85,81,85,per_capita_chf,11315.292280486807,CHF,chf_per_capita_year,
2014,okp_bruttoleistungen,86 – 90,86,90,total_mio_chf,1653.8832548599999,CHF,mio_chf,
2014,okp_bruttoleistungen,86 – 90,86,90,per_capita_chf,13764.184851070826,CHF,chf_per_capita_year,
2014,okp_bruttoleistungen,91 – 95,91,95,total_mio_chf,838.99912222,CHF,mio_chf,
2014,okp_bruttoleistungen,91 – 95,91,95,per_capita_chf,17096.10306699112,CHF,chf_per_capita_year,
2014,okp_bruttoleistungen,96 – 100,96,100,total_mio_chf,199.82904236000002,CHF,mio_chf,
2014,okp_bruttoleistungen,96 – 100,96,100,per_capita_chf,21061.37289654024,CHF,chf_per_capita_year,
2014,okp_bruttoleistungen,> 100,100,100,total_mio_chf,27.565945550000002,CHF,mio_chf,
2014,okp_bruttoleistungen,> 100,100,100,per_capita_chf,23865.79300283973,CHF,chf_per_capita_year,
2015,okp_premium,0 – 5,0,5,total_mio_chf,460.26080921401007,CHF,mio_chf,
2015,okp_premium,0 – 5,0,5,per_capita_chf,980.7106309136675,CHF,chf_per_capita_year,
2015,okp_premium,6 – 10,6,10,total_mio_chf,399.93499861865996,CHF,mio_chf,
2015,okp_premium,6 – 10,6,10,per_capita_chf,980.3408147052008,CHF,chf_per_capita_year,
2015,okp_premium,11 – 15,11,15,total_mio_chf,400.59368262498,CHF,mio_chf,
2015,okp_premium,11 – 15,11,15,per_capita_chf,991.4579330267637,CHF,chf_per_capita_year,
2015,okp_premium,16 – 18,16,18,total_mio_chf,255.57939370226,CHF,mio_chf,
2015,okp_premium,16 – 18,16,18,per_capita_chf,987.5796348105808,CHF,chf_per_capita_year,
2015,okp_premium,19 – 20,19,20,total_mio_chf,620.40031248912,CHF,mio_chf,
2015,okp_premium,19 – 20,19,20,per_capita_chf,3482.0490797675466,CHF,chf_per_capita_year,
2015,okp_premium,21 – 25,21,25,total_mio_chf,1654.83285677462,CHF,mio_chf,
2015,okp_premium,21 – 25,21,25,per_capita_chf,3356.55114866772,CHF,chf_per_capita_year,
2015,okp_premium,26 – 30,26,30,total_mio_chf,1909.0831940820199,CHF,mio_chf,
2015,okp_premium,26 – 30,26,30,per_capita_chf,3423.7102630876993,CHF,chf_per_capita_year,
2015,okp_premium,31 – 35,31,35,total_mio_chf,1996.7550704131902,CHF,mio_chf,
2015,okp_premium,31 – 35,31,35,per_capita_chf,3390.3803002005607,CHF,chf_per_capita_year,
2015,okp_premium,36 – 40,36,40,total_mio_chf,1973.87062600579,CHF,mio_chf,
2015,okp_premium,36 – 40,36,40,per_capita_chf,3459.689127217649,CHF,chf_per_capita_year,
2015,okp_premium,41 – 45,41,45,total_mio_chf,2130.8447845483997,CHF,mio_chf,
2015,okp_premium,41 – 45,41,45,per_capita_chf,3556.160967945747,CHF,chf_per_capita_year,
2015,okp_premium,46 – 50,46,50,total_mio_chf,2418.90832631877,CHF,mio_chf,
2015,okp_premium,46 – 50,46,50,per_capita_chf,3659.2585863052614,CHF,chf_per_capita_year,
2015,okp_premium,51 – 55,51,55,total_mio_chf,2413.82158244025,CHF,mio_chf,
2015,okp_premium,51 – 55,51,55,per_capita_chf,3777.0254618395297,CHF,chf_per_capita_year,
2015,okp_premium,56 – 60,56,60,total_mio_chf,2113.45429734447,CHF,mio_chf,
2015,okp_premium,56 – 60,56,60,per_capita_chf,3925.8631063066887,CHF,chf_per_capita_year,
2015,okp_premium,61 – 65,61,65,total_mio_chf,1885.9905834980302,CHF,mio_chf,
2015,okp_premium,61 – 65,61,65,per_capita_chf,4125.980179082475,CHF,chf_per_capita_year,
2015,okp_premium,66 – 70,66,70,total_mio_chf,1842.01736683771,CHF,mio_chf,
2015,okp_premium,66 – 70,66,70,per_capita_chf,4346.34718925336,CHF,chf_per_capita_year,
2015,okp_premium,71 – 75,71,75,total_mio_chf,1569.79650740128,CHF,mio_chf,
2015,okp_premium,71 – 75,71,75,per_capita_chf,4485.901164098694,CHF,chf_per_capita_year,
2015,okp_premium,76 – 80,76,80,total_mio_chf,1217.3002830696498,CHF,mio_chf,
2015,okp_premium,76 – 80,76,80,per_capita_chf,4628.875970528676,CHF,chf_per_capita_year,
2015,okp_premium,81 – 85,81,85,total_mio_chf,956.2126594816499,CHF,mio_chf,
2015,okp_premium,81 – 85,81,85,per_capita_chf,4746.478118770471,CHF,chf_per_capita_year,
2015,okp_premium,86 – 90,86,90,total_mio_chf,593.08283946684,CHF,mio_chf,
2015,okp_premium,86 – 90,86,90,per_capita_chf,4848.176521666506,CHF,chf_per_capita_year,
2015,okp_premium,91 – 95,91,95,total_mio_chf,251.85371297103,CHF,mio_chf,
2015,okp_premium,91 – 95,91,95,per_capita_chf,4935.365303652785,CHF,chf_per_capita_year,
2015,okp_premium,96 – 100,96,100,total_mio_chf,47.73802991931,CHF,mio_chf,
2015,okp_premium,96 – 100,96,100,per_capita_chf,5019.180312655962,CHF,chf_per_capita_year,
2015,okp_premium,> 100,100,100,total_mio_chf,6.18244042786,CHF,mio_chf,
2015,okp_premium,> 100,100,100,per_capita_chf,5117.65757366524,CHF,chf_per_capita_year,
2015,praemienverbilligung,0 – 18,0,18,beneficiaries_count,580886.0308825935,Anzahl,count,403d_coarse_0_18
2015,praemienverbilligung,0 – 18,0,18,beneficiary_rate,0.3771724164271233,Anteil,rate,403d_coarse_0_18
2015,praemienverbilligung,0 – 18,0,18,total_mio_chf,404.3400135038068,CHF,mio_chf,403d_coarse_0_18
2015,praemienverbilligung,19 – 25,19,25,beneficiaries_count,278952.771662632,Anzahl,count,
2015,praemienverbilligung,19 – 25,19,25,beneficiary_rate,0.4156111845509997,Anteil,rate,
2015,praemienverbilligung,19 – 25,19,25,total_mio_chf,568.4441226282091,CHF,mio_chf,
2015,praemienverbilligung,26 – 30,26,30,beneficiaries_count,165010.51311406208,Anzahl,count,
2015,praemienverbilligung,26 – 30,26,30,beneficiary_rate,0.2959264368453237,Anteil,rate,
2015,praemienverbilligung,26 – 30,26,30,total_mio_chf,315.86824806846647,CHF,mio_chf,
2015,praemienverbilligung,31 – 35,31,35,beneficiaries_count,149240.54854143766,Anzahl,count,
2015,praemienverbilligung,31 – 35,31,35,beneficiary_rate,0.25340224410263423,Anteil,rate,
2015,praemienverbilligung,31 – 35,31,35,total_mio_chf,278.81349953973887,CHF,mio_chf,
2015,praemienverbilligung,36 – 40,36,40,beneficiaries_count,141962.84883448668,Anzahl,count,
2015,praemienverbilligung,36 – 40,36,40,beneficiary_rate,0.24882447618939113,Anteil,rate,
2015,praemienverbilligung,36 – 40,36,40,total_mio_chf,264.6635794950003,CHF,mio_chf,
2015,praemienverbilligung,41 – 45,41,45,beneficiaries_count,140560.1203172962,Anzahl,count,
2015,praemienverbilligung,41 – 45,41,45,beneficiary_rate,0.2345803960695632,Anteil,rate,
2015,praemienverbilligung,41 – 45,41,45,total_mio_chf,270.384570815608,CHF,mio_chf,
2015,praemienverbilligung,46 – 50,46,50,beneficiaries_count,135477.72351829312,Anzahl,count,
2015,praemienverbilligung,46 – 50,46,50,beneficiary_rate,0.20494700755851356,Anteil,rate,
2015,praemienverbilligung,46 – 50,46,50,total_mio_chf,274.70422345149757,CHF,mio_chf,
2015,praemienverbilligung,51 – 55,51,55,beneficiaries_count,114613.51083376414,Anzahl,count,
2015,praemienverbilligung,51 – 55,51,55,beneficiary_rate,0.17934140279428196,Anteil,rate,
2015,praemienverbilligung,51 – 55,51,55,total_mio_chf,257.41669875585904,CHF,mio_chf,
2015,praemienverbilligung,56 – 60,56,60,beneficiaries_count,88485.70778100705,Anzahl,count,
2015,praemienverbilligung,56 – 60,56,60,beneficiary_rate,0.16436729956705123,Anteil,rate,
2015,praemienverbilligung,56 – 60,56,60,total_mio_chf,223.3510170447229,CHF,mio_chf,
2015,praemienverbilligung,61 – 65,61,65,beneficiaries_count,78576.32334436373,Anzahl,count,
2015,praemienverbilligung,61 – 65,61,65,beneficiary_rate,0.17190136340060838,Anteil,rate,
2015,praemienverbilligung,61 – 65,61,65,total_mio_chf,213.73474099621413,CHF,mio_chf,
2015,praemienverbilligung,66 – 70,66,70,beneficiaries_count,71773.71442818384,Anzahl,count,
2015,praemienverbilligung,66 – 70,66,70,beneficiary_rate,0.16935425668801238,Anteil,rate,
2015,praemienverbilligung,66 – 70,66,70,total_mio_chf,211.52264556105297,CHF,mio_chf,
2015,praemienverbilligung,71 – 75,71,75,beneficiaries_count,64740.09646708132,Anzahl,count,
2015,praemienverbilligung,71 – 75,71,75,beneficiary_rate,0.18500338912481967,Anteil,rate,
2015,praemienverbilligung,71 – 75,71,75,total_mio_chf,191.5535669674122,CHF,mio_chf,
2015,praemienverbilligung,76 – 80,76,80,beneficiaries_count,60962.37017874069,Anzahl,count,
2015,praemienverbilligung,76 – 80,76,80,beneficiary_rate,0.2318140021419028,Anteil,rate,
2015,praemienverbilligung,76 – 80,76,80,total_mio_chf,181.0947636673508,CHF,mio_chf,
2015,praemienverbilligung,81 – 85,81,85,beneficiaries_count,55024.60412057306,Anzahl,count,
2015,praemienverbilligung,81 – 85,81,85,beneficiary_rate,0.27313284012981587,Anteil,rate,
2015,praemienverbilligung,81 – 85,81,85,total_mio_chf,168.3109136566803,CHF,mio_chf,
2015,praemienverbilligung,86 – 90,86,90,beneficiaries_count,40950.1581854849,Anzahl,count,
2015,praemienverbilligung,86 – 90,86,90,beneficiary_rate,0.3347485077327004,Anteil,rate,
2015,praemienverbilligung,86 – 90,86,90,total_mio_chf,130.98005760032353,CHF,mio_chf,
2015,okp_kostenbeteiligung,0 – 5,0,5,total_mio_chf,55.71290344133,CHF,mio_chf,
2015,okp_kostenbeteiligung,0 – 5,0,5,per_capita_chf,118.71146878067894,CHF,chf_per_capita_year,
2015,okp_kostenbeteiligung,6 – 10,6,10,total_mio_chf,33.861434158419996,CHF,mio_chf,
2015,okp_kostenbeteiligung,6 – 10,6,10,per_capita_chf,83.0028531251507,CHF,chf_per_capita_year,
2015,okp_kostenbeteiligung,11 – 15,11,15,total_mio_chf,39.3994973007,CHF,mio_chf,
2015,okp_kostenbeteiligung,11 – 15,11,15,per_capita_chf,97.51263150251616,CHF,chf_per_capita_year,
2015,okp_kostenbeteiligung,16 – 18,16,18,total_mio_chf,31.2765894877,CHF,mio_chf,
2015,okp_kostenbeteiligung,16 – 18,16,18,per_capita_chf,120.85529422754117,CHF,chf_per_capita_year,
2015,okp_kostenbeteiligung,19 – 20,19,20,total_mio_chf,70.61563172201,CHF,mio_chf,
2015,okp_kostenbeteiligung,19 – 20,19,20,per_capita_chf,396.33618891695994,CHF,chf_per_capita_year,
2015,okp_kostenbeteiligung,21 – 25,21,25,total_mio_chf,194.37607127657998,CHF,mio_chf,
2015,okp_kostenbeteiligung,21 – 25,21,25,per_capita_chf,394.25928887377734,CHF,chf_per_capita_year,
2015,okp_kostenbeteiligung,26 – 30,26,30,total_mio_chf,224.09815113823998,CHF,mio_chf,
2015,okp_kostenbeteiligung,26 – 30,26,30,per_capita_chf,401.8929831708567,CHF,chf_per_capita_year,
2015,okp_kostenbeteiligung,31 – 35,31,35,total_mio_chf,259.52228593433,CHF,mio_chf,
2015,okp_kostenbeteiligung,31 – 35,31,35,per_capita_chf,440.6545693722442,CHF,chf_per_capita_year,
2015,okp_kostenbeteiligung,36 – 40,36,40,total_mio_chf,276.45772771269,CHF,mio_chf,
2015,okp_kostenbeteiligung,36 – 40,36,40,per_capita_chf,484.5595157562699,CHF,chf_per_capita_year,
2015,okp_kostenbeteiligung,41 – 45,41,45,total_mio_chf,310.29440078176003,CHF,mio_chf,
2015,okp_kostenbeteiligung,41 – 45,41,45,per_capita_chf,517.849467325735,CHF,chf_per_capita_year,
2015,okp_kostenbeteiligung,46 – 50,46,50,total_mio_chf,364.2061146779,CHF,mio_chf,
2015,okp_kostenbeteiligung,46 – 50,46,50,per_capita_chf,550.9610834852095,CHF,chf_per_capita_year,
2015,okp_kostenbeteiligung,51 – 55,51,55,total_mio_chf,379.27419005861,CHF,mio_chf,
2015,okp_kostenbeteiligung,51 – 55,51,55,per_capita_chf,593.4689967523292,CHF,chf_per_capita_year,
2015,okp_kostenbeteiligung,56 – 60,56,60,total_mio_chf,343.7462889555601,CHF,mio_chf,
2015,okp_kostenbeteiligung,56 – 60,56,60,per_capita_chf,638.5285338017972,CHF,chf_per_capita_year,
2015,okp_kostenbeteiligung,61 – 65,61,65,total_mio_chf,318.82009550831,CHF,mio_chf,
2015,okp_kostenbeteiligung,61 – 65,61,65,per_capita_chf,697.4824828237762,CHF,chf_per_capita_year,
2015,okp_kostenbeteiligung,66 – 70,66,70,total_mio_chf,324.39436734523997,CHF,mio_chf,
2015,okp_kostenbeteiligung,66 – 70,66,70,per_capita_chf,765.4273906988777,CHF,chf_per_capita_year,
2015,okp_kostenbeteiligung,71 – 75,71,75,total_mio_chf,289.2973009362199,CHF,mio_chf,
2015,okp_kostenbeteiligung,71 – 75,71,75,per_capita_chf,826.705304108986,CHF,chf_per_capita_year,
2015,okp_kostenbeteiligung,76 – 80,76,80,total_mio_chf,232.54972003810997,CHF,mio_chf,
2015,okp_kostenbeteiligung,76 – 80,76,80,per_capita_chf,884.2878178941386,CHF,chf_per_capita_year,
2015,okp_kostenbeteiligung,81 – 85,81,85,total_mio_chf,191.67079078986,CHF,mio_chf,
2015,okp_kostenbeteiligung,81 – 85,81,85,per_capita_chf,951.4214285603296,CHF,chf_per_capita_year,
2015,okp_kostenbeteiligung,86 – 90,86,90,total_mio_chf,125.92573802546,CHF,mio_chf,
2015,okp_kostenbeteiligung,86 – 90,86,90,per_capita_chf,1029.3843725395745,CHF,chf_per_capita_year,
2015,okp_kostenbeteiligung,91 – 95,91,95,total_mio_chf,57.78611982128,CHF,mio_chf,
2015,okp_kostenbeteiligung,91 – 95,91,95,per_capita_chf,1132.385968959183,CHF,chf_per_capita_year,
2015,okp_kostenbeteiligung,96 – 100,96,100,total_mio_chf,11.6044655576,CHF,mio_chf,
2015,okp_kostenbeteiligung,96 – 100,96,100,per_capita_chf,1220.0944438647662,CHF,chf_per_capita_year,
2015,okp_kostenbeteiligung,> 100,100,100,total_mio_chf,1.53353378855,CHF,mio_chf,
2015,okp_kostenbeteiligung,> 100,100,100,per_capita_chf,1269.4179424808485,CHF,chf_per_capita_year,
2015,okp_nettoleistungen,0 – 5,0,5,total_mio_chf,566.6367452332299,CHF,mio_chf,
2015,okp_nettoleistungen,0 – 5,0,5,per_capita_chf,1207.3734473841719,CHF,chf_per_capita_year,
2015,okp_nettoleistungen,6 – 10,6,10,total_mio_chf,343.08846399773995,CHF,mio_chf,
2015,okp_nettoleistungen,6 – 10,6,10,per_capita_chf,840.9957254883955,CHF,chf_per_capita_year,
2015,okp_nettoleistungen,11 – 15,11,15,total_mio_chf,414.49881922057,CHF,mio_chf,
2015,okp_nettoleistungen,11 – 15,11,15,per_capita_chf,1025.8727492994028,CHF,chf_per_capita_year,
2015,okp_nettoleistungen,16 – 18,16,18,total_mio_chf,342.32377488117004,CHF,mio_chf,
2015,okp_nettoleistungen,16 – 18,16,18,per_capita_chf,1322.7670027966574,CHF,chf_per_capita_year,
2015,okp_nettoleistungen,19 – 20,19,20,total_mio_chf,181.63027792774997,CHF,mio_chf,
2015,okp_nettoleistungen,19 – 20,19,20,per_capita_chf,1019.4152539652963,CHF,chf_per_capita_year,
2015,okp_nettoleistungen,21 – 25,21,25,total_mio_chf,610.1980866311401,CHF,mio_chf,
2015,okp_nettoleistungen,21 – 25,21,25,per_capita_chf,1237.6845674847195,CHF,chf_per_capita_year,
2015,okp_nettoleistungen,26 – 30,26,30,total_mio_chf,839.0712128310302,CHF,mio_chf,
2015,okp_nettoleistungen,26 – 30,26,30,per_capita_chf,1504.7729358973236,CHF,chf_per_capita_year,
2015,okp_nettoleistungen,31 – 35,31,35,total_mio_chf,1082.99070436979,CHF,mio_chf,
2015,okp_nettoleistungen,31 – 35,31,35,per_capita_chf,1838.8586581306974,CHF,chf_per_capita_year,
2015,okp_nettoleistungen,36 – 40,36,40,total_mio_chf,1060.72619362087,CHF,mio_chf,
2015,okp_nettoleistungen,36 – 40,36,40,per_capita_chf,1859.1810581076666,CHF,chf_per_capita_year,
2015,okp_nettoleistungen,41 – 45,41,45,total_mio_chf,1181.81266103364,CHF,mio_chf,
2015,okp_nettoleistungen,41 – 45,41,45,per_capita_chf,1972.3238816207959,CHF,chf_per_capita_year,
2015,okp_nettoleistungen,46 – 50,46,50,total_mio_chf,1552.3996403196502,CHF,mio_chf,
2015,okp_nettoleistungen,46 – 50,46,50,per_capita_chf,2348.4278636809618,CHF,chf_per_capita_year,
2015,okp_nettoleistungen,51 – 55,51,55,total_mio_chf,1851.6765730679,CHF,mio_chf,
2015,okp_nettoleistungen,51 – 55,51,55,per_capita_chf,2897.409491425137,CHF,chf_per_capita_year,
2015,okp_nettoleistungen,56 – 60,56,60,total_mio_chf,1910.58511652568,CHF,mio_chf,
2015,okp_nettoleistungen,56 – 60,56,60,per_capita_chf,3549.0219163250267,CHF,chf_per_capita_year,
2015,okp_nettoleistungen,61 – 65,61,65,total_mio_chf,2022.0270732709898,CHF,mio_chf,
2015,okp_nettoleistungen,61 – 65,61,65,per_capita_chf,4423.587105302727,CHF,chf_per_capita_year,
2015,okp_nettoleistungen,66 – 70,66,70,total_mio_chf,2398.2458689126593,CHF,mio_chf,
2015,okp_nettoleistungen,66 – 70,66,70,per_capita_chf,5658.800714448088,CHF,chf_per_capita_year,
2015,okp_nettoleistungen,71 – 75,71,75,total_mio_chf,2484.49253377035,CHF,mio_chf,
2015,okp_nettoleistungen,71 – 75,71,75,per_capita_chf,7099.76605049608,CHF,chf_per_capita_year,
2015,okp_nettoleistungen,76 – 80,76,80,total_mio_chf,2309.95012137199,CHF,mio_chf,
2015,okp_nettoleistungen,76 – 80,76,80,per_capita_chf,8783.759240551179,CHF,chf_per_capita_year,
2015,okp_nettoleistungen,81 – 85,81,85,total_mio_chf,2164.9055025767602,CHF,mio_chf,
2015,okp_nettoleistungen,81 – 85,81,85,per_capita_chf,10746.225220189712,CHF,chf_per_capita_year,
2015,okp_nettoleistungen,86 – 90,86,90,total_mio_chf,1609.7419115503399,CHF,mio_chf,
2015,okp_nettoleistungen,86 – 90,86,90,per_capita_chf,13158.891848121442,CHF,chf_per_capita_year,
2015,okp_nettoleistungen,91 – 95,91,95,total_mio_chf,841.0504378176902,CHF,mio_chf,
2015,okp_nettoleistungen,91 – 95,91,95,per_capita_chf,16481.357770988576,CHF,chf_per_capita_year,
2015,okp_nettoleistungen,96 – 100,96,100,total_mio_chf,190.07994343975997,CHF,mio_chf,
2015,okp_nettoleistungen,96 – 100,96,100,per_capita_chf,19985.020570731413,CHF,chf_per_capita_year,
2015,okp_nettoleistungen,> 100,100,100,total_mio_chf,27.812613714820003,CHF,mio_chf,
2015,okp_nettoleistungen,> 100,100,100,per_capita_chf,23022.532102317815,CHF,chf_per_capita_year,
2015,okp_bruttoleistungen,0 – 5,0,5,total_mio_chf,622.34964867456,CHF,mio_chf,
2015,okp_bruttoleistungen,0 – 5,0,5,per_capita_chf,1326.084916164851,CHF,chf_per_capita_year,
2015,okp_bruttoleistungen,6 – 10,6,10,total_mio_chf,376.94989815616,CHF,mio_chf,
2015,okp_bruttoleistungen,6 – 10,6,10,per_capita_chf,923.9985786135462,CHF,chf_per_capita_year,
2015,okp_bruttoleistungen,11 – 15,11,15,total_mio_chf,453.89831652127,CHF,mio_chf,
2015,okp_bruttoleistungen,11 – 15,11,15,per_capita_chf,1123.3853808019187,CHF,chf_per_capita_year,
2015,okp_bruttoleistungen,16 – 18,16,18,total_mio_chf,373.60036436887003,CHF,mio_chf,
2015,okp_bruttoleistungen,16 – 18,16,18,per_capita_chf,1443.6222970241986,CHF,chf_per_capita_year,
2015,okp_bruttoleistungen,19 – 20,19,20,total_mio_chf,252.24590964975997,CHF,mio_chf,
2015,okp_bruttoleistungen,19 – 20,19,20,per_capita_chf,1415.7514428822565,CHF,chf_per_capita_year,
2015,okp_bruttoleistungen,21 – 25,21,25,total_mio_chf,804.5741579077201,CHF,mio_chf,
2015,okp_bruttoleistungen,21 – 25,21,25,per_capita_chf,1631.9438563584968,CHF,chf_per_capita_year,
2015,okp_bruttoleistungen,26 – 30,26,30,total_mio_chf,1063.16936396927,CHF,mio_chf,
2015,okp_bruttoleistungen,26 – 30,26,30,per_capita_chf,1906.6659190681803,CHF,chf_per_capita_year,
2015,okp_bruttoleistungen,31 – 35,31,35,total_mio_chf,1342.51299030412,CHF,mio_chf,
2015,okp_bruttoleistungen,31 – 35,31,35,per_capita_chf,2279.513227502942,CHF,chf_per_capita_year,
2015,okp_bruttoleistungen,36 – 40,36,40,total_mio_chf,1337.18392133356,CHF,mio_chf,
2015,okp_bruttoleistungen,36 – 40,36,40,per_capita_chf,2343.7405738639363,CHF,chf_per_capita_year,
2015,okp_bruttoleistungen,41 – 45,41,45,total_mio_chf,1492.1070618154001,CHF,mio_chf,
2015,okp_bruttoleistungen,41 – 45,41,45,per_capita_chf,2490.173348946531,CHF,chf_per_capita_year,
2015,okp_bruttoleistungen,46 – 50,46,50,total_mio_chf,1916.60575499755,CHF,mio_chf,
2015,okp_bruttoleistungen,46 – 50,46,50,per_capita_chf,2899.388947166171,CHF,chf_per_capita_year,
2015,okp_bruttoleistungen,51 – 55,51,55,total_mio_chf,2230.95076312651,CHF,mio_chf,
2015,okp_bruttoleistungen,51 – 55,51,55,per_capita_chf,3490.878488177466,CHF,chf_per_capita_year,
2015,okp_bruttoleistungen,56 – 60,56,60,total_mio_chf,2254.33140548124,CHF,mio_chf,
2015,okp_bruttoleistungen,56 – 60,56,60,per_capita_chf,4187.550450126823,CHF,chf_per_capita_year,
2015,okp_bruttoleistungen,61 – 65,61,65,total_mio_chf,2340.8471687793,CHF,mio_chf,
2015,okp_bruttoleistungen,61 – 65,61,65,per_capita_chf,5121.069588126503,CHF,chf_per_capita_year,
2015,okp_bruttoleistungen,66 – 70,66,70,total_mio_chf,2722.6402362578992,CHF,mio_chf,
2015,okp_bruttoleistungen,66 – 70,66,70,per_capita_chf,6424.228105146965,CHF,chf_per_capita_year,
2015,okp_bruttoleistungen,71 – 75,71,75,total_mio_chf,2773.7898347065698,CHF,mio_chf,
2015,okp_bruttoleistungen,71 – 75,71,75,per_capita_chf,7926.471354605066,CHF,chf_per_capita_year,
2015,okp_bruttoleistungen,76 – 80,76,80,total_mio_chf,2542.4998414101,CHF,mio_chf,
2015,okp_bruttoleistungen,76 – 80,76,80,per_capita_chf,9668.047058445316,CHF,chf_per_capita_year,
2015,okp_bruttoleistungen,81 – 85,81,85,total_mio_chf,2356.57629336662,CHF,mio_chf,
2015,okp_bruttoleistungen,81 – 85,81,85,per_capita_chf,11697.64664875004,CHF,chf_per_capita_year,
2015,okp_bruttoleistungen,86 – 90,86,90,total_mio_chf,1735.6676495758,CHF,mio_chf,
2015,okp_bruttoleistungen,86 – 90,86,90,per_capita_chf,14188.276220661017,CHF,chf_per_capita_year,
2015,okp_bruttoleistungen,91 – 95,91,95,total_mio_chf,898.8365576389701,CHF,mio_chf,
2015,okp_bruttoleistungen,91 – 95,91,95,per_capita_chf,17613.74373994776,CHF,chf_per_capita_year,
2015,okp_bruttoleistungen,96 – 100,96,100,total_mio_chf,201.68440899735998,CHF,mio_chf,
2015,okp_bruttoleistungen,96 – 100,96,100,per_capita_chf,21205.11501459618,CHF,chf_per_capita_year,
2015,okp_bruttoleistungen,> 100,100,100,total_mio_chf,29.346147503370002,CHF,mio_chf,
2015,okp_bruttoleistungen,> 100,100,100,per_capita_chf,24291.950044798665,CHF,chf_per_capita_year,
2016,praemienverbilligung,0 – 18,0,18,beneficiaries_count,587371.0,Anzahl,count,403d_coarse_0_18
2016,praemienverbilligung,0 – 18,0,18,beneficiary_rate,0.378,Anteil,rate,403d_coarse_0_18
2016,praemienverbilligung,0 – 18,0,18,total_mio_chf,424.539,CHF,mio_chf,403d_coarse_0_18
2016,praemienverbilligung,19 – 25,19,25,beneficiaries_count,281308.0,Anzahl,count,
2016,praemienverbilligung,19 – 25,19,25,beneficiary_rate,0.42,Anteil,rate,
2016,praemienverbilligung,19 – 25,19,25,total_mio_chf,588.112,CHF,mio_chf,
2016,praemienverbilligung,26 – 30,26,30,beneficiaries_count,172172.0,Anzahl,count,
2016,praemienverbilligung,26 – 30,26,30,beneficiary_rate,0.304,Anteil,rate,
2016,praemienverbilligung,26 – 30,26,30,total_mio_chf,335.371,CHF,mio_chf,
2016,praemienverbilligung,31 – 35,31,35,beneficiaries_count,152065.0,Anzahl,count,
2016,praemienverbilligung,31 – 35,31,35,beneficiary_rate,0.256,Anteil,rate,
2016,praemienverbilligung,31 – 35,31,35,total_mio_chf,290.154,CHF,mio_chf,
2016,praemienverbilligung,36 – 40,36,40,beneficiaries_count,152362.0,Anzahl,count,
2016,praemienverbilligung,36 – 40,36,40,beneficiary_rate,0.262,Anteil,rate,
2016,praemienverbilligung,36 – 40,36,40,total_mio_chf,287.643,CHF,mio_chf,
2016,praemienverbilligung,41 – 45,41,45,beneficiaries_count,140012.0,Anzahl,count,
2016,praemienverbilligung,41 – 45,41,45,beneficiary_rate,0.237,Anteil,rate,
2016,praemienverbilligung,41 – 45,41,45,total_mio_chf,274.214,CHF,mio_chf,
2016,praemienverbilligung,46 – 50,46,50,beneficiaries_count,136044.0,Anzahl,count,
2016,praemienverbilligung,46 – 50,46,50,beneficiary_rate,0.208,Anteil,rate,
2016,praemienverbilligung,46 – 50,46,50,total_mio_chf,280.877,CHF,mio_chf,
2016,praemienverbilligung,51 – 55,51,55,beneficiaries_count,119292.0,Anzahl,count,
2016,praemienverbilligung,51 – 55,51,55,beneficiary_rate,0.182,Anteil,rate,
2016,praemienverbilligung,51 – 55,51,55,total_mio_chf,272.619,CHF,mio_chf,
2016,praemienverbilligung,56 – 60,56,60,beneficiaries_count,93449.0,Anzahl,count,
2016,praemienverbilligung,56 – 60,56,60,beneficiary_rate,0.168,Anteil,rate,
2016,praemienverbilligung,56 – 60,56,60,total_mio_chf,240.929,CHF,mio_chf,
2016,praemienverbilligung,61 – 65,61,65,beneficiaries_count,81699.0,Anzahl,count,
2016,praemienverbilligung,61 – 65,61,65,beneficiary_rate,0.177,Anteil,rate,
2016,praemienverbilligung,61 – 65,61,65,total_mio_chf,229.837,CHF,mio_chf,
2016,praemienverbilligung,66 – 70,66,70,beneficiaries_count,76043.0,Anzahl,count,
2016,praemienverbilligung,66 – 70,66,70,beneficiary_rate,0.178,Anteil,rate,
2016,praemienverbilligung,66 – 70,66,70,total_mio_chf,231.099,CHF,mio_chf,
2016,praemienverbilligung,71 – 75,71,75,beneficiaries_count,67336.0,Anzahl,count,
2016,praemienverbilligung,71 – 75,71,75,beneficiary_rate,0.185,Anteil,rate,
2016,praemienverbilligung,71 – 75,71,75,total_mio_chf,204.764,CHF,mio_chf,
2016,praemienverbilligung,76 – 80,76,80,beneficiaries_count,62160.0,Anzahl,count,
2016,praemienverbilligung,76 – 80,76,80,beneficiary_rate,0.233,Anteil,rate,
2016,praemienverbilligung,76 – 80,76,80,total_mio_chf,188.621,CHF,mio_chf,
2016,praemienverbilligung,81 – 85,81,85,beneficiaries_count,56469.0,Anzahl,count,
2016,praemienverbilligung,81 – 85,81,85,beneficiary_rate,0.276,Anteil,rate,
2016,praemienverbilligung,81 – 85,81,85,total_mio_chf,176.727,CHF,mio_chf,
2016,praemienverbilligung,86 – 90,86,90,beneficiaries_count,42026.0,Anzahl,count,
2016,praemienverbilligung,86 – 90,86,90,beneficiary_rate,0.334,Anteil,rate,
2016,praemienverbilligung,86 – 90,86,90,total_mio_chf,138.955,CHF,mio_chf,
2016,okp_kostenbeteiligung,0 – 5,0,5,total_mio_chf,58.225933180999995,CHF,mio_chf,
2016,okp_kostenbeteiligung,0 – 5,0,5,per_capita_chf,122.94664015016693,CHF,chf_per_capita_year,
2016,okp_kostenbeteiligung,6 – 10,6,10,total_mio_chf,35.59008733371,CHF,mio_chf,
2016,okp_kostenbeteiligung,6 – 10,6,10,per_capita_chf,85.42435817780917,CHF,chf_per_capita_year,
2016,okp_kostenbeteiligung,11 – 15,11,15,total_mio_chf,39.87822272013,CHF,mio_chf,
2016,okp_kostenbeteiligung,11 – 15,11,15,per_capita_chf,98.92557078742281,CHF,chf_per_capita_year,
2016,okp_kostenbeteiligung,16 – 18,16,18,total_mio_chf,33.769794366389995,CHF,mio_chf,
2016,okp_kostenbeteiligung,16 – 18,16,18,per_capita_chf,129.6655201798868,CHF,chf_per_capita_year,
2016,okp_kostenbeteiligung,19 – 20,19,20,total_mio_chf,74.8127056067,CHF,mio_chf,
2016,okp_kostenbeteiligung,19 – 20,19,20,per_capita_chf,417.84999112203366,CHF,chf_per_capita_year,
2016,okp_kostenbeteiligung,21 – 25,21,25,total_mio_chf,202.273420152,CHF,mio_chf,
2016,okp_kostenbeteiligung,21 – 25,21,25,per_capita_chf,412.6617318113092,CHF,chf_per_capita_year,
2016,okp_kostenbeteiligung,26 – 30,26,30,total_mio_chf,236.5830886181,CHF,mio_chf,
2016,okp_kostenbeteiligung,26 – 30,26,30,per_capita_chf,417.50300357305315,CHF,chf_per_capita_year,
2016,okp_kostenbeteiligung,31 – 35,31,35,total_mio_chf,273.88334105991,CHF,mio_chf,
2016,okp_kostenbeteiligung,31 – 35,31,35,per_capita_chf,460.32921452419697,CHF,chf_per_capita_year,
2016,okp_kostenbeteiligung,36 – 40,36,40,total_mio_chf,291.07533819684,CHF,mio_chf,
2016,okp_kostenbeteiligung,36 – 40,36,40,per_capita_chf,499.6752770008611,CHF,chf_per_capita_year,
2016,okp_kostenbeteiligung,41 – 45,41,45,total_mio_chf,317.62629085282,CHF,mio_chf,
2016,okp_kostenbeteiligung,41 – 45,41,45,per_capita_chf,537.5408221149377,CHF,chf_per_capita_year,
2016,okp_kostenbeteiligung,46 – 50,46,50,total_mio_chf,372.32959523053995,CHF,mio_chf,
2016,okp_kostenbeteiligung,46 – 50,46,50,per_capita_chf,570.4432251174422,CHF,chf_per_capita_year,
2016,okp_kostenbeteiligung,51 – 55,51,55,total_mio_chf,401.48937911577997,CHF,mio_chf,
2016,okp_kostenbeteiligung,51 – 55,51,55,per_capita_chf,614.0667227914445,CHF,chf_per_capita_year,
2016,okp_kostenbeteiligung,56 – 60,56,60,total_mio_chf,363.71719676558996,CHF,mio_chf,
2016,okp_kostenbeteiligung,56 – 60,56,60,per_capita_chf,655.59534757849,CHF,chf_per_capita_year,
2016,okp_kostenbeteiligung,61 – 65,61,65,total_mio_chf,330.18171121362997,CHF,mio_chf,
2016,okp_kostenbeteiligung,61 – 65,61,65,per_capita_chf,713.7918583996301,CHF,chf_per_capita_year,
2016,okp_kostenbeteiligung,66 – 70,66,70,total_mio_chf,331.78603451145005,CHF,mio_chf,
2016,okp_kostenbeteiligung,66 – 70,66,70,per_capita_chf,777.4771705298282,CHF,chf_per_capita_year,
2016,okp_kostenbeteiligung,71 – 75,71,75,total_mio_chf,304.51737376016996,CHF,mio_chf,
2016,okp_kostenbeteiligung,71 – 75,71,75,per_capita_chf,835.8677205621833,CHF,chf_per_capita_year,
2016,okp_kostenbeteiligung,76 – 80,76,80,total_mio_chf,237.75722151786,CHF,mio_chf,
2016,okp_kostenbeteiligung,76 – 80,76,80,per_capita_chf,891.589356936481,CHF,chf_per_capita_year,
2016,okp_kostenbeteiligung,81 – 85,81,85,total_mio_chf,194.65202664115,CHF,mio_chf,
2016,okp_kostenbeteiligung,81 – 85,81,85,per_capita_chf,952.2478025326843,CHF,chf_per_capita_year,
2016,okp_kostenbeteiligung,86 – 90,86,90,total_mio_chf,127.58038899684,CHF,mio_chf,
2016,okp_kostenbeteiligung,86 – 90,86,90,per_capita_chf,1014.0592094102735,CHF,chf_per_capita_year,
2016,okp_kostenbeteiligung,91 – 95,91,95,total_mio_chf,57.330058696319995,CHF,mio_chf,
2016,okp_kostenbeteiligung,91 – 95,91,95,per_capita_chf,1089.933048333503,CHF,chf_per_capita_year,
2016,okp_kostenbeteiligung,96 – 100,96,100,total_mio_chf,11.85615478347,CHF,mio_chf,
2016,okp_kostenbeteiligung,96 – 100,96,100,per_capita_chf,1130.7851903201176,CHF,chf_per_capita_year,
2016,okp_kostenbeteiligung,> 100,100,100,total_mio_chf,1.4826135192,CHF,mio_chf,
2016,okp_kostenbeteiligung,> 100,100,100,per_capita_chf,1219.269659363868,CHF,chf_per_capita_year,
2016,okp_nettoleistungen,0 – 5,0,5,total_mio_chf,592.8475531926,CHF,mio_chf,
2016,okp_nettoleistungen,0 – 5,0,5,per_capita_chf,1251.8239005237997,CHF,chf_per_capita_year,
2016,okp_nettoleistungen,6 – 10,6,10,total_mio_chf,365.23435071115,CHF,mio_chf,
2016,okp_nettoleistungen,6 – 10,6,10,per_capita_chf,876.6460644348324,CHF,chf_per_capita_year,
2016,okp_nettoleistungen,11 – 15,11,15,total_mio_chf,429.93807859141,CHF,mio_chf,
2016,okp_nettoleistungen,11 – 15,11,15,per_capita_chf,1066.5437656636977,CHF,chf_per_capita_year,
2016,okp_nettoleistungen,16 – 18,16,18,total_mio_chf,355.96485600703,CHF,mio_chf,
2016,okp_nettoleistungen,16 – 18,16,18,per_capita_chf,1366.794470796305,CHF,chf_per_capita_year,
2016,okp_nettoleistungen,19 – 20,19,20,total_mio_chf,194.11290885033,CHF,mio_chf,
2016,okp_nettoleistungen,19 – 20,19,20,per_capita_chf,1084.1751622537033,CHF,chf_per_capita_year,
2016,okp_nettoleistungen,21 – 25,21,25,total_mio_chf,633.2500073261399,CHF,mio_chf,
2016,okp_nettoleistungen,21 – 25,21,25,per_capita_chf,1291.9050090533872,CHF,chf_per_capita_year,
2016,okp_nettoleistungen,26 – 30,26,30,total_mio_chf,876.8678683717999,CHF,mio_chf,
2016,okp_nettoleistungen,26 – 30,26,30,per_capita_chf,1547.426618361929,CHF,chf_per_capita_year,
2016,okp_nettoleistungen,31 – 35,31,35,total_mio_chf,1133.6492118228,CHF,mio_chf,
2016,okp_nettoleistungen,31 – 35,31,35,per_capita_chf,1905.3800395629507,CHF,chf_per_capita_year,
2016,okp_nettoleistungen,36 – 40,36,40,total_mio_chf,1118.72911003639,CHF,mio_chf,
2016,okp_nettoleistungen,36 – 40,36,40,per_capita_chf,1920.469392595311,CHF,chf_per_capita_year,
2016,okp_nettoleistungen,41 – 45,41,45,total_mio_chf,1210.7448014499203,CHF,mio_chf,
2016,okp_nettoleistungen,41 – 45,41,45,per_capita_chf,2049.026716885829,CHF,chf_per_capita_year,
2016,okp_nettoleistungen,46 – 50,46,50,total_mio_chf,1588.21535081987,CHF,mio_chf,
2016,okp_nettoleistungen,46 – 50,46,50,per_capita_chf,2433.292165082245,CHF,chf_per_capita_year,
2016,okp_nettoleistungen,51 – 55,51,55,total_mio_chf,1963.3763003051702,CHF,mio_chf,
2016,okp_nettoleistungen,51 – 55,51,55,per_capita_chf,3002.9288769482187,CHF,chf_per_capita_year,
2016,okp_nettoleistungen,56 – 60,56,60,total_mio_chf,2028.6664535941704,CHF,mio_chf,
2016,okp_nettoleistungen,56 – 60,56,60,per_capita_chf,3656.643954676817,CHF,chf_per_capita_year,
2016,okp_nettoleistungen,61 – 65,61,65,total_mio_chf,2122.04352995297,CHF,mio_chf,
2016,okp_nettoleistungen,61 – 65,61,65,per_capita_chf,4587.466063103723,CHF,chf_per_capita_year,
2016,okp_nettoleistungen,66 – 70,66,70,total_mio_chf,2485.91679129598,CHF,mio_chf,
2016,okp_nettoleistungen,66 – 70,66,70,per_capita_chf,5825.270963906976,CHF,chf_per_capita_year,
2016,okp_nettoleistungen,71 – 75,71,75,total_mio_chf,2661.71453899248,CHF,mio_chf,
2016,okp_nettoleistungen,71 – 75,71,75,per_capita_chf,7306.122593343703,CHF,chf_per_capita_year,
2016,okp_nettoleistungen,76 – 80,76,80,total_mio_chf,2400.00708750994,CHF,mio_chf,
2016,okp_nettoleistungen,76 – 80,76,80,per_capita_chf,9000.024319493672,CHF,chf_per_capita_year,
2016,okp_nettoleistungen,81 – 85,81,85,total_mio_chf,2249.30506828752,CHF,mio_chf,
2016,okp_nettoleistungen,81 – 85,81,85,per_capita_chf,11003.716968491184,CHF,chf_per_capita_year,
2016,okp_nettoleistungen,86 – 90,86,90,total_mio_chf,1678.0553969148598,CHF,mio_chf,
2016,okp_nettoleistungen,86 – 90,86,90,per_capita_chf,13337.845593057982,CHF,chf_per_capita_year,
2016,okp_nettoleistungen,91 – 95,91,95,total_mio_chf,863.94890682264,CHF,mio_chf,
2016,okp_nettoleistungen,91 – 95,91,95,per_capita_chf,16425.004387411198,CHF,chf_per_capita_year,
2016,okp_nettoleistungen,96 – 100,96,100,total_mio_chf,204.45161086701,CHF,mio_chf,
2016,okp_nettoleistungen,96 – 100,96,100,per_capita_chf,19499.6487417519,CHF,chf_per_capita_year,
2016,okp_nettoleistungen,> 100,100,100,total_mio_chf,28.366548712699995,CHF,mio_chf,
2016,okp_nettoleistungen,> 100,100,100,per_capita_chf,23328.04317400581,CHF,chf_per_capita_year,
2016,okp_bruttoleistungen,0 – 5,0,5,total_mio_chf,651.0734863736,CHF,mio_chf,
2016,okp_bruttoleistungen,0 – 5,0,5,per_capita_chf,1374.7705406739665,CHF,chf_per_capita_year,
2016,okp_bruttoleistungen,6 – 10,6,10,total_mio_chf,400.82443804486,CHF,mio_chf,
2016,okp_bruttoleistungen,6 – 10,6,10,per_capita_chf,962.0704226126417,CHF,chf_per_capita_year,
2016,okp_bruttoleistungen,11 – 15,11,15,total_mio_chf,469.81630131154,CHF,mio_chf,
2016,okp_bruttoleistungen,11 – 15,11,15,per_capita_chf,1165.4693364511206,CHF,chf_per_capita_year,
2016,okp_bruttoleistungen,16 – 18,16,18,total_mio_chf,389.73465037342,CHF,mio_chf,
2016,okp_bruttoleistungen,16 – 18,16,18,per_capita_chf,1496.4599909761916,CHF,chf_per_capita_year,
2016,okp_bruttoleistungen,19 – 20,19,20,total_mio_chf,268.92561445703,CHF,mio_chf,
2016,okp_bruttoleistungen,19 – 20,19,20,per_capita_chf,1502.025153375737,CHF,chf_per_capita_year,
2016,okp_bruttoleistungen,21 – 25,21,25,total_mio_chf,835.5234274781399,CHF,mio_chf,
2016,okp_bruttoleistungen,21 – 25,21,25,per_capita_chf,1704.5667408646962,CHF,chf_per_capita_year,
2016,okp_bruttoleistungen,26 – 30,26,30,total_mio_chf,1113.4509569898999,CHF,mio_chf,
2016,okp_bruttoleistungen,26 – 30,26,30,per_capita_chf,1964.9296219349822,CHF,chf_per_capita_year,
2016,okp_bruttoleistungen,31 – 35,31,35,total_mio_chf,1407.53255288271,CHF,mio_chf,
2016,okp_bruttoleistungen,31 – 35,31,35,per_capita_chf,2365.7092540871477,CHF,chf_per_capita_year,
2016,okp_bruttoleistungen,36 – 40,36,40,total_mio_chf,1409.80444823323,CHF,mio_chf,
2016,okp_bruttoleistungen,36 – 40,36,40,per_capita_chf,2420.144669596172,CHF,chf_per_capita_year,
2016,okp_bruttoleistungen,41 – 45,41,45,total_mio_chf,1528.3710923027402,CHF,mio_chf,
2016,okp_bruttoleistungen,41 – 45,41,45,per_capita_chf,2586.5675390007664,CHF,chf_per_capita_year,
2016,okp_bruttoleistungen,46 – 50,46,50,total_mio_chf,1960.54494605041,CHF,mio_chf,
2016,okp_bruttoleistungen,46 – 50,46,50,per_capita_chf,3003.7353901996876,CHF,chf_per_capita_year,
2016,okp_bruttoleistungen,51 – 55,51,55,total_mio_chf,2364.86567942095,CHF,mio_chf,
2016,okp_bruttoleistungen,51 – 55,51,55,per_capita_chf,3616.995599739663,CHF,chf_per_capita_year,
2016,okp_bruttoleistungen,56 – 60,56,60,total_mio_chf,2392.3836503597604,CHF,mio_chf,
2016,okp_bruttoleistungen,56 – 60,56,60,per_capita_chf,4312.239302255307,CHF,chf_per_capita_year,
2016,okp_bruttoleistungen,61 – 65,61,65,total_mio_chf,2452.2252411666,CHF,mio_chf,
2016,okp_bruttoleistungen,61 – 65,61,65,per_capita_chf,5301.257921503353,CHF,chf_per_capita_year,
2016,okp_bruttoleistungen,66 – 70,66,70,total_mio_chf,2817.70282580743,CHF,mio_chf,
2016,okp_bruttoleistungen,66 – 70,66,70,per_capita_chf,6602.748134436804,CHF,chf_per_capita_year,
2016,okp_bruttoleistungen,71 – 75,71,75,total_mio_chf,2966.23191275265,CHF,mio_chf,
2016,okp_bruttoleistungen,71 – 75,71,75,per_capita_chf,8141.990313905886,CHF,chf_per_capita_year,
2016,okp_bruttoleistungen,76 – 80,76,80,total_mio_chf,2637.7643090278,CHF,mio_chf,
2016,okp_bruttoleistungen,76 – 80,76,80,per_capita_chf,9891.613676430152,CHF,chf_per_capita_year,
2016,okp_bruttoleistungen,81 – 85,81,85,total_mio_chf,2443.95709492867,CHF,mio_chf,
2016,okp_bruttoleistungen,81 – 85,81,85,per_capita_chf,11955.96477102387,CHF,chf_per_capita_year,
2016,okp_bruttoleistungen,86 – 90,86,90,total_mio_chf,1805.6357859116997,CHF,mio_chf,
2016,okp_bruttoleistungen,86 – 90,86,90,per_capita_chf,14351.904802468256,CHF,chf_per_capita_year,
2016,okp_bruttoleistungen,91 – 95,91,95,total_mio_chf,921.2789655189599,CHF,mio_chf,
2016,okp_bruttoleistungen,91 – 95,91,95,per_capita_chf,17514.9374357447,CHF,chf_per_capita_year,
2016,okp_bruttoleistungen,96 – 100,96,100,total_mio_chf,216.30776565048,CHF,mio_chf,
2016,okp_bruttoleistungen,96 – 100,96,100,per_capita_chf,20630.433932072017,CHF,chf_per_capita_year,
2016,okp_bruttoleistungen,> 100,100,100,total_mio_chf,29.849162231899996,CHF,mio_chf,
2016,okp_bruttoleistungen,> 100,100,100,per_capita_chf,24547.312833369677,CHF,chf_per_capita_year,
2017,okp_premium,0 – 5,0,5,total_mio_chf,523.04131123562,CHF,mio_chf,
2017,okp_premium,0 – 5,0,5,per_capita_chf,1094.940713567066,CHF,chf_per_capita_year,
2017,okp_premium,6 – 10,6,10,total_mio_chf,461.62994732529006,CHF,mio_chf,
2017,okp_premium,6 – 10,6,10,per_capita_chf,1093.5488819195361,CHF,chf_per_capita_year,
2017,okp_premium,11 – 15,11,15,total_mio_chf,451.7222023679199,CHF,mio_chf,
2017,okp_premium,11 – 15,11,15,per_capita_chf,1113.8988147701605,CHF,chf_per_capita_year,
2017,okp_premium,16 – 18,16,18,total_mio_chf,285.92268714902997,CHF,mio_chf,
2017,okp_premium,16 – 18,16,18,per_capita_chf,1118.555609741043,CHF,chf_per_capita_year,
2017,okp_premium,19 – 20,19,20,total_mio_chf,673.17962848101,CHF,mio_chf,
2017,okp_premium,19 – 20,19,20,per_capita_chf,3809.1195455471257,CHF,chf_per_capita_year,
2017,okp_premium,21 – 25,21,25,total_mio_chf,1791.93011735759,CHF,mio_chf,
2017,okp_premium,21 – 25,21,25,per_capita_chf,3693.501429748079,CHF,chf_per_capita_year,
2017,okp_premium,26 – 30,26,30,total_mio_chf,2150.9787459227,CHF,mio_chf,
2017,okp_premium,26 – 30,26,30,per_capita_chf,3763.496717750047,CHF,chf_per_capita_year,
2017,okp_premium,31 – 35,31,35,total_mio_chf,2237.5544697771406,CHF,mio_chf,
2017,okp_premium,31 – 35,31,35,per_capita_chf,3733.2619359685723,CHF,chf_per_capita_year,
2017,okp_premium,36 – 40,36,40,total_mio_chf,2256.6094534805698,CHF,mio_chf,
2017,okp_premium,36 – 40,36,40,per_capita_chf,3811.6112275687087,CHF,chf_per_capita_year,
2017,okp_premium,41 – 45,41,45,total_mio_chf,2286.22258082215,CHF,mio_chf,
2017,okp_premium,41 – 45,41,45,per_capita_chf,3915.2700382321677,CHF,chf_per_capita_year,
2017,okp_premium,46 – 50,46,50,total_mio_chf,2576.05724392195,CHF,mio_chf,
2017,okp_premium,46 – 50,46,50,per_capita_chf,4008.9172941195357,CHF,chf_per_capita_year,
2017,okp_premium,51 – 55,51,55,total_mio_chf,2743.9651232771103,CHF,mio_chf,
2017,okp_premium,51 – 55,51,55,per_capita_chf,4129.231430728073,CHF,chf_per_capita_year,
2017,okp_premium,56 – 60,56,60,total_mio_chf,2432.31823279731,CHF,mio_chf,
2017,okp_premium,56 – 60,56,60,per_capita_chf,4269.518562906931,CHF,chf_per_capita_year,
2017,okp_premium,61 – 65,61,65,total_mio_chf,2122.00580472851,CHF,mio_chf,
2017,okp_premium,61 – 65,61,65,per_capita_chf,4480.415869138834,CHF,chf_per_capita_year,
2017,okp_premium,66 – 70,66,70,total_mio_chf,1996.81802537362,CHF,mio_chf,
2017,okp_premium,66 – 70,66,70,per_capita_chf,4718.609853674601,CHF,chf_per_capita_year,
2017,okp_premium,71 – 75,71,75,total_mio_chf,1833.04468352968,CHF,mio_chf,
2017,okp_premium,71 – 75,71,75,per_capita_chf,4863.528338043216,CHF,chf_per_capita_year,
2017,okp_premium,76 – 80,76,80,total_mio_chf,1370.0029720781602,CHF,mio_chf,
2017,okp_premium,76 – 80,76,80,per_capita_chf,4987.10516728768,CHF,chf_per_capita_year,
2017,okp_premium,81 – 85,81,85,total_mio_chf,1057.0260673452199,CHF,mio_chf,
2017,okp_premium,81 – 85,81,85,per_capita_chf,5097.318664833295,CHF,chf_per_capita_year,
2017,okp_premium,86 – 90,86,90,total_mio_chf,666.54608180886,CHF,mio_chf,
2017,okp_premium,86 – 90,86,90,per_capita_chf,5197.628172966904,CHF,chf_per_capita_year,
2017,okp_premium,91 – 95,91,95,total_mio_chf,282.71916334405006,CHF,mio_chf,
2017,okp_premium,91 – 95,91,95,per_capita_chf,5278.952873101451,CHF,chf_per_capita_year,
2017,okp_premium,96 – 100,96,100,total_mio_chf,61.469774357679995,CHF,mio_chf,
2017,okp_premium,96 – 100,96,100,per_capita_chf,5373.085349375544,CHF,chf_per_capita_year,
2017,okp_premium,> 100,100,100,total_mio_chf,6.446792618849999,CHF,mio_chf,
2017,okp_premium,> 100,100,100,per_capita_chf,5486.0368627498765,CHF,chf_per_capita_year,
2017,praemienverbilligung,0 – 18,0,18,beneficiaries_count,559617.87,Anzahl,count,403d_coarse_0_18
2017,praemienverbilligung,0 – 18,0,18,beneficiary_rate,0.359,Anteil,rate,403d_coarse_0_18
2017,praemienverbilligung,0 – 18,0,18,total_mio_chf,421.754,CHF,mio_chf,403d_coarse_0_18
2017,praemienverbilligung,19 – 25,19,25,beneficiaries_count,277885.052,Anzahl,count,
2017,praemienverbilligung,19 – 25,19,25,beneficiary_rate,0.42,Anteil,rate,
2017,praemienverbilligung,19 – 25,19,25,total_mio_chf,605.694,CHF,mio_chf,
2017,praemienverbilligung,26 – 30,26,30,beneficiaries_count,172498.175,Anzahl,count,
2017,praemienverbilligung,26 – 30,26,30,beneficiary_rate,0.302,Anteil,rate,
2017,praemienverbilligung,26 – 30,26,30,total_mio_chf,357.853,CHF,mio_chf,
2017,praemienverbilligung,31 – 35,31,35,beneficiaries_count,149529.776,Anzahl,count,
2017,praemienverbilligung,31 – 35,31,35,beneficiary_rate,0.249,Anteil,rate,
2017,praemienverbilligung,31 – 35,31,35,total_mio_chf,304.964,CHF,mio_chf,
2017,praemienverbilligung,36 – 40,36,40,beneficiaries_count,146345.086,Anzahl,count,
2017,praemienverbilligung,36 – 40,36,40,beneficiary_rate,0.247,Anteil,rate,
2017,praemienverbilligung,36 – 40,36,40,total_mio_chf,299.142,CHF,mio_chf,
2017,praemienverbilligung,41 – 45,41,45,beneficiaries_count,132414.729,Anzahl,count,
2017,praemienverbilligung,41 – 45,41,45,beneficiary_rate,0.227,Anteil,rate,
2017,praemienverbilligung,41 – 45,41,45,total_mio_chf,280.768,CHF,mio_chf,
2017,praemienverbilligung,46 – 50,46,50,beneficiaries_count,127678.209,Anzahl,count,
2017,praemienverbilligung,46 – 50,46,50,beneficiary_rate,0.199,Anteil,rate,
2017,praemienverbilligung,46 – 50,46,50,total_mio_chf,285.455,CHF,mio_chf,
2017,praemienverbilligung,51 – 55,51,55,beneficiaries_count,116413.879,Anzahl,count,
2017,praemienverbilligung,51 – 55,51,55,beneficiary_rate,0.175,Anteil,rate,
2017,praemienverbilligung,51 – 55,51,55,total_mio_chf,286.725,CHF,mio_chf,
2017,praemienverbilligung,56 – 60,56,60,beneficiaries_count,93296.412,Anzahl,count,
2017,praemienverbilligung,56 – 60,56,60,beneficiary_rate,0.164,Anteil,rate,
2017,praemienverbilligung,56 – 60,56,60,total_mio_chf,254.888,CHF,mio_chf,
2017,praemienverbilligung,61 – 65,61,65,beneficiaries_count,81839.847,Anzahl,count,
2017,praemienverbilligung,61 – 65,61,65,beneficiary_rate,0.173,Anteil,rate,
2017,praemienverbilligung,61 – 65,61,65,total_mio_chf,245.703,CHF,mio_chf,
2017,praemienverbilligung,66 – 70,66,70,beneficiaries_count,74684.17,Anzahl,count,
2017,praemienverbilligung,66 – 70,66,70,beneficiary_rate,0.176,Anteil,rate,
2017,praemienverbilligung,66 – 70,66,70,total_mio_chf,242.25,CHF,mio_chf,
2017,praemienverbilligung,71 – 75,71,75,beneficiaries_count,67415.745,Anzahl,count,
2017,praemienverbilligung,71 – 75,71,75,beneficiary_rate,0.179,Anteil,rate,
2017,praemienverbilligung,71 – 75,71,75,total_mio_chf,218.838,CHF,mio_chf,
2017,praemienverbilligung,76 – 80,76,80,beneficiaries_count,60954.525,Anzahl,count,
2017,praemienverbilligung,76 – 80,76,80,beneficiary_rate,0.222,Anteil,rate,
2017,praemienverbilligung,76 – 80,76,80,total_mio_chf,197.897,CHF,mio_chf,
2017,praemienverbilligung,81 – 85,81,85,beneficiaries_count,55999.012,Anzahl,count,
2017,praemienverbilligung,81 – 85,81,85,beneficiary_rate,0.27,Anteil,rate,
2017,praemienverbilligung,81 – 85,81,85,total_mio_chf,185.536,CHF,mio_chf,
2017,praemienverbilligung,86 – 90,86,90,beneficiaries_count,41881.775,Anzahl,count,
2017,praemienverbilligung,86 – 90,86,90,beneficiary_rate,0.327,Anteil,rate,
2017,praemienverbilligung,86 – 90,86,90,total_mio_chf,146.445,CHF,mio_chf,
2017,okp_kostenbeteiligung,0 – 5,0,5,total_mio_chf,59.56801349675,CHF,mio_chf,
2017,okp_kostenbeteiligung,0 – 5,0,5,per_capita_chf,124.70036649652357,CHF,chf_per_capita_year,
2017,okp_kostenbeteiligung,6 – 10,6,10,total_mio_chf,36.11096416579001,CHF,mio_chf,
2017,okp_kostenbeteiligung,6 – 10,6,10,per_capita_chf,85.54277017194875,CHF,chf_per_capita_year,
2017,okp_kostenbeteiligung,11 – 15,11,15,total_mio_chf,40.74719003541001,CHF,mio_chf,
2017,okp_kostenbeteiligung,11 – 15,11,15,per_capita_chf,100.47822853898548,CHF,chf_per_capita_year,
2017,okp_kostenbeteiligung,16 – 18,16,18,total_mio_chf,33.623846686810005,CHF,mio_chf,
2017,okp_kostenbeteiligung,16 – 18,16,18,per_capita_chf,131.5395525539419,CHF,chf_per_capita_year,
2017,okp_kostenbeteiligung,19 – 20,19,20,total_mio_chf,75.95010806506001,CHF,mio_chf,
2017,okp_kostenbeteiligung,19 – 20,19,20,per_capita_chf,429.7560842264815,CHF,chf_per_capita_year,
2017,okp_kostenbeteiligung,21 – 25,21,25,total_mio_chf,203.77819269264,CHF,mio_chf,
2017,okp_kostenbeteiligung,21 – 25,21,25,per_capita_chf,420.02477595031615,CHF,chf_per_capita_year,
2017,okp_kostenbeteiligung,26 – 30,26,30,total_mio_chf,243.01720215249003,CHF,mio_chf,
2017,okp_kostenbeteiligung,26 – 30,26,30,per_capita_chf,425.1992003135134,CHF,chf_per_capita_year,
2017,okp_kostenbeteiligung,31 – 35,31,35,total_mio_chf,279.08901035494006,CHF,mio_chf,
2017,okp_kostenbeteiligung,31 – 35,31,35,per_capita_chf,465.6478280991347,CHF,chf_per_capita_year,
2017,okp_kostenbeteiligung,36 – 40,36,40,total_mio_chf,300.37438360541,CHF,mio_chf,
2017,okp_kostenbeteiligung,36 – 40,36,40,per_capita_chf,507.35867088499236,CHF,chf_per_capita_year,
2017,okp_kostenbeteiligung,41 – 45,41,45,total_mio_chf,319.22521512958,CHF,mio_chf,
2017,okp_kostenbeteiligung,41 – 45,41,45,per_capita_chf,546.6890803762433,CHF,chf_per_capita_year,
2017,okp_kostenbeteiligung,46 – 50,46,50,total_mio_chf,372.86859817461004,CHF,mio_chf,
2017,okp_kostenbeteiligung,46 – 50,46,50,per_capita_chf,580.2663644929437,CHF,chf_per_capita_year,
2017,okp_kostenbeteiligung,51 – 55,51,55,total_mio_chf,413.24689972178,CHF,mio_chf,
2017,okp_kostenbeteiligung,51 – 55,51,55,per_capita_chf,621.8709095486486,CHF,chf_per_capita_year,
2017,okp_kostenbeteiligung,56 – 60,56,60,total_mio_chf,376.46620236621,CHF,mio_chf,
2017,okp_kostenbeteiligung,56 – 60,56,60,per_capita_chf,660.8220164764734,CHF,chf_per_capita_year,
2017,okp_kostenbeteiligung,61 – 65,61,65,total_mio_chf,340.00480859526,CHF,mio_chf,
2017,okp_kostenbeteiligung,61 – 65,61,65,per_capita_chf,717.8882058753904,CHF,chf_per_capita_year,
2017,okp_kostenbeteiligung,66 – 70,66,70,total_mio_chf,332.13829381776,CHF,mio_chf,
2017,okp_kostenbeteiligung,66 – 70,66,70,per_capita_chf,784.8642220153793,CHF,chf_per_capita_year,
2017,okp_kostenbeteiligung,71 – 75,71,75,total_mio_chf,317.87626414647997,CHF,mio_chf,
2017,okp_kostenbeteiligung,71 – 75,71,75,per_capita_chf,843.4056368395582,CHF,chf_per_capita_year,
2017,okp_kostenbeteiligung,76 – 80,76,80,total_mio_chf,245.83205753464,CHF,mio_chf,
2017,okp_kostenbeteiligung,76 – 80,76,80,per_capita_chf,894.8815071227609,CHF,chf_per_capita_year,
2017,okp_kostenbeteiligung,81 – 85,81,85,total_mio_chf,198.43344177055997,CHF,mio_chf,
2017,okp_kostenbeteiligung,81 – 85,81,85,per_capita_chf,956.9096900368511,CHF,chf_per_capita_year,
2017,okp_kostenbeteiligung,86 – 90,86,90,total_mio_chf,131.3438376939,CHF,mio_chf,
2017,okp_kostenbeteiligung,86 – 90,86,90,per_capita_chf,1024.199901214291,CHF,chf_per_capita_year,
2017,okp_kostenbeteiligung,91 – 95,91,95,total_mio_chf,58.98380323321001,CHF,mio_chf,
2017,okp_kostenbeteiligung,91 – 95,91,95,per_capita_chf,1101.3498832602484,CHF,chf_per_capita_year,
2017,okp_kostenbeteiligung,96 – 100,96,100,total_mio_chf,13.279097602229998,CHF,mio_chf,
2017,okp_kostenbeteiligung,96 – 100,96,100,per_capita_chf,1160.7285942567567,CHF,chf_per_capita_year,
2017,okp_kostenbeteiligung,> 100,100,100,total_mio_chf,1.46325087916,CHF,mio_chf,
2017,okp_kostenbeteiligung,> 100,100,100,per_capita_chf,1245.1848131505258,CHF,chf_per_capita_year,
2017,okp_nettoleistungen,0 – 5,0,5,total_mio_chf,608.3111098612798,CHF,mio_chf,
2017,okp_nettoleistungen,0 – 5,0,5,per_capita_chf,1273.4454934903495,CHF,chf_per_capita_year,
2017,okp_nettoleistungen,6 – 10,6,10,total_mio_chf,371.79579828184,CHF,mio_chf,
2017,okp_nettoleistungen,6 – 10,6,10,per_capita_chf,880.7419923018792,CHF,chf_per_capita_year,
2017,okp_nettoleistungen,11 – 15,11,15,total_mio_chf,447.96532406421994,CHF,mio_chf,
2017,okp_nettoleistungen,11 – 15,11,15,per_capita_chf,1104.6347532124364,CHF,chf_per_capita_year,
2017,okp_nettoleistungen,16 – 18,16,18,total_mio_chf,363.2795803368701,CHF,mio_chf,
2017,okp_nettoleistungen,16 – 18,16,18,per_capita_chf,1421.1828258258467,CHF,chf_per_capita_year,
2017,okp_nettoleistungen,19 – 20,19,20,total_mio_chf,192.92769710104,CHF,mio_chf,
2017,okp_nettoleistungen,19 – 20,19,20,per_capita_chf,1091.662062863059,CHF,chf_per_capita_year,
2017,okp_nettoleistungen,21 – 25,21,25,total_mio_chf,636.79441587198,CHF,mio_chf,
2017,okp_nettoleistungen,21 – 25,21,25,per_capita_chf,1312.5517913316012,CHF,chf_per_capita_year,
2017,okp_nettoleistungen,26 – 30,26,30,total_mio_chf,899.9142182625301,CHF,mio_chf,
2017,okp_nettoleistungen,26 – 30,26,30,per_capita_chf,1574.5502893078537,CHF,chf_per_capita_year,
2017,okp_nettoleistungen,31 – 35,31,35,total_mio_chf,1138.8936810041598,CHF,mio_chf,
2017,okp_nettoleistungen,31 – 35,31,35,per_capita_chf,1900.1943799971225,CHF,chf_per_capita_year,
2017,okp_nettoleistungen,36 – 40,36,40,total_mio_chf,1151.23528039396,CHF,mio_chf,
2017,okp_nettoleistungen,36 – 40,36,40,per_capita_chf,1944.5373294677688,CHF,chf_per_capita_year,
2017,okp_nettoleistungen,41 – 45,41,45,total_mio_chf,1203.39024716234,CHF,mio_chf,
2017,okp_nettoleistungen,41 – 45,41,45,per_capita_chf,2060.865734831983,CHF,chf_per_capita_year,
2017,okp_nettoleistungen,46 – 50,46,50,total_mio_chf,1587.23672918189,CHF,mio_chf,
2017,okp_nettoleistungen,46 – 50,46,50,per_capita_chf,2470.0929253386557,CHF,chf_per_capita_year,
2017,okp_nettoleistungen,51 – 55,51,55,total_mio_chf,2019.6968591220004,CHF,mio_chf,
2017,okp_nettoleistungen,51 – 55,51,55,per_capita_chf,3039.3227962275037,CHF,chf_per_capita_year,
2017,okp_nettoleistungen,56 – 60,56,60,total_mio_chf,2102.26842616774,CHF,mio_chf,
2017,okp_nettoleistungen,56 – 60,56,60,per_capita_chf,3690.1725887297853,CHF,chf_per_capita_year,
2017,okp_nettoleistungen,61 – 65,61,65,total_mio_chf,2192.6002671520405,CHF,mio_chf,
2017,okp_nettoleistungen,61 – 65,61,65,per_capita_chf,4629.469443361349,CHF,chf_per_capita_year,
2017,okp_nettoleistungen,66 – 70,66,70,total_mio_chf,2491.7971718148906,CHF,mio_chf,
2017,okp_nettoleistungen,66 – 70,66,70,per_capita_chf,5888.2775189713475,CHF,chf_per_capita_year,
2017,okp_nettoleistungen,71 – 75,71,75,total_mio_chf,2801.7385288937,CHF,mio_chf,
2017,okp_nettoleistungen,71 – 75,71,75,per_capita_chf,7433.716621039144,CHF,chf_per_capita_year,
2017,okp_nettoleistungen,76 – 80,76,80,total_mio_chf,2501.60689089295,CHF,mio_chf,
2017,okp_nettoleistungen,76 – 80,76,80,per_capita_chf,9106.386560001523,CHF,chf_per_capita_year,
2017,okp_nettoleistungen,81 – 85,81,85,total_mio_chf,2313.94483361218,CHF,mio_chf,
2017,okp_nettoleistungen,81 – 85,81,85,per_capita_chf,11158.58402564236,CHF,chf_per_capita_year,
2017,okp_nettoleistungen,86 – 90,86,90,total_mio_chf,1746.56047708919,CHF,mio_chf,
2017,okp_nettoleistungen,86 – 90,86,90,per_capita_chf,13619.421356245415,CHF,chf_per_capita_year,
2017,okp_nettoleistungen,91 – 95,91,95,total_mio_chf,894.72812856103,CHF,mio_chf,
2017,okp_nettoleistungen,91 – 95,91,95,per_capita_chf,16706.428984313614,CHF,chf_per_capita_year,
2017,okp_nettoleistungen,96 – 100,96,100,total_mio_chf,229.86291137736995,CHF,mio_chf,
2017,okp_nettoleistungen,96 – 100,96,100,per_capita_chf,20092.363350805863,CHF,chf_per_capita_year,
2017,okp_nettoleistungen,> 100,100,100,total_mio_chf,27.673984491960002,CHF,mio_chf,
2017,okp_nettoleistungen,> 100,100,100,per_capita_chf,23549.7724276329,CHF,chf_per_capita_year,
2017,okp_bruttoleistungen,0 – 5,0,5,total_mio_chf,667.8791233580298,CHF,mio_chf,
2017,okp_bruttoleistungen,0 – 5,0,5,per_capita_chf,1398.1458599868731,CHF,chf_per_capita_year,
2017,okp_bruttoleistungen,6 – 10,6,10,total_mio_chf,407.90676244763,CHF,mio_chf,
2017,okp_bruttoleistungen,6 – 10,6,10,per_capita_chf,966.2847624738279,CHF,chf_per_capita_year,
2017,okp_bruttoleistungen,11 – 15,11,15,total_mio_chf,488.71251409962997,CHF,mio_chf,
2017,okp_bruttoleistungen,11 – 15,11,15,per_capita_chf,1205.112981751422,CHF,chf_per_capita_year,
2017,okp_bruttoleistungen,16 – 18,16,18,total_mio_chf,396.9034270236801,CHF,mio_chf,
2017,okp_bruttoleistungen,16 – 18,16,18,per_capita_chf,1552.7223783797888,CHF,chf_per_capita_year,
2017,okp_bruttoleistungen,19 – 20,19,20,total_mio_chf,268.8778051661,CHF,mio_chf,
2017,okp_bruttoleistungen,19 – 20,19,20,per_capita_chf,1521.4181470895405,CHF,chf_per_capita_year,
2017,okp_bruttoleistungen,21 – 25,21,25,total_mio_chf,840.57260856462,CHF,mio_chf,
2017,okp_bruttoleistungen,21 – 25,21,25,per_capita_chf,1732.5765672819173,CHF,chf_per_capita_year,
2017,okp_bruttoleistungen,26 – 30,26,30,total_mio_chf,1142.93142041502,CHF,mio_chf,
2017,okp_bruttoleistungen,26 – 30,26,30,per_capita_chf,1999.749489621367,CHF,chf_per_capita_year,
2017,okp_bruttoleistungen,31 – 35,31,35,total_mio_chf,1417.9826913590998,CHF,mio_chf,
2017,okp_bruttoleistungen,31 – 35,31,35,per_capita_chf,2365.842208096257,CHF,chf_per_capita_year,
2017,okp_bruttoleistungen,36 – 40,36,40,total_mio_chf,1451.60966399937,CHF,mio_chf,
2017,okp_bruttoleistungen,36 – 40,36,40,per_capita_chf,2451.8960003527613,CHF,chf_per_capita_year,
2017,okp_bruttoleistungen,41 – 45,41,45,total_mio_chf,1522.61546229192,CHF,mio_chf,
2017,okp_bruttoleistungen,41 – 45,41,45,per_capita_chf,2607.554815208226,CHF,chf_per_capita_year,
2017,okp_bruttoleistungen,46 – 50,46,50,total_mio_chf,1960.1053273565,CHF,mio_chf,
2017,okp_bruttoleistungen,46 – 50,46,50,per_capita_chf,3050.3592898315997,CHF,chf_per_capita_year,
2017,okp_bruttoleistungen,51 – 55,51,55,total_mio_chf,2432.9437588437804,CHF,mio_chf,
2017,okp_bruttoleistungen,51 – 55,51,55,per_capita_chf,3661.1937057761525,CHF,chf_per_capita_year,
2017,okp_bruttoleistungen,56 – 60,56,60,total_mio_chf,2478.73462853395,CHF,mio_chf,
2017,okp_bruttoleistungen,56 – 60,56,60,per_capita_chf,4350.994605206258,CHF,chf_per_capita_year,
2017,okp_bruttoleistungen,61 – 65,61,65,total_mio_chf,2532.6050757473004,CHF,mio_chf,
2017,okp_bruttoleistungen,61 – 65,61,65,per_capita_chf,5347.357649236738,CHF,chf_per_capita_year,
2017,okp_bruttoleistungen,66 – 70,66,70,total_mio_chf,2823.9354656326504,CHF,mio_chf,
2017,okp_bruttoleistungen,66 – 70,66,70,per_capita_chf,6673.141740986727,CHF,chf_per_capita_year,
2017,okp_bruttoleistungen,71 – 75,71,75,total_mio_chf,3119.61479304018,CHF,mio_chf,
2017,okp_bruttoleistungen,71 – 75,71,75,per_capita_chf,8277.122257878702,CHF,chf_per_capita_year,
2017,okp_bruttoleistungen,76 – 80,76,80,total_mio_chf,2747.4389484275903,CHF,mio_chf,
2017,okp_bruttoleistungen,76 – 80,76,80,per_capita_chf,10001.268067124285,CHF,chf_per_capita_year,
2017,okp_bruttoleistungen,81 – 85,81,85,total_mio_chf,2512.37827538274,CHF,mio_chf,
2017,okp_bruttoleistungen,81 – 85,81,85,per_capita_chf,12115.493715679213,CHF,chf_per_capita_year,
2017,okp_bruttoleistungen,86 – 90,86,90,total_mio_chf,1877.90431478309,CHF,mio_chf,
2017,okp_bruttoleistungen,86 – 90,86,90,per_capita_chf,14643.621257459707,CHF,chf_per_capita_year,
2017,okp_bruttoleistungen,91 – 95,91,95,total_mio_chf,953.71193179424,CHF,mio_chf,
2017,okp_bruttoleistungen,91 – 95,91,95,per_capita_chf,17807.778867573863,CHF,chf_per_capita_year,
2017,okp_bruttoleistungen,96 – 100,96,100,total_mio_chf,243.14200897959995,CHF,mio_chf,
2017,okp_bruttoleistungen,96 – 100,96,100,per_capita_chf,21253.09194506262,CHF,chf_per_capita_year,
2017,okp_bruttoleistungen,> 100,100,100,total_mio_chf,29.137235371120003,CHF,mio_chf,
2017,okp_bruttoleistungen,> 100,100,100,per_capita_chf,24794.957240783424,CHF,chf_per_capita_year,
2018,okp_premium,0 – 5,0,5,total_mio_chf,550.71397750447,CHF,mio_chf,
2018,okp_premium,0 – 5,0,5,per_capita_chf,1143.969914670579,CHF,chf_per_capita_year,
2018,okp_premium,6 – 10,6,10,total_mio_chf,489.09132825118,CHF,mio_chf,
2018,okp_premium,6 – 10,6,10,per_capita_chf,1142.169253077563,CHF,chf_per_capita_year,
2018,okp_premium,11 – 15,11,15,total_mio_chf,477.75280679771004,CHF,mio_chf,
2018,okp_premium,11 – 15,11,15,per_capita_chf,1167.1276639281805,CHF,chf_per_capita_year,
2018,okp_premium,16 – 18,16,18,total_mio_chf,294.47893631533003,CHF,mio_chf,
2018,okp_premium,16 – 18,16,18,per_capita_chf,1172.7077638730034,CHF,chf_per_capita_year,
2018,okp_premium,19 – 20,19,20,total_mio_chf,684.05031265498,CHF,mio_chf,
2018,okp_premium,19 – 20,19,20,per_capita_chf,3931.6891537908314,CHF,chf_per_capita_year,
2018,okp_premium,21 – 25,21,25,total_mio_chf,1825.27052978227,CHF,mio_chf,
2018,okp_premium,21 – 25,21,25,per_capita_chf,3820.1483758774684,CHF,chf_per_capita_year,
2018,okp_premium,26 – 30,26,30,total_mio_chf,2244.4013413481903,CHF,mio_chf,
2018,okp_premium,26 – 30,26,30,per_capita_chf,3897.4591118982667,CHF,chf_per_capita_year,
2018,okp_premium,31 – 35,31,35,total_mio_chf,2329.99529065605,CHF,mio_chf,
2018,okp_premium,31 – 35,31,35,per_capita_chf,3865.878105997824,CHF,chf_per_capita_year,
2018,okp_premium,36 – 40,36,40,total_mio_chf,2379.56758267234,CHF,mio_chf,
2018,okp_premium,36 – 40,36,40,per_capita_chf,3948.414786121524,CHF,chf_per_capita_year,
2018,okp_premium,41 – 45,41,45,total_mio_chf,2364.1257236668803,CHF,mio_chf,
2018,okp_premium,41 – 45,41,45,per_capita_chf,4060.215082574784,CHF,chf_per_capita_year,
2018,okp_premium,46 – 50,46,50,total_mio_chf,2624.02325158958,CHF,mio_chf,
2018,okp_premium,46 – 50,46,50,per_capita_chf,4154.265395969868,CHF,chf_per_capita_year,
2018,okp_premium,51 – 55,51,55,total_mio_chf,2859.8055021911396,CHF,mio_chf,
2018,okp_premium,51 – 55,51,55,per_capita_chf,4276.339204122062,CHF,chf_per_capita_year,
2018,okp_premium,56 – 60,56,60,total_mio_chf,2586.36072351826,CHF,mio_chf,
2018,okp_premium,56 – 60,56,60,per_capita_chf,4416.167014362965,CHF,chf_per_capita_year,
2018,okp_premium,61 – 65,61,65,total_mio_chf,2238.59898777858,CHF,mio_chf,
2018,okp_premium,61 – 65,61,65,per_capita_chf,4626.555774738076,CHF,chf_per_capita_year,
2018,okp_premium,66 – 70,66,70,total_mio_chf,2058.9412738346,CHF,mio_chf,
2018,okp_premium,66 – 70,66,70,per_capita_chf,4873.482006984361,CHF,chf_per_capita_year,
2018,okp_premium,71 – 75,71,75,total_mio_chf,1932.95126915156,CHF,mio_chf,
2018,okp_premium,71 – 75,71,75,per_capita_chf,5023.5003003644215,CHF,chf_per_capita_year,
2018,okp_premium,76 – 80,76,80,total_mio_chf,1476.09033853331,CHF,mio_chf,
2018,okp_premium,76 – 80,76,80,per_capita_chf,5147.050471866322,CHF,chf_per_capita_year,
2018,okp_premium,81 – 85,81,85,total_mio_chf,1101.50441496773,CHF,mio_chf,
2018,okp_premium,81 – 85,81,85,per_capita_chf,5259.516188605854,CHF,chf_per_capita_year,
2018,okp_premium,86 – 90,86,90,total_mio_chf,705.73403219609,CHF,mio_chf,
2018,okp_premium,86 – 90,86,90,per_capita_chf,5357.429737577702,CHF,chf_per_capita_year,
2018,okp_premium,91 – 95,91,95,total_mio_chf,299.46064791360004,CHF,mio_chf,
2018,okp_premium,91 – 95,91,95,per_capita_chf,5443.227959450401,CHF,chf_per_capita_year,
2018,okp_premium,96 – 100,96,100,total_mio_chf,67.50379324248,CHF,mio_chf,
2018,okp_premium,96 – 100,96,100,per_capita_chf,5559.926086203197,CHF,chf_per_capita_year,
2018,okp_premium,> 100,100,100,total_mio_chf,6.480937003660001,CHF,mio_chf,
2018,okp_premium,> 100,100,100,per_capita_chf,5635.580781774913,CHF,chf_per_capita_year,
2018,praemienverbilligung,0 – 18,0,18,beneficiaries_count,564425.973,Anzahl,count,403d_coarse_0_18
2018,praemienverbilligung,0 – 18,0,18,beneficiary_rate,0.359,Anteil,rate,403d_coarse_0_18
2018,praemienverbilligung,0 – 18,0,18,total_mio_chf,449.924,CHF,mio_chf,403d_coarse_0_18
2018,praemienverbilligung,19 – 25,19,25,beneficiaries_count,276917.587,Anzahl,count,
2018,praemienverbilligung,19 – 25,19,25,beneficiary_rate,0.425,Anteil,rate,
2018,praemienverbilligung,19 – 25,19,25,total_mio_chf,634.282,CHF,mio_chf,
2018,praemienverbilligung,26 – 30,26,30,beneficiaries_count,171956.922,Anzahl,count,
2018,praemienverbilligung,26 – 30,26,30,beneficiary_rate,0.299,Anteil,rate,
2018,praemienverbilligung,26 – 30,26,30,total_mio_chf,381.681,CHF,mio_chf,
2018,praemienverbilligung,31 – 35,31,35,beneficiaries_count,148505.999,Anzahl,count,
2018,praemienverbilligung,31 – 35,31,35,beneficiary_rate,0.246,Anteil,rate,
2018,praemienverbilligung,31 – 35,31,35,total_mio_chf,319.514,CHF,mio_chf,
2018,praemienverbilligung,36 – 40,36,40,beneficiaries_count,149260.606,Anzahl,count,
2018,praemienverbilligung,36 – 40,36,40,beneficiary_rate,0.248,Anteil,rate,
2018,praemienverbilligung,36 – 40,36,40,total_mio_chf,318.729,CHF,mio_chf,
2018,praemienverbilligung,41 – 45,41,45,beneficiaries_count,131445.953,Anzahl,count,
2018,praemienverbilligung,41 – 45,41,45,beneficiary_rate,0.226,Anteil,rate,
2018,praemienverbilligung,41 – 45,41,45,total_mio_chf,291.92,CHF,mio_chf,
2018,praemienverbilligung,46 – 50,46,50,beneficiaries_count,123547.279,Anzahl,count,
2018,praemienverbilligung,46 – 50,46,50,beneficiary_rate,0.196,Anteil,rate,
2018,praemienverbilligung,46 – 50,46,50,total_mio_chf,291.542,CHF,mio_chf,
2018,praemienverbilligung,51 – 55,51,55,beneficiaries_count,114950.019,Anzahl,count,
2018,praemienverbilligung,51 – 55,51,55,beneficiary_rate,0.172,Anteil,rate,
2018,praemienverbilligung,51 – 55,51,55,total_mio_chf,300.179,CHF,mio_chf,
2018,praemienverbilligung,56 – 60,56,60,beneficiaries_count,95166.215,Anzahl,count,
2018,praemienverbilligung,56 – 60,56,60,beneficiary_rate,0.162,Anteil,rate,
2018,praemienverbilligung,56 – 60,56,60,total_mio_chf,275.099,CHF,mio_chf,
2018,praemienverbilligung,61 – 65,61,65,beneficiaries_count,83583.845,Anzahl,count,
2018,praemienverbilligung,61 – 65,61,65,beneficiary_rate,0.173,Anteil,rate,
2018,praemienverbilligung,61 – 65,61,65,total_mio_chf,262.485,CHF,mio_chf,
2018,praemienverbilligung,66 – 70,66,70,beneficiaries_count,76500.402,Anzahl,count,
2018,praemienverbilligung,66 – 70,66,70,beneficiary_rate,0.181,Anteil,rate,
2018,praemienverbilligung,66 – 70,66,70,total_mio_chf,260.714,CHF,mio_chf,
2018,praemienverbilligung,71 – 75,71,75,beneficiaries_count,69530.441,Anzahl,count,
2018,praemienverbilligung,71 – 75,71,75,beneficiary_rate,0.181,Anteil,rate,
2018,praemienverbilligung,71 – 75,71,75,total_mio_chf,234.784,CHF,mio_chf,
2018,praemienverbilligung,76 – 80,76,80,beneficiaries_count,61652.275,Anzahl,count,
2018,praemienverbilligung,76 – 80,76,80,beneficiary_rate,0.215,Anteil,rate,
2018,praemienverbilligung,76 – 80,76,80,total_mio_chf,209.568,CHF,mio_chf,
2018,praemienverbilligung,81 – 85,81,85,beneficiaries_count,55244.863,Anzahl,count,
2018,praemienverbilligung,81 – 85,81,85,beneficiary_rate,0.264,Anteil,rate,
2018,praemienverbilligung,81 – 85,81,85,total_mio_chf,191.22,CHF,mio_chf,
2018,praemienverbilligung,86 – 90,86,90,beneficiaries_count,41808.666,Anzahl,count,
2018,praemienverbilligung,86 – 90,86,90,beneficiary_rate,0.317,Anteil,rate,
2018,praemienverbilligung,86 – 90,86,90,total_mio_chf,150.705,CHF,mio_chf,
2018,okp_kostenbeteiligung,0 – 5,0,5,total_mio_chf,60.596103969009995,CHF,mio_chf,
2018,okp_kostenbeteiligung,0 – 5,0,5,per_capita_chf,125.87318048639005,CHF,chf_per_capita_year,
2018,okp_kostenbeteiligung,6 – 10,6,10,total_mio_chf,36.98680931881,CHF,mio_chf,
2018,okp_kostenbeteiligung,6 – 10,6,10,per_capita_chf,86.37486279800045,CHF,chf_per_capita_year,
2018,okp_kostenbeteiligung,11 – 15,11,15,total_mio_chf,41.5888185161,CHF,mio_chf,
2018,okp_kostenbeteiligung,11 – 15,11,15,per_capita_chf,101.59952994432413,CHF,chf_per_capita_year,
2018,okp_kostenbeteiligung,16 – 18,16,18,total_mio_chf,33.947627793349994,CHF,mio_chf,
2018,okp_kostenbeteiligung,16 – 18,16,18,per_capita_chf,135.1901333808914,CHF,chf_per_capita_year,
2018,okp_kostenbeteiligung,19 – 20,19,20,total_mio_chf,77.42861992687,CHF,mio_chf,
2018,okp_kostenbeteiligung,19 – 20,19,20,per_capita_chf,445.03344202550335,CHF,chf_per_capita_year,
2018,okp_kostenbeteiligung,21 – 25,21,25,total_mio_chf,207.66674009106998,CHF,mio_chf,
2018,okp_kostenbeteiligung,21 – 25,21,25,per_capita_chf,434.63023532040563,CHF,chf_per_capita_year,
2018,okp_kostenbeteiligung,26 – 30,26,30,total_mio_chf,250.75019389032002,CHF,mio_chf,
2018,okp_kostenbeteiligung,26 – 30,26,30,per_capita_chf,435.43398855796306,CHF,chf_per_capita_year,
2018,okp_kostenbeteiligung,31 – 35,31,35,total_mio_chf,285.69358240729997,CHF,mio_chf,
2018,okp_kostenbeteiligung,31 – 35,31,35,per_capita_chf,474.0166513132683,CHF,chf_per_capita_year,
2018,okp_kostenbeteiligung,36 – 40,36,40,total_mio_chf,310.51248586203997,CHF,mio_chf,
2018,okp_kostenbeteiligung,36 – 40,36,40,per_capita_chf,515.2331454592062,CHF,chf_per_capita_year,
2018,okp_kostenbeteiligung,41 – 45,41,45,total_mio_chf,323.82999248664,CHF,mio_chf,
2018,okp_kostenbeteiligung,41 – 45,41,45,per_capita_chf,556.1546099354574,CHF,chf_per_capita_year,
2018,okp_kostenbeteiligung,46 – 50,46,50,total_mio_chf,373.82143203257,CHF,mio_chf,
2018,okp_kostenbeteiligung,46 – 50,46,50,per_capita_chf,591.8215238466579,CHF,chf_per_capita_year,
2018,okp_kostenbeteiligung,51 – 55,51,55,total_mio_chf,421.71573070263,CHF,mio_chf,
2018,okp_kostenbeteiligung,51 – 55,51,55,per_capita_chf,630.6021548727357,CHF,chf_per_capita_year,
2018,okp_kostenbeteiligung,56 – 60,56,60,total_mio_chf,390.13021751017,CHF,mio_chf,
2018,okp_kostenbeteiligung,56 – 60,56,60,per_capita_chf,666.1407212877117,CHF,chf_per_capita_year,
2018,okp_kostenbeteiligung,61 – 65,61,65,total_mio_chf,350.06668655800996,CHF,mio_chf,
2018,okp_kostenbeteiligung,61 – 65,61,65,per_capita_chf,723.4895839230051,CHF,chf_per_capita_year,
2018,okp_kostenbeteiligung,66 – 70,66,70,total_mio_chf,332.99553461011004,CHF,mio_chf,
2018,okp_kostenbeteiligung,66 – 70,66,70,per_capita_chf,788.1952569274089,CHF,chf_per_capita_year,
2018,okp_kostenbeteiligung,71 – 75,71,75,total_mio_chf,326.89274876346997,CHF,mio_chf,
2018,okp_kostenbeteiligung,71 – 75,71,75,per_capita_chf,849.5536580811157,CHF,chf_per_capita_year,
2018,okp_kostenbeteiligung,76 – 80,76,80,total_mio_chf,257.75972342907,CHF,mio_chf,
2018,okp_kostenbeteiligung,76 – 80,76,80,per_capita_chf,898.7947901765829,CHF,chf_per_capita_year,
2018,okp_kostenbeteiligung,81 – 85,81,85,total_mio_chf,201.22996894852,CHF,mio_chf,
2018,okp_kostenbeteiligung,81 – 85,81,85,per_capita_chf,960.8425213151784,CHF,chf_per_capita_year,
2018,okp_kostenbeteiligung,86 – 90,86,90,total_mio_chf,135.10325075075,CHF,mio_chf,
2018,okp_kostenbeteiligung,86 – 90,86,90,per_capita_chf,1025.6075804693144,CHF,chf_per_capita_year,
2018,okp_kostenbeteiligung,91 – 95,91,95,total_mio_chf,60.48635240762,CHF,mio_chf,
2018,okp_kostenbeteiligung,91 – 95,91,95,per_capita_chf,1099.446644773571,CHF,chf_per_capita_year,
2018,okp_kostenbeteiligung,96 – 100,96,100,total_mio_chf,14.23381109998,CHF,mio_chf,
2018,okp_kostenbeteiligung,96 – 100,96,100,per_capita_chf,1172.3628234726439,CHF,chf_per_capita_year,
2018,okp_kostenbeteiligung,> 100,100,100,total_mio_chf,1.4348827406200002,CHF,mio_chf,
2018,okp_kostenbeteiligung,> 100,100,100,per_capita_chf,1247.7204442153864,CHF,chf_per_capita_year,
2018,okp_nettoleistungen,0 – 5,0,5,total_mio_chf,617.8767391040401,CHF,mio_chf,
2018,okp_nettoleistungen,0 – 5,0,5,per_capita_chf,1283.4836764317413,CHF,chf_per_capita_year,
2018,okp_nettoleistungen,6 – 10,6,10,total_mio_chf,379.66634670795,CHF,mio_chf,
2018,okp_nettoleistungen,6 – 10,6,10,per_capita_chf,886.6303747168517,CHF,chf_per_capita_year,
2018,okp_nettoleistungen,11 – 15,11,15,total_mio_chf,456.4692671967401,CHF,mio_chf,
2018,okp_nettoleistungen,11 – 15,11,15,per_capita_chf,1115.1329765058185,CHF,chf_per_capita_year,
2018,okp_nettoleistungen,16 – 18,16,18,total_mio_chf,364.63189632916,CHF,mio_chf,
2018,okp_nettoleistungen,16 – 18,16,18,per_capita_chf,1452.0789199097687,CHF,chf_per_capita_year,
2018,okp_nettoleistungen,19 – 20,19,20,total_mio_chf,186.56662373974,CHF,mio_chf,
2018,okp_nettoleistungen,19 – 20,19,20,per_capita_chf,1072.321666179668,CHF,chf_per_capita_year,
2018,okp_nettoleistungen,21 – 25,21,25,total_mio_chf,610.2410694143099,CHF,mio_chf,
2018,okp_nettoleistungen,21 – 25,21,25,per_capita_chf,1277.1868017257077,CHF,chf_per_capita_year,
2018,okp_nettoleistungen,26 – 30,26,30,total_mio_chf,906.3382087359099,CHF,mio_chf,
2018,okp_nettoleistungen,26 – 30,26,30,per_capita_chf,1573.8789872480816,CHF,chf_per_capita_year,
2018,okp_nettoleistungen,31 – 35,31,35,total_mio_chf,1131.8808281560098,CHF,mio_chf,
2018,okp_nettoleistungen,31 – 35,31,35,per_capita_chf,1877.9923417505906,CHF,chf_per_capita_year,
2018,okp_nettoleistungen,36 – 40,36,40,total_mio_chf,1162.59125682222,CHF,mio_chf,
2018,okp_nettoleistungen,36 – 40,36,40,per_capita_chf,1929.0868400120344,CHF,chf_per_capita_year,
2018,okp_nettoleistungen,41 – 45,41,45,total_mio_chf,1184.41707400515,CHF,mio_chf,
2018,okp_nettoleistungen,41 – 45,41,45,per_capita_chf,2034.1507305609016,CHF,chf_per_capita_year,
2018,okp_nettoleistungen,46 – 50,46,50,total_mio_chf,1534.95934730622,CHF,mio_chf,
2018,okp_nettoleistungen,46 – 50,46,50,per_capita_chf,2430.096035495071,CHF,chf_per_capita_year,
2018,okp_nettoleistungen,51 – 55,51,55,total_mio_chf,2002.4655709243298,CHF,mio_chf,
2018,okp_nettoleistungen,51 – 55,51,55,per_capita_chf,2994.3372090470375,CHF,chf_per_capita_year,
2018,okp_nettoleistungen,56 – 60,56,60,total_mio_chf,2126.0773823309496,CHF,mio_chf,
2018,okp_nettoleistungen,56 – 60,56,60,per_capita_chf,3630.2410257224155,CHF,chf_per_capita_year,
2018,okp_nettoleistungen,61 – 65,61,65,total_mio_chf,2216.4399372176995,CHF,mio_chf,
2018,okp_nettoleistungen,61 – 65,61,65,per_capita_chf,4580.759236861103,CHF,chf_per_capita_year,
2018,okp_nettoleistungen,66 – 70,66,70,total_mio_chf,2457.8805514566197,CHF,mio_chf,
2018,okp_nettoleistungen,66 – 70,66,70,per_capita_chf,5817.765079103899,CHF,chf_per_capita_year,
2018,okp_nettoleistungen,71 – 75,71,75,total_mio_chf,2834.4730955120303,CHF,mio_chf,
2018,okp_nettoleistungen,71 – 75,71,75,per_capita_chf,7366.443569438531,CHF,chf_per_capita_year,
2018,okp_nettoleistungen,76 – 80,76,80,total_mio_chf,2587.9127638749696,CHF,mio_chf,
2018,okp_nettoleistungen,76 – 80,76,80,per_capita_chf,9023.917618542799,CHF,chf_per_capita_year,
2018,okp_nettoleistungen,81 – 85,81,85,total_mio_chf,2327.53693076631,CHF,mio_chf,
2018,okp_nettoleistungen,81 – 85,81,85,per_capita_chf,11113.63513445566,CHF,chf_per_capita_year,
2018,okp_nettoleistungen,86 – 90,86,90,total_mio_chf,1784.6249782265306,CHF,mio_chf,
2018,okp_nettoleistungen,86 – 90,86,90,per_capita_chf,13547.600785274622,CHF,chf_per_capita_year,
2018,okp_nettoleistungen,91 – 95,91,95,total_mio_chf,912.22959696091,CHF,mio_chf,
2018,okp_nettoleistungen,91 – 95,91,95,per_capita_chf,16581.38951548795,CHF,chf_per_capita_year,
2018,okp_nettoleistungen,96 – 100,96,100,total_mio_chf,243.94309585631,CHF,mio_chf,
2018,okp_nettoleistungen,96 – 100,96,100,per_capita_chf,20092.286922731695,CHF,chf_per_capita_year,
2018,okp_nettoleistungen,> 100,100,100,total_mio_chf,27.161619092260004,CHF,mio_chf,
2018,okp_nettoleistungen,> 100,100,100,per_capita_chf,23618.729586753652,CHF,chf_per_capita_year,
2018,okp_bruttoleistungen,0 – 5,0,5,total_mio_chf,678.4728430730501,CHF,mio_chf,
2018,okp_bruttoleistungen,0 – 5,0,5,per_capita_chf,1409.3568569181311,CHF,chf_per_capita_year,
2018,okp_bruttoleistungen,6 – 10,6,10,total_mio_chf,416.65315602676003,CHF,mio_chf,
2018,okp_bruttoleistungen,6 – 10,6,10,per_capita_chf,973.0052375148522,CHF,chf_per_capita_year,
2018,okp_bruttoleistungen,11 – 15,11,15,total_mio_chf,498.05808571284007,CHF,mio_chf,
2018,okp_bruttoleistungen,11 – 15,11,15,per_capita_chf,1216.7325064501426,CHF,chf_per_capita_year,
2018,okp_bruttoleistungen,16 – 18,16,18,total_mio_chf,398.57952412250995,CHF,mio_chf,
2018,okp_bruttoleistungen,16 – 18,16,18,per_capita_chf,1587.2690532906602,CHF,chf_per_capita_year,
2018,okp_bruttoleistungen,19 – 20,19,20,total_mio_chf,263.99524366661,CHF,mio_chf,
2018,okp_bruttoleistungen,19 – 20,19,20,per_capita_chf,1517.355108205171,CHF,chf_per_capita_year,
2018,okp_bruttoleistungen,21 – 25,21,25,total_mio_chf,817.9078095053799,CHF,mio_chf,
2018,okp_bruttoleistungen,21 – 25,21,25,per_capita_chf,1711.8170370461135,CHF,chf_per_capita_year,
2018,okp_bruttoleistungen,26 – 30,26,30,total_mio_chf,1157.08840262623,CHF,mio_chf,
2018,okp_bruttoleistungen,26 – 30,26,30,per_capita_chf,2009.3129758060445,CHF,chf_per_capita_year,
2018,okp_bruttoleistungen,31 – 35,31,35,total_mio_chf,1417.5744105633098,CHF,mio_chf,
2018,okp_bruttoleistungen,31 – 35,31,35,per_capita_chf,2352.008993063859,CHF,chf_per_capita_year,
2018,okp_bruttoleistungen,36 – 40,36,40,total_mio_chf,1473.10374268426,CHF,mio_chf,
2018,okp_bruttoleistungen,36 – 40,36,40,per_capita_chf,2444.31998547124,CHF,chf_per_capita_year,
2018,okp_bruttoleistungen,41 – 45,41,45,total_mio_chf,1508.2470664917898,CHF,mio_chf,
2018,okp_bruttoleistungen,41 – 45,41,45,per_capita_chf,2590.3053404963584,CHF,chf_per_capita_year,
2018,okp_bruttoleistungen,46 – 50,46,50,total_mio_chf,1908.78077933879,CHF,mio_chf,
2018,okp_bruttoleistungen,46 – 50,46,50,per_capita_chf,3021.917559341729,CHF,chf_per_capita_year,
2018,okp_bruttoleistungen,51 – 55,51,55,total_mio_chf,2424.18130162696,CHF,mio_chf,
2018,okp_bruttoleistungen,51 – 55,51,55,per_capita_chf,3624.9393639197733,CHF,chf_per_capita_year,
2018,okp_bruttoleistungen,56 – 60,56,60,total_mio_chf,2516.2075998411196,CHF,mio_chf,
2018,okp_bruttoleistungen,56 – 60,56,60,per_capita_chf,4296.381747010128,CHF,chf_per_capita_year,
2018,okp_bruttoleistungen,61 – 65,61,65,total_mio_chf,2566.5066237757096,CHF,mio_chf,
2018,okp_bruttoleistungen,61 – 65,61,65,per_capita_chf,5304.248820784108,CHF,chf_per_capita_year,
2018,okp_bruttoleistungen,66 – 70,66,70,total_mio_chf,2790.87608606673,CHF,mio_chf,
2018,okp_bruttoleistungen,66 – 70,66,70,per_capita_chf,6605.960336031308,CHF,chf_per_capita_year,
2018,okp_bruttoleistungen,71 – 75,71,75,total_mio_chf,3161.3658442755004,CHF,mio_chf,
2018,okp_bruttoleistungen,71 – 75,71,75,per_capita_chf,8215.997227519647,CHF,chf_per_capita_year,
2018,okp_bruttoleistungen,76 – 80,76,80,total_mio_chf,2845.67248730404,CHF,mio_chf,
2018,okp_bruttoleistungen,76 – 80,76,80,per_capita_chf,9922.712408719382,CHF,chf_per_capita_year,
2018,okp_bruttoleistungen,81 – 85,81,85,total_mio_chf,2528.76689971483,CHF,mio_chf,
2018,okp_bruttoleistungen,81 – 85,81,85,per_capita_chf,12074.477655770837,CHF,chf_per_capita_year,
2018,okp_bruttoleistungen,86 – 90,86,90,total_mio_chf,1919.7282289772807,CHF,mio_chf,
2018,okp_bruttoleistungen,86 – 90,86,90,per_capita_chf,14573.208365743936,CHF,chf_per_capita_year,
2018,okp_bruttoleistungen,91 – 95,91,95,total_mio_chf,972.71594936853,CHF,mio_chf,
2018,okp_bruttoleistungen,91 – 95,91,95,per_capita_chf,17680.83616026152,CHF,chf_per_capita_year,
2018,okp_bruttoleistungen,96 – 100,96,100,total_mio_chf,258.17690695629,CHF,mio_chf,
2018,okp_bruttoleistungen,96 – 100,96,100,per_capita_chf,21264.64974620434,CHF,chf_per_capita_year,
2018,okp_bruttoleistungen,> 100,100,100,total_mio_chf,28.596501832880005,CHF,mio_chf,
2018,okp_bruttoleistungen,> 100,100,100,per_capita_chf,24866.45003096904,CHF,chf_per_capita_year,
2019,okp_premium,0 – 5,0,5,total_mio_chf,569.9231142389999,CHF,mio_chf,
2019,okp_premium,0 – 5,0,5,per_capita_chf,1175.3887287916527,CHF,chf_per_capita_year,
2019,okp_premium,6 – 10,6,10,total_mio_chf,506.78637992892993,CHF,mio_chf,
2019,okp_premium,6 – 10,6,10,per_capita_chf,1172.9242854933746,CHF,chf_per_capita_year,
2019,okp_premium,11 – 15,11,15,total_mio_chf,499.22932465752996,CHF,mio_chf,
2019,okp_premium,11 – 15,11,15,per_capita_chf,1199.3810144401853,CHF,chf_per_capita_year,
2019,okp_premium,16 – 18,16,18,total_mio_chf,296.41740140614996,CHF,mio_chf,
2019,okp_premium,16 – 18,16,18,per_capita_chf,1206.6229407087988,CHF,chf_per_capita_year,
2019,okp_premium,19 – 20,19,20,total_mio_chf,581.60741923324,CHF,mio_chf,
2019,okp_premium,19 – 20,19,20,per_capita_chf,3346.907165030217,CHF,chf_per_capita_year,
2019,okp_premium,21 – 25,21,25,total_mio_chf,1507.10171412008,CHF,mio_chf,
2019,okp_premium,21 – 25,21,25,per_capita_chf,3179.630461427665,CHF,chf_per_capita_year,
2019,okp_premium,26 – 30,26,30,total_mio_chf,2292.55811033082,CHF,mio_chf,
2019,okp_premium,26 – 30,26,30,per_capita_chf,3995.1580632580894,CHF,chf_per_capita_year,
2019,okp_premium,31 – 35,31,35,total_mio_chf,2422.49388031249,CHF,mio_chf,
2019,okp_premium,31 – 35,31,35,per_capita_chf,3961.431388957849,CHF,chf_per_capita_year,
2019,okp_premium,36 – 40,36,40,total_mio_chf,2470.41017313446,CHF,mio_chf,
2019,okp_premium,36 – 40,36,40,per_capita_chf,4039.575000045695,CHF,chf_per_capita_year,
2019,okp_premium,41 – 45,41,45,total_mio_chf,2428.59183171239,CHF,mio_chf,
2019,okp_premium,41 – 45,41,45,per_capita_chf,4155.005910153834,CHF,chf_per_capita_year,
2019,okp_premium,46 – 50,46,50,total_mio_chf,2634.45345322401,CHF,mio_chf,
2019,okp_premium,46 – 50,46,50,per_capita_chf,4253.31536705163,CHF,chf_per_capita_year,
2019,okp_premium,51 – 55,51,55,total_mio_chf,2919.1098874486997,CHF,mio_chf,
2019,okp_premium,51 – 55,51,55,per_capita_chf,4375.5601632887,CHF,chf_per_capita_year,
2019,okp_premium,56 – 60,56,60,total_mio_chf,2730.2143517261607,CHF,mio_chf,
2019,okp_premium,56 – 60,56,60,per_capita_chf,4512.712977107686,CHF,chf_per_capita_year,
2019,okp_premium,61 – 65,61,65,total_mio_chf,2343.79990925006,CHF,mio_chf,
2019,okp_premium,61 – 65,61,65,per_capita_chf,4723.673313482688,CHF,chf_per_capita_year,
2019,okp_premium,66 – 70,66,70,total_mio_chf,2098.5018314758,CHF,mio_chf,
2019,okp_premium,66 – 70,66,70,per_capita_chf,4979.374338949452,CHF,chf_per_capita_year,
2019,okp_premium,71 – 75,71,75,total_mio_chf,2006.82956620765,CHF,mio_chf,
2019,okp_premium,71 – 75,71,75,per_capita_chf,5135.008508253788,CHF,chf_per_capita_year,
2019,okp_premium,76 – 80,76,80,total_mio_chf,1576.9980016020497,CHF,mio_chf,
2019,okp_premium,76 – 80,76,80,per_capita_chf,5258.343101408965,CHF,chf_per_capita_year,
2019,okp_premium,81 – 85,81,85,total_mio_chf,1143.8040924334603,CHF,mio_chf,
2019,okp_premium,81 – 85,81,85,per_capita_chf,5372.878642171258,CHF,chf_per_capita_year,
2019,okp_premium,86 – 90,86,90,total_mio_chf,736.99231120945,CHF,mio_chf,
2019,okp_premium,86 – 90,86,90,per_capita_chf,5470.742760924197,CHF,chf_per_capita_year,
2019,okp_premium,91 – 95,91,95,total_mio_chf,315.33147126027,CHF,mio_chf,
2019,okp_premium,91 – 95,91,95,per_capita_chf,5562.685362524671,CHF,chf_per_capita_year,
2019,okp_premium,96 – 100,96,100,total_mio_chf,73.80415886488,CHF,mio_chf,
2019,okp_premium,96 – 100,96,100,per_capita_chf,5675.5618314360645,CHF,chf_per_capita_year,
2019,okp_premium,> 100,100,100,total_mio_chf,6.92759545986,CHF,mio_chf,
2019,okp_premium,> 100,100,100,per_capita_chf,5750.177929227894,CHF,chf_per_capita_year,
2019,praemienverbilligung,0 – 18,0,18,beneficiaries_count,602756.0,Anzahl,count,403d_coarse_0_18
2019,praemienverbilligung,0 – 18,0,18,beneficiary_rate,0.382,Anteil,rate,403d_coarse_0_18
2019,praemienverbilligung,0 – 18,0,18,total_mio_chf,509.13,CHF,mio_chf,403d_coarse_0_18
2019,praemienverbilligung,19 – 25,19,25,beneficiaries_count,274286.0,Anzahl,count,
2019,praemienverbilligung,19 – 25,19,25,beneficiary_rate,0.423,Anteil,rate,
2019,praemienverbilligung,19 – 25,19,25,total_mio_chf,571.745,CHF,mio_chf,
2019,praemienverbilligung,26 – 30,26,30,beneficiaries_count,176918.0,Anzahl,count,
2019,praemienverbilligung,26 – 30,26,30,beneficiary_rate,0.308,Anteil,rate,
2019,praemienverbilligung,26 – 30,26,30,total_mio_chf,408.944,CHF,mio_chf,
2019,praemienverbilligung,31 – 35,31,35,beneficiaries_count,157580.0,Anzahl,count,
2019,praemienverbilligung,31 – 35,31,35,beneficiary_rate,0.258,Anteil,rate,
2019,praemienverbilligung,31 – 35,31,35,total_mio_chf,344.83,CHF,mio_chf,
2019,praemienverbilligung,36 – 40,36,40,beneficiaries_count,159769.0,Anzahl,count,
2019,praemienverbilligung,36 – 40,36,40,beneficiary_rate,0.261,Anteil,rate,
2019,praemienverbilligung,36 – 40,36,40,total_mio_chf,340.6,CHF,mio_chf,
2019,praemienverbilligung,41 – 45,41,45,beneficiaries_count,140493.0,Anzahl,count,
2019,praemienverbilligung,41 – 45,41,45,beneficiary_rate,0.24,Anteil,rate,
2019,praemienverbilligung,41 – 45,41,45,total_mio_chf,309.243,CHF,mio_chf,
2019,praemienverbilligung,46 – 50,46,50,beneficiaries_count,127757.0,Anzahl,count,
2019,praemienverbilligung,46 – 50,46,50,beneficiary_rate,0.206,Anteil,rate,
2019,praemienverbilligung,46 – 50,46,50,total_mio_chf,302.085,CHF,mio_chf,
2019,praemienverbilligung,51 – 55,51,55,beneficiaries_count,119677.0,Anzahl,count,
2019,praemienverbilligung,51 – 55,51,55,beneficiary_rate,0.179,Anteil,rate,
2019,praemienverbilligung,51 – 55,51,55,total_mio_chf,315.694,CHF,mio_chf,
2019,praemienverbilligung,56 – 60,56,60,beneficiaries_count,101291.0,Anzahl,count,
2019,praemienverbilligung,56 – 60,56,60,beneficiary_rate,0.167,Anteil,rate,
2019,praemienverbilligung,56 – 60,56,60,total_mio_chf,300.008,CHF,mio_chf,
2019,praemienverbilligung,61 – 65,61,65,beneficiaries_count,88006.0,Anzahl,count,
2019,praemienverbilligung,61 – 65,61,65,beneficiary_rate,0.177,Anteil,rate,
2019,praemienverbilligung,61 – 65,61,65,total_mio_chf,286.902,CHF,mio_chf,
2019,praemienverbilligung,66 – 70,66,70,beneficiaries_count,78944.0,Anzahl,count,
2019,praemienverbilligung,66 – 70,66,70,beneficiary_rate,0.187,Anteil,rate,
2019,praemienverbilligung,66 – 70,66,70,total_mio_chf,280.406,CHF,mio_chf,
2019,praemienverbilligung,71 – 75,71,75,beneficiaries_count,72831.0,Anzahl,count,
2019,praemienverbilligung,71 – 75,71,75,beneficiary_rate,0.186,Anteil,rate,
2019,praemienverbilligung,71 – 75,71,75,total_mio_chf,256.815,CHF,mio_chf,
2019,praemienverbilligung,76 – 80,76,80,beneficiaries_count,63752.0,Anzahl,count,
2019,praemienverbilligung,76 – 80,76,80,beneficiary_rate,0.213,Anteil,rate,
2019,praemienverbilligung,76 – 80,76,80,total_mio_chf,225.159,CHF,mio_chf,
2019,praemienverbilligung,81 – 85,81,85,beneficiaries_count,56066.0,Anzahl,count,
2019,praemienverbilligung,81 – 85,81,85,beneficiary_rate,0.263,Anteil,rate,
2019,praemienverbilligung,81 – 85,81,85,total_mio_chf,201.784,CHF,mio_chf,
2019,praemienverbilligung,86 – 90,86,90,beneficiaries_count,43082.0,Anzahl,count,
2019,praemienverbilligung,86 – 90,86,90,beneficiary_rate,0.32,Anteil,rate,
2019,praemienverbilligung,86 – 90,86,90,total_mio_chf,159.751,CHF,mio_chf,
2019,okp_kostenbeteiligung,0 – 5,0,5,total_mio_chf,62.72129843833001,CHF,mio_chf,
2019,okp_kostenbeteiligung,0 – 5,0,5,per_capita_chf,129.35412759671817,CHF,chf_per_capita_year,
2019,okp_kostenbeteiligung,6 – 10,6,10,total_mio_chf,38.869695887659994,CHF,mio_chf,
2019,okp_kostenbeteiligung,6 – 10,6,10,per_capita_chf,89.96139612665186,CHF,chf_per_capita_year,
2019,okp_kostenbeteiligung,11 – 15,11,15,total_mio_chf,43.16288185526,CHF,mio_chf,
2019,okp_kostenbeteiligung,11 – 15,11,15,per_capita_chf,103.69731598046013,CHF,chf_per_capita_year,
2019,okp_kostenbeteiligung,16 – 18,16,18,total_mio_chf,33.92045063567,CHF,mio_chf,
2019,okp_kostenbeteiligung,16 – 18,16,18,per_capita_chf,138.07959216300785,CHF,chf_per_capita_year,
2019,okp_kostenbeteiligung,19 – 20,19,20,total_mio_chf,79.15772580146,CHF,mio_chf,
2019,okp_kostenbeteiligung,19 – 20,19,20,per_capita_chf,455.5195667924559,CHF,chf_per_capita_year,
2019,okp_kostenbeteiligung,21 – 25,21,25,total_mio_chf,216.67276135655004,CHF,mio_chf,
2019,okp_kostenbeteiligung,21 – 25,21,25,per_capita_chf,457.1286103096035,CHF,chf_per_capita_year,
2019,okp_kostenbeteiligung,26 – 30,26,30,total_mio_chf,261.51960244533,CHF,mio_chf,
2019,okp_kostenbeteiligung,26 – 30,26,30,per_capita_chf,455.74074816308234,CHF,chf_per_capita_year,
2019,okp_kostenbeteiligung,31 – 35,31,35,total_mio_chf,301.15343699657,CHF,mio_chf,
2019,okp_kostenbeteiligung,31 – 35,31,35,per_capita_chf,492.46715870211455,CHF,chf_per_capita_year,
2019,okp_kostenbeteiligung,36 – 40,36,40,total_mio_chf,326.7007755768099,CHF,mio_chf,
2019,okp_kostenbeteiligung,36 – 40,36,40,per_capita_chf,534.2158560823697,CHF,chf_per_capita_year,
2019,okp_kostenbeteiligung,41 – 45,41,45,total_mio_chf,333.84795717464004,CHF,mio_chf,
2019,okp_kostenbeteiligung,41 – 45,41,45,per_capita_chf,571.1705923738311,CHF,chf_per_capita_year,
2019,okp_kostenbeteiligung,46 – 50,46,50,total_mio_chf,377.7845131246799,CHF,mio_chf,
2019,okp_kostenbeteiligung,46 – 50,46,50,per_capita_chf,609.9317006876298,CHF,chf_per_capita_year,
2019,okp_kostenbeteiligung,51 – 55,51,55,total_mio_chf,434.50607154524994,CHF,mio_chf,
2019,okp_kostenbeteiligung,51 – 55,51,55,per_capita_chf,651.2969811568552,CHF,chf_per_capita_year,
2019,okp_kostenbeteiligung,56 – 60,56,60,total_mio_chf,413.16041517016,CHF,mio_chf,
2019,okp_kostenbeteiligung,56 – 60,56,60,per_capita_chf,682.9040239960567,CHF,chf_per_capita_year,
2019,okp_kostenbeteiligung,61 – 65,61,65,total_mio_chf,366.21095882481,CHF,mio_chf,
2019,okp_kostenbeteiligung,61 – 65,61,65,per_capita_chf,738.0582815446742,CHF,chf_per_capita_year,
2019,okp_kostenbeteiligung,66 – 70,66,70,total_mio_chf,337.33706709059993,CHF,mio_chf,
2019,okp_kostenbeteiligung,66 – 70,66,70,per_capita_chf,800.4413006712088,CHF,chf_per_capita_year,
2019,okp_kostenbeteiligung,71 – 75,71,75,total_mio_chf,335.25497098743,CHF,mio_chf,
2019,okp_kostenbeteiligung,71 – 75,71,75,per_capita_chf,857.8392293213302,CHF,chf_per_capita_year,
2019,okp_kostenbeteiligung,76 – 80,76,80,total_mio_chf,273.00491902426,CHF,mio_chf,
2019,okp_kostenbeteiligung,76 – 80,76,80,per_capita_chf,910.3077690292392,CHF,chf_per_capita_year,
2019,okp_kostenbeteiligung,81 – 85,81,85,total_mio_chf,206.28817691217,CHF,mio_chf,
2019,okp_kostenbeteiligung,81 – 85,81,85,per_capita_chf,969.0132665164618,CHF,chf_per_capita_year,
2019,okp_kostenbeteiligung,86 – 90,86,90,total_mio_chf,139.43911247371,CHF,mio_chf,
2019,okp_kostenbeteiligung,86 – 90,86,90,per_capita_chf,1035.0657714507001,CHF,chf_per_capita_year,
2019,okp_kostenbeteiligung,91 – 95,91,95,total_mio_chf,62.87715331297,CHF,mio_chf,
2019,okp_kostenbeteiligung,91 – 95,91,95,per_capita_chf,1109.2004834575685,CHF,chf_per_capita_year,
2019,okp_kostenbeteiligung,96 – 100,96,100,total_mio_chf,15.28830047233,CHF,mio_chf,
2019,okp_kostenbeteiligung,96 – 100,96,100,per_capita_chf,1175.6748666039173,CHF,chf_per_capita_year,
2019,okp_kostenbeteiligung,> 100,100,100,total_mio_chf,1.48664634658,CHF,mio_chf,
2019,okp_kostenbeteiligung,> 100,100,100,per_capita_chf,1233.975202536488,CHF,chf_per_capita_year,
2019,okp_nettoleistungen,0 – 5,0,5,total_mio_chf,640.2289058028301,CHF,mio_chf,
2019,okp_nettoleistungen,0 – 5,0,5,per_capita_chf,1320.3848395095752,CHF,chf_per_capita_year,
2019,okp_nettoleistungen,6 – 10,6,10,total_mio_chf,400.94137084360995,CHF,mio_chf,
2019,okp_nettoleistungen,6 – 10,6,10,per_capita_chf,927.9528605078632,CHF,chf_per_capita_year,
2019,okp_nettoleistungen,11 – 15,11,15,total_mio_chf,480.06157014086,CHF,mio_chf,
2019,okp_nettoleistungen,11 – 15,11,15,per_capita_chf,1153.3311537423692,CHF,chf_per_capita_year,
2019,okp_nettoleistungen,16 – 18,16,18,total_mio_chf,377.21282692514,CHF,mio_chf,
2019,okp_nettoleistungen,16 – 18,16,18,per_capita_chf,1535.5159593813516,CHF,chf_per_capita_year,
2019,okp_nettoleistungen,19 – 20,19,20,total_mio_chf,205.09972806140996,CHF,mio_chf,
2019,okp_nettoleistungen,19 – 20,19,20,per_capita_chf,1180.2630549305245,CHF,chf_per_capita_year,
2019,okp_nettoleistungen,21 – 25,21,25,total_mio_chf,649.88617659878,CHF,mio_chf,
2019,okp_nettoleistungen,21 – 25,21,25,per_capita_chf,1371.1071152093436,CHF,chf_per_capita_year,
2019,okp_nettoleistungen,26 – 30,26,30,total_mio_chf,944.7696570911598,CHF,mio_chf,
2019,okp_nettoleistungen,26 – 30,26,30,per_capita_chf,1646.415895169898,CHF,chf_per_capita_year,
2019,okp_nettoleistungen,31 – 35,31,35,total_mio_chf,1189.45348470217,CHF,mio_chf,
2019,okp_nettoleistungen,31 – 35,31,35,per_capita_chf,1945.0775121861832,CHF,chf_per_capita_year,
2019,okp_nettoleistungen,36 – 40,36,40,total_mio_chf,1222.0266910014602,CHF,mio_chf,
2019,okp_nettoleistungen,36 – 40,36,40,per_capita_chf,1998.238399453588,CHF,chf_per_capita_year,
2019,okp_nettoleistungen,41 – 45,41,45,total_mio_chf,1230.3891969017197,CHF,mio_chf,
2019,okp_nettoleistungen,41 – 45,41,45,per_capita_chf,2105.0364734659556,CHF,chf_per_capita_year,
2019,okp_nettoleistungen,46 – 50,46,50,total_mio_chf,1554.48961811413,CHF,mio_chf,
2019,okp_nettoleistungen,46 – 50,46,50,per_capita_chf,2509.7177452711094,CHF,chf_per_capita_year,
2019,okp_nettoleistungen,51 – 55,51,55,total_mio_chf,2068.15452499199,CHF,mio_chf,
2019,okp_nettoleistungen,51 – 55,51,55,per_capita_chf,3100.0321673362314,CHF,chf_per_capita_year,
2019,okp_nettoleistungen,56 – 60,56,60,total_mio_chf,2272.18858751368,CHF,mio_chf,
2019,okp_nettoleistungen,56 – 60,56,60,per_capita_chf,3755.6519761263835,CHF,chf_per_capita_year,
2019,okp_nettoleistungen,61 – 65,61,65,total_mio_chf,2334.03278135015,CHF,mio_chf,
2019,okp_nettoleistungen,61 – 65,61,65,per_capita_chf,4703.988731523241,CHF,chf_per_capita_year,
2019,okp_nettoleistungen,66 – 70,66,70,total_mio_chf,2538.4359627457206,CHF,mio_chf,
2019,okp_nettoleistungen,66 – 70,66,70,per_capita_chf,6023.260358592759,CHF,chf_per_capita_year,
2019,okp_nettoleistungen,71 – 75,71,75,total_mio_chf,2991.93369567207,CHF,mio_chf,
2019,okp_nettoleistungen,71 – 75,71,75,per_capita_chf,7655.660073037603,CHF,chf_per_capita_year,
2019,okp_nettoleistungen,76 – 80,76,80,total_mio_chf,2796.6158315749203,CHF,mio_chf,
2019,okp_nettoleistungen,76 – 80,76,80,per_capita_chf,9325.037539878873,CHF,chf_per_capita_year,
2019,okp_nettoleistungen,81 – 85,81,85,total_mio_chf,2432.88445314712,CHF,mio_chf,
2019,okp_nettoleistungen,81 – 85,81,85,per_capita_chf,11428.17463554852,CHF,chf_per_capita_year,
2019,okp_nettoleistungen,86 – 90,86,90,total_mio_chf,1888.7103348927803,CHF,mio_chf,
2019,okp_nettoleistungen,86 – 90,86,90,per_capita_chf,14020.021966227676,CHF,chf_per_capita_year,
2019,okp_nettoleistungen,91 – 95,91,95,total_mio_chf,970.44027479851,CHF,mio_chf,
2019,okp_nettoleistungen,91 – 95,91,95,per_capita_chf,17119.29954295761,CHF,chf_per_capita_year,
2019,okp_nettoleistungen,96 – 100,96,100,total_mio_chf,266.44346000725994,CHF,mio_chf,
2019,okp_nettoleistungen,96 – 100,96,100,per_capita_chf,20489.581550838055,CHF,chf_per_capita_year,
2019,okp_nettoleistungen,> 100,100,100,total_mio_chf,28.035756579030007,CHF,mio_chf,
2019,okp_nettoleistungen,> 100,100,100,per_capita_chf,23270.785605775254,CHF,chf_per_capita_year,
2019,okp_bruttoleistungen,0 – 5,0,5,total_mio_chf,702.9502042411601,CHF,mio_chf,
2019,okp_bruttoleistungen,0 – 5,0,5,per_capita_chf,1449.7389671062933,CHF,chf_per_capita_year,
2019,okp_bruttoleistungen,6 – 10,6,10,total_mio_chf,439.81106673126993,CHF,mio_chf,
2019,okp_bruttoleistungen,6 – 10,6,10,per_capita_chf,1017.9142566345151,CHF,chf_per_capita_year,
2019,okp_bruttoleistungen,11 – 15,11,15,total_mio_chf,523.22445199612,CHF,mio_chf,
2019,okp_bruttoleistungen,11 – 15,11,15,per_capita_chf,1257.0284697228292,CHF,chf_per_capita_year,
2019,okp_bruttoleistungen,16 – 18,16,18,total_mio_chf,411.13327756081003,CHF,mio_chf,
2019,okp_bruttoleistungen,16 – 18,16,18,per_capita_chf,1673.5955515443595,CHF,chf_per_capita_year,
2019,okp_bruttoleistungen,19 – 20,19,20,total_mio_chf,284.25745386286997,CHF,mio_chf,
2019,okp_bruttoleistungen,19 – 20,19,20,per_capita_chf,1635.7826217229804,CHF,chf_per_capita_year,
2019,okp_bruttoleistungen,21 – 25,21,25,total_mio_chf,866.5589379553301,CHF,mio_chf,
2019,okp_bruttoleistungen,21 – 25,21,25,per_capita_chf,1828.2357255189472,CHF,chf_per_capita_year,
2019,okp_bruttoleistungen,26 – 30,26,30,total_mio_chf,1206.28925953649,CHF,mio_chf,
2019,okp_bruttoleistungen,26 – 30,26,30,per_capita_chf,2102.156643332981,CHF,chf_per_capita_year,
2019,okp_bruttoleistungen,31 – 35,31,35,total_mio_chf,1490.60692169874,CHF,mio_chf,
2019,okp_bruttoleistungen,31 – 35,31,35,per_capita_chf,2437.5446708882973,CHF,chf_per_capita_year,
2019,okp_bruttoleistungen,36 – 40,36,40,total_mio_chf,1548.7274665782702,CHF,mio_chf,
2019,okp_bruttoleistungen,36 – 40,36,40,per_capita_chf,2532.4542555359576,CHF,chf_per_capita_year,
2019,okp_bruttoleistungen,41 – 45,41,45,total_mio_chf,1564.2371540763597,CHF,mio_chf,
2019,okp_bruttoleistungen,41 – 45,41,45,per_capita_chf,2676.207065839786,CHF,chf_per_capita_year,
2019,okp_bruttoleistungen,46 – 50,46,50,total_mio_chf,1932.27413123881,CHF,mio_chf,
2019,okp_bruttoleistungen,46 – 50,46,50,per_capita_chf,3119.6494459587393,CHF,chf_per_capita_year,
2019,okp_bruttoleistungen,51 – 55,51,55,total_mio_chf,2502.66059653724,CHF,mio_chf,
2019,okp_bruttoleistungen,51 – 55,51,55,per_capita_chf,3751.3291484930864,CHF,chf_per_capita_year,
2019,okp_bruttoleistungen,56 – 60,56,60,total_mio_chf,2685.34900268384,CHF,mio_chf,
2019,okp_bruttoleistungen,56 – 60,56,60,per_capita_chf,4438.556000122439,CHF,chf_per_capita_year,
2019,okp_bruttoleistungen,61 – 65,61,65,total_mio_chf,2700.24374017496,CHF,mio_chf,
2019,okp_bruttoleistungen,61 – 65,61,65,per_capita_chf,5442.047013067914,CHF,chf_per_capita_year,
2019,okp_bruttoleistungen,66 – 70,66,70,total_mio_chf,2875.7730298363203,CHF,mio_chf,
2019,okp_bruttoleistungen,66 – 70,66,70,per_capita_chf,6823.701659263967,CHF,chf_per_capita_year,
2019,okp_bruttoleistungen,71 – 75,71,75,total_mio_chf,3327.1886666595,CHF,mio_chf,
2019,okp_bruttoleistungen,71 – 75,71,75,per_capita_chf,8513.499302358934,CHF,chf_per_capita_year,
2019,okp_bruttoleistungen,76 – 80,76,80,total_mio_chf,3069.62075059918,CHF,mio_chf,
2019,okp_bruttoleistungen,76 – 80,76,80,per_capita_chf,10235.345308908112,CHF,chf_per_capita_year,
2019,okp_bruttoleistungen,81 – 85,81,85,total_mio_chf,2639.17263005929,CHF,mio_chf,
2019,okp_bruttoleistungen,81 – 85,81,85,per_capita_chf,12397.18790206498,CHF,chf_per_capita_year,
2019,okp_bruttoleistungen,86 – 90,86,90,total_mio_chf,2028.1494473664904,CHF,mio_chf,
2019,okp_bruttoleistungen,86 – 90,86,90,per_capita_chf,15055.087737678377,CHF,chf_per_capita_year,
2019,okp_bruttoleistungen,91 – 95,91,95,total_mio_chf,1033.31742811148,CHF,mio_chf,
2019,okp_bruttoleistungen,91 – 95,91,95,per_capita_chf,18228.50002641518,CHF,chf_per_capita_year,
2019,okp_bruttoleistungen,96 – 100,96,100,total_mio_chf,281.7317604795899,CHF,mio_chf,
2019,okp_bruttoleistungen,96 – 100,96,100,per_capita_chf,21665.25641744197,CHF,chf_per_capita_year,
2019,okp_bruttoleistungen,> 100,100,100,total_mio_chf,29.522402925610006,CHF,mio_chf,
2019,okp_bruttoleistungen,> 100,100,100,per_capita_chf,24504.76080831174,CHF,chf_per_capita_year,
2020,okp_premium,0 – 5,0,5,total_mio_chf,576.40448966624,CHF,mio_chf,
2020,okp_premium,0 – 5,0,5,per_capita_chf,1188.4593500980063,CHF,chf_per_capita_year,
2020,okp_premium,6 – 10,6,10,total_mio_chf,518.47191710084,CHF,mio_chf,
2020,okp_premium,6 – 10,6,10,per_capita_chf,1185.9953505197277,CHF,chf_per_capita_year,
2020,okp_premium,11 – 15,11,15,total_mio_chf,512.32926247683,CHF,mio_chf,
2020,okp_premium,11 – 15,11,15,per_capita_chf,1212.3608786565292,CHF,chf_per_capita_year,
2020,okp_premium,16 – 18,16,18,total_mio_chf,301.8279405932,CHF,mio_chf,
2020,okp_premium,16 – 18,16,18,per_capita_chf,1221.7218732009467,CHF,chf_per_capita_year,
2020,okp_premium,19 – 20,19,20,total_mio_chf,560.7696451791799,CHF,mio_chf,
2020,okp_premium,19 – 20,19,20,per_capita_chf,3313.0455599314105,CHF,chf_per_capita_year,
2020,okp_premium,21 – 25,21,25,total_mio_chf,1453.36417333605,CHF,mio_chf,
2020,okp_premium,21 – 25,21,25,per_capita_chf,3096.9540687409885,CHF,chf_per_capita_year,
2020,okp_premium,26 – 30,26,30,total_mio_chf,2286.62685309097,CHF,mio_chf,
2020,okp_premium,26 – 30,26,30,per_capita_chf,4008.9603174041026,CHF,chf_per_capita_year,
2020,okp_premium,31 – 35,31,35,total_mio_chf,2454.4107496360402,CHF,mio_chf,
2020,okp_premium,31 – 35,31,35,per_capita_chf,3972.2029149114915,CHF,chf_per_capita_year,
2020,okp_premium,36 – 40,36,40,total_mio_chf,2507.40682428125,CHF,mio_chf,
2020,okp_premium,36 – 40,36,40,per_capita_chf,4044.0624310883945,CHF,chf_per_capita_year,
2020,okp_premium,41 – 45,41,45,total_mio_chf,2449.21204831942,CHF,mio_chf,
2020,okp_premium,41 – 45,41,45,per_capita_chf,4156.201107433802,CHF,chf_per_capita_year,
2020,okp_premium,46 – 50,46,50,total_mio_chf,2597.63409700418,CHF,mio_chf,
2020,okp_premium,46 – 50,46,50,per_capita_chf,4262.40837183442,CHF,chf_per_capita_year,
2020,okp_premium,51 – 55,51,55,total_mio_chf,2888.8105213724402,CHF,mio_chf,
2020,okp_premium,51 – 55,51,55,per_capita_chf,4379.441844951363,CHF,chf_per_capita_year,
2020,okp_premium,56 – 60,56,60,total_mio_chf,2818.5059793104997,CHF,mio_chf,
2020,okp_premium,56 – 60,56,60,per_capita_chf,4512.511769708438,CHF,chf_per_capita_year,
2020,okp_premium,61 – 65,61,65,total_mio_chf,2410.7895574375098,CHF,mio_chf,
2020,okp_premium,61 – 65,61,65,per_capita_chf,4723.751510580582,CHF,chf_per_capita_year,
2020,okp_premium,66 – 70,66,70,total_mio_chf,2115.66903096169,CHF,mio_chf,
2020,okp_premium,66 – 70,66,70,per_capita_chf,4983.867569942772,CHF,chf_per_capita_year,
2020,okp_premium,71 – 75,71,75,total_mio_chf,2020.13885225945,CHF,mio_chf,
2020,okp_premium,71 – 75,71,75,per_capita_chf,5139.493380220334,CHF,chf_per_capita_year,
2020,okp_premium,76 – 80,76,80,total_mio_chf,1650.13576909268,CHF,mio_chf,
2020,okp_premium,76 – 80,76,80,per_capita_chf,5261.044750028085,CHF,chf_per_capita_year,
2020,okp_premium,81 – 85,81,85,total_mio_chf,1161.89949433079,CHF,mio_chf,
2020,okp_premium,81 – 85,81,85,per_capita_chf,5370.272963558745,CHF,chf_per_capita_year,
2020,okp_premium,86 – 90,86,90,total_mio_chf,753.4170581394501,CHF,mio_chf,
2020,okp_premium,86 – 90,86,90,per_capita_chf,5465.698880500008,CHF,chf_per_capita_year,
2020,okp_premium,91 – 95,91,95,total_mio_chf,324.53349113112,CHF,mio_chf,
2020,okp_premium,91 – 95,91,95,per_capita_chf,5557.853403107238,CHF,chf_per_capita_year,
2020,okp_premium,96 – 100,96,100,total_mio_chf,77.86166589877,CHF,mio_chf,
2020,okp_premium,96 – 100,96,100,per_capita_chf,5658.723501167271,CHF,chf_per_capita_year,
2020,okp_premium,> 100,100,100,total_mio_chf,7.312932184639999,CHF,mio_chf,
2020,okp_premium,> 100,100,100,per_capita_chf,5711.782697371239,CHF,chf_per_capita_year,
2020,praemienverbilligung,0 – 18,0,18,beneficiaries_count,623467.0,Anzahl,count,403d_coarse_0_18
2020,praemienverbilligung,0 – 18,0,18,beneficiary_rate,0.391673556619604,Anteil,rate,403d_coarse_0_18
2020,praemienverbilligung,0 – 18,0,18,total_mio_chf,597.498996183382,CHF,mio_chf,403d_coarse_0_18
2020,praemienverbilligung,19 – 25,19,25,beneficiaries_count,263202.0,Anzahl,count,
2020,praemienverbilligung,19 – 25,19,25,beneficiary_rate,0.41218741961666,Anteil,rate,
2020,praemienverbilligung,19 – 25,19,25,total_mio_chf,574.95851561907,CHF,mio_chf,
2020,praemienverbilligung,26 – 30,26,30,beneficiaries_count,181426.0,Anzahl,count,
2020,praemienverbilligung,26 – 30,26,30,beneficiary_rate,0.318079722348306,Anteil,rate,
2020,praemienverbilligung,26 – 30,26,30,total_mio_chf,454.445961551604,CHF,mio_chf,
2020,praemienverbilligung,31 – 35,31,35,beneficiaries_count,161222.0,Anzahl,count,
2020,praemienverbilligung,31 – 35,31,35,beneficiary_rate,0.260920670447204,Anteil,rate,
2020,praemienverbilligung,31 – 35,31,35,total_mio_chf,388.82083398478,CHF,mio_chf,
2020,praemienverbilligung,36 – 40,36,40,beneficiaries_count,163250.0,Anzahl,count,
2020,praemienverbilligung,36 – 40,36,40,beneficiary_rate,0.263297198317399,Anteil,rate,
2020,praemienverbilligung,36 – 40,36,40,total_mio_chf,388.596589884424,CHF,mio_chf,
2020,praemienverbilligung,41 – 45,41,45,beneficiaries_count,143575.0,Anzahl,count,
2020,praemienverbilligung,41 – 45,41,45,beneficiary_rate,0.243640224785463,Anteil,rate,
2020,praemienverbilligung,41 – 45,41,45,total_mio_chf,348.871422118586,CHF,mio_chf,
2020,praemienverbilligung,46 – 50,46,50,beneficiaries_count,127576.0,Anzahl,count,
2020,praemienverbilligung,46 – 50,46,50,beneficiary_rate,0.209337031367229,Anteil,rate,
2020,praemienverbilligung,46 – 50,46,50,total_mio_chf,332.71455718035,CHF,mio_chf,
2020,praemienverbilligung,51 – 55,51,55,beneficiaries_count,120559.0,Anzahl,count,
2020,praemienverbilligung,51 – 55,51,55,beneficiary_rate,0.182767656611363,Anteil,rate,
2020,praemienverbilligung,51 – 55,51,55,total_mio_chf,340.958942367447,CHF,mio_chf,
2020,praemienverbilligung,56 – 60,56,60,beneficiaries_count,107894.0,Anzahl,count,
2020,praemienverbilligung,56 – 60,56,60,beneficiary_rate,0.17274149796199,Anteil,rate,
2020,praemienverbilligung,56 – 60,56,60,total_mio_chf,335.68749701131,CHF,mio_chf,
2020,praemienverbilligung,61 – 65,61,65,beneficiaries_count,93131.0,Anzahl,count,
2020,praemienverbilligung,61 – 65,61,65,beneficiary_rate,0.182482830396648,Anteil,rate,
2020,praemienverbilligung,61 – 65,61,65,total_mio_chf,317.486211410394,CHF,mio_chf,
2020,praemienverbilligung,66 – 70,66,70,beneficiaries_count,82478.0,Anzahl,count,
2020,praemienverbilligung,66 – 70,66,70,beneficiary_rate,0.194292880133,Anteil,rate,
2020,praemienverbilligung,66 – 70,66,70,total_mio_chf,306.425659375262,CHF,mio_chf,
2020,praemienverbilligung,71 – 75,71,75,beneficiaries_count,76295.0,Anzahl,count,
2020,praemienverbilligung,71 – 75,71,75,beneficiary_rate,0.194104304763676,Anteil,rate,
2020,praemienverbilligung,71 – 75,71,75,total_mio_chf,280.092771753058,CHF,mio_chf,
2020,praemienverbilligung,76 – 80,76,80,beneficiaries_count,67292.0,Anzahl,count,
2020,praemienverbilligung,76 – 80,76,80,beneficiary_rate,0.214543693888625,Anteil,rate,
2020,praemienverbilligung,76 – 80,76,80,total_mio_chf,246.418495048788,CHF,mio_chf,
2020,praemienverbilligung,81 – 85,81,85,beneficiaries_count,57247.0,Anzahl,count,
2020,praemienverbilligung,81 – 85,81,85,beneficiary_rate,0.264594328377702,Anteil,rate,
2020,praemienverbilligung,81 – 85,81,85,total_mio_chf,213.779355629205,CHF,mio_chf,
2020,praemienverbilligung,86 – 90,86,90,beneficiaries_count,43882.0,Anzahl,count,
2020,praemienverbilligung,86 – 90,86,90,beneficiary_rate,0.318343997767181,Anteil,rate,
2020,praemienverbilligung,86 – 90,86,90,total_mio_chf,169.16578682508,CHF,mio_chf,
2020,okp_kostenbeteiligung,0 – 5,0,5,total_mio_chf,56.9724140819,CHF,mio_chf,
2020,okp_kostenbeteiligung,0 – 5,0,5,per_capita_chf,117.46854756890545,CHF,chf_per_capita_year,
2020,okp_kostenbeteiligung,6 – 10,6,10,total_mio_chf,36.55788200008,CHF,mio_chf,
2020,okp_kostenbeteiligung,6 – 10,6,10,per_capita_chf,83.62550920672321,CHF,chf_per_capita_year,
2020,okp_kostenbeteiligung,11 – 15,11,15,total_mio_chf,42.10156125281,CHF,mio_chf,
2020,okp_kostenbeteiligung,11 – 15,11,15,per_capita_chf,99.62789465998303,CHF,chf_per_capita_year,
2020,okp_kostenbeteiligung,16 – 18,16,18,total_mio_chf,32.51018271294,CHF,mio_chf,
2020,okp_kostenbeteiligung,16 – 18,16,18,per_capita_chf,131.59285798424494,CHF,chf_per_capita_year,
2020,okp_kostenbeteiligung,19 – 20,19,20,total_mio_chf,75.63882547296,CHF,mio_chf,
2020,okp_kostenbeteiligung,19 – 20,19,20,per_capita_chf,446.87667573651504,CHF,chf_per_capita_year,
2020,okp_kostenbeteiligung,21 – 25,21,25,total_mio_chf,214.46814689932,CHF,mio_chf,
2020,okp_kostenbeteiligung,21 – 25,21,25,per_capita_chf,457.0072748047656,CHF,chf_per_capita_year,
2020,okp_kostenbeteiligung,26 – 30,26,30,total_mio_chf,263.6588464595,CHF,mio_chf,
2020,okp_kostenbeteiligung,26 – 30,26,30,per_capita_chf,462.2520073005657,CHF,chf_per_capita_year,
2020,okp_kostenbeteiligung,31 – 35,31,35,total_mio_chf,306.88504234888,CHF,mio_chf,
2020,okp_kostenbeteiligung,31 – 35,31,35,per_capita_chf,496.6608217233901,CHF,chf_per_capita_year,
2020,okp_kostenbeteiligung,36 – 40,36,40,total_mio_chf,329.8480500545501,CHF,mio_chf,
2020,okp_kostenbeteiligung,36 – 40,36,40,per_capita_chf,531.9942875946113,CHF,chf_per_capita_year,
2020,okp_kostenbeteiligung,41 – 45,41,45,total_mio_chf,333.23895353209997,CHF,mio_chf,
2020,okp_kostenbeteiligung,41 – 45,41,45,per_capita_chf,565.4913010331419,CHF,chf_per_capita_year,
2020,okp_kostenbeteiligung,46 – 50,46,50,total_mio_chf,369.57103222124005,CHF,mio_chf,
2020,okp_kostenbeteiligung,46 – 50,46,50,per_capita_chf,606.4220759744543,CHF,chf_per_capita_year,
2020,okp_kostenbeteiligung,51 – 55,51,55,total_mio_chf,430.08419123550993,CHF,mio_chf,
2020,okp_kostenbeteiligung,51 – 55,51,55,per_capita_chf,652.0083923863631,CHF,chf_per_capita_year,
2020,okp_kostenbeteiligung,56 – 60,56,60,total_mio_chf,424.13266461596,CHF,mio_chf,
2020,okp_kostenbeteiligung,56 – 60,56,60,per_capita_chf,679.0489908648431,CHF,chf_per_capita_year,
2020,okp_kostenbeteiligung,61 – 65,61,65,total_mio_chf,374.33568105855005,CHF,mio_chf,
2020,okp_kostenbeteiligung,61 – 65,61,65,per_capita_chf,733.4811673666263,CHF,chf_per_capita_year,
2020,okp_kostenbeteiligung,66 – 70,66,70,total_mio_chf,335.67579964350006,CHF,mio_chf,
2020,okp_kostenbeteiligung,66 – 70,66,70,per_capita_chf,790.7492653032746,CHF,chf_per_capita_year,
2020,okp_kostenbeteiligung,71 – 75,71,75,total_mio_chf,333.78788473736,CHF,mio_chf,
2020,okp_kostenbeteiligung,71 – 75,71,75,per_capita_chf,849.1993617600524,CHF,chf_per_capita_year,
2020,okp_kostenbeteiligung,76 – 80,76,80,total_mio_chf,282.23281505417003,CHF,mio_chf,
2020,okp_kostenbeteiligung,76 – 80,76,80,per_capita_chf,899.8286672755546,CHF,chf_per_capita_year,
2020,okp_kostenbeteiligung,81 – 85,81,85,total_mio_chf,206.61086809728,CHF,mio_chf,
2020,okp_kostenbeteiligung,81 – 85,81,85,per_capita_chf,954.950720207764,CHF,chf_per_capita_year,
2020,okp_kostenbeteiligung,86 – 90,86,90,total_mio_chf,140.67038628804,CHF,mio_chf,
2020,okp_kostenbeteiligung,86 – 90,86,90,per_capita_chf,1020.4998208465504,CHF,chf_per_capita_year,
2020,okp_kostenbeteiligung,91 – 95,91,95,total_mio_chf,63.748809109590006,CHF,mio_chf,
2020,okp_kostenbeteiligung,91 – 95,91,95,per_capita_chf,1091.7410539629618,CHF,chf_per_capita_year,
2020,okp_kostenbeteiligung,96 – 100,96,100,total_mio_chf,16.132173956690004,CHF,mio_chf,
2020,okp_kostenbeteiligung,96 – 100,96,100,per_capita_chf,1172.4320413632765,CHF,chf_per_capita_year,
2020,okp_kostenbeteiligung,> 100,100,100,total_mio_chf,1.5552280872200002,CHF,mio_chf,
2020,okp_kostenbeteiligung,> 100,100,100,per_capita_chf,1214.714515978554,CHF,chf_per_capita_year,
2020,okp_nettoleistungen,0 – 5,0,5,total_mio_chf,573.8842004204402,CHF,mio_chf,
2020,okp_nettoleistungen,0 – 5,0,5,per_capita_chf,1183.2628927961964,CHF,chf_per_capita_year,
2020,okp_nettoleistungen,6 – 10,6,10,total_mio_chf,379.12215287389995,CHF,mio_chf,
2020,okp_nettoleistungen,6 – 10,6,10,per_capita_chf,867.2352267442535,CHF,chf_per_capita_year,
2020,okp_nettoleistungen,11 – 15,11,15,total_mio_chf,474.95967531469,CHF,mio_chf,
2020,okp_nettoleistungen,11 – 15,11,15,per_capita_chf,1123.9305881283306,CHF,chf_per_capita_year,
2020,okp_nettoleistungen,16 – 18,16,18,total_mio_chf,379.31821730293007,CHF,mio_chf,
2020,okp_nettoleistungen,16 – 18,16,18,per_capita_chf,1535.3825827780904,CHF,chf_per_capita_year,
2020,okp_nettoleistungen,19 – 20,19,20,total_mio_chf,207.01771050719003,CHF,mio_chf,
2020,okp_nettoleistungen,19 – 20,19,20,per_capita_chf,1223.06746186995,CHF,chf_per_capita_year,
2020,okp_nettoleistungen,21 – 25,21,25,total_mio_chf,646.6107483479301,CHF,mio_chf,
2020,okp_nettoleistungen,21 – 25,21,25,per_capita_chf,1377.8541020391244,CHF,chf_per_capita_year,
2020,okp_nettoleistungen,26 – 30,26,30,total_mio_chf,944.7505869000199,CHF,mio_chf,
2020,okp_nettoleistungen,26 – 30,26,30,per_capita_chf,1656.3557834574844,CHF,chf_per_capita_year,
2020,okp_nettoleistungen,31 – 35,31,35,total_mio_chf,1208.01339251942,CHF,mio_chf,
2020,okp_nettoleistungen,31 – 35,31,35,per_capita_chf,1955.0412740529741,CHF,chf_per_capita_year,
2020,okp_nettoleistungen,36 – 40,36,40,total_mio_chf,1240.2365690695196,CHF,mio_chf,
2020,okp_nettoleistungen,36 – 40,36,40,per_capita_chf,2000.3112642375995,CHF,chf_per_capita_year,
2020,okp_nettoleistungen,41 – 45,41,45,total_mio_chf,1224.75432874979,CHF,mio_chf,
2020,okp_nettoleistungen,41 – 45,41,45,per_capita_chf,2078.3522198402775,CHF,chf_per_capita_year,
2020,okp_nettoleistungen,46 – 50,46,50,total_mio_chf,1521.69385122438,CHF,mio_chf,
2020,okp_nettoleistungen,46 – 50,46,50,per_capita_chf,2496.918491448844,CHF,chf_per_capita_year,
2020,okp_nettoleistungen,51 – 55,51,55,total_mio_chf,2051.56283476224,CHF,mio_chf,
2020,okp_nettoleistungen,51 – 55,51,55,per_capita_chf,3110.172875525345,CHF,chf_per_capita_year,
2020,okp_nettoleistungen,56 – 60,56,60,total_mio_chf,2357.2866468892003,CHF,mio_chf,
2020,okp_nettoleistungen,56 – 60,56,60,per_capita_chf,3774.085922381576,CHF,chf_per_capita_year,
2020,okp_nettoleistungen,61 – 65,61,65,total_mio_chf,2408.3223825780005,CHF,mio_chf,
2020,okp_nettoleistungen,61 – 65,61,65,per_capita_chf,4718.9172765291205,CHF,chf_per_capita_year,
2020,okp_nettoleistungen,66 – 70,66,70,total_mio_chf,2551.60938520887,CHF,mio_chf,
2020,okp_nettoleistungen,66 – 70,66,70,per_capita_chf,6010.80938464348,CHF,chf_per_capita_year,
2020,okp_nettoleistungen,71 – 75,71,75,total_mio_chf,3000.25139743332,CHF,mio_chf,
2020,okp_nettoleistungen,71 – 75,71,75,per_capita_chf,7633.025907530522,CHF,chf_per_capita_year,
2020,okp_nettoleistungen,76 – 80,76,80,total_mio_chf,2918.1629832547496,CHF,mio_chf,
2020,okp_nettoleistungen,76 – 80,76,80,per_capita_chf,9303.832042390215,CHF,chf_per_capita_year,
2020,okp_nettoleistungen,81 – 85,81,85,total_mio_chf,2459.4339193185197,CHF,mio_chf,
2020,okp_nettoleistungen,81 – 85,81,85,per_capita_chf,11367.447483211767,CHF,chf_per_capita_year,
2020,okp_nettoleistungen,86 – 90,86,90,total_mio_chf,1922.9974246863503,CHF,mio_chf,
2020,okp_nettoleistungen,86 – 90,86,90,per_capita_chf,13950.473722041996,CHF,chf_per_capita_year,
2020,okp_nettoleistungen,91 – 95,91,95,total_mio_chf,1007.30365819483,CHF,mio_chf,
2020,okp_nettoleistungen,91 – 95,91,95,per_capita_chf,17250.749822916077,CHF,chf_per_capita_year,
2020,okp_nettoleistungen,96 – 100,96,100,total_mio_chf,287.70413883534997,CHF,mio_chf,
2020,okp_nettoleistungen,96 – 100,96,100,per_capita_chf,20909.367312116614,CHF,chf_per_capita_year,
2020,okp_nettoleistungen,> 100,100,100,total_mio_chf,31.187720486509996,CHF,mio_chf,
2020,okp_nettoleistungen,> 100,100,100,per_capita_chf,24359.241648576513,CHF,chf_per_capita_year,
2020,okp_bruttoleistungen,0 – 5,0,5,total_mio_chf,630.8566145023401,CHF,mio_chf,
2020,okp_bruttoleistungen,0 – 5,0,5,per_capita_chf,1300.7314403651014,CHF,chf_per_capita_year,
2020,okp_bruttoleistungen,6 – 10,6,10,total_mio_chf,415.68003487397993,CHF,mio_chf,
2020,okp_bruttoleistungen,6 – 10,6,10,per_capita_chf,950.8607359509767,CHF,chf_per_capita_year,
2020,okp_bruttoleistungen,11 – 15,11,15,total_mio_chf,517.0612365675,CHF,mio_chf,
2020,okp_bruttoleistungen,11 – 15,11,15,per_capita_chf,1223.5584827883135,CHF,chf_per_capita_year,
2020,okp_bruttoleistungen,16 – 18,16,18,total_mio_chf,411.82840001587005,CHF,mio_chf,
2020,okp_bruttoleistungen,16 – 18,16,18,per_capita_chf,1666.9754407623352,CHF,chf_per_capita_year,
2020,okp_bruttoleistungen,19 – 20,19,20,total_mio_chf,282.65653598015,CHF,mio_chf,
2020,okp_bruttoleistungen,19 – 20,19,20,per_capita_chf,1669.9441376064647,CHF,chf_per_capita_year,
2020,okp_bruttoleistungen,21 – 25,21,25,total_mio_chf,861.0788952472501,CHF,mio_chf,
2020,okp_bruttoleistungen,21 – 25,21,25,per_capita_chf,1834.86137684389,CHF,chf_per_capita_year,
2020,okp_bruttoleistungen,26 – 30,26,30,total_mio_chf,1208.4094333595199,CHF,mio_chf,
2020,okp_bruttoleistungen,26 – 30,26,30,per_capita_chf,2118.60779075805,CHF,chf_per_capita_year,
2020,okp_bruttoleistungen,31 – 35,31,35,total_mio_chf,1514.8984348683,CHF,mio_chf,
2020,okp_bruttoleistungen,31 – 35,31,35,per_capita_chf,2451.7020957763643,CHF,chf_per_capita_year,
2020,okp_bruttoleistungen,36 – 40,36,40,total_mio_chf,1570.0846191240696,CHF,mio_chf,
2020,okp_bruttoleistungen,36 – 40,36,40,per_capita_chf,2532.3055518322108,CHF,chf_per_capita_year,
2020,okp_bruttoleistungen,41 – 45,41,45,total_mio_chf,1557.9932822818898,CHF,mio_chf,
2020,okp_bruttoleistungen,41 – 45,41,45,per_capita_chf,2643.8435208734195,CHF,chf_per_capita_year,
2020,okp_bruttoleistungen,46 – 50,46,50,total_mio_chf,1891.2648834456202,CHF,mio_chf,
2020,okp_bruttoleistungen,46 – 50,46,50,per_capita_chf,3103.3405674232986,CHF,chf_per_capita_year,
2020,okp_bruttoleistungen,51 – 55,51,55,total_mio_chf,2481.64702599775,CHF,mio_chf,
2020,okp_bruttoleistungen,51 – 55,51,55,per_capita_chf,3762.1812679117074,CHF,chf_per_capita_year,
2020,okp_bruttoleistungen,56 – 60,56,60,total_mio_chf,2781.4193115051603,CHF,mio_chf,
2020,okp_bruttoleistungen,56 – 60,56,60,per_capita_chf,4453.134913246419,CHF,chf_per_capita_year,
2020,okp_bruttoleistungen,61 – 65,61,65,total_mio_chf,2782.6580636365507,CHF,mio_chf,
2020,okp_bruttoleistungen,61 – 65,61,65,per_capita_chf,5452.398443895747,CHF,chf_per_capita_year,
2020,okp_bruttoleistungen,66 – 70,66,70,total_mio_chf,2887.28518485237,CHF,mio_chf,
2020,okp_bruttoleistungen,66 – 70,66,70,per_capita_chf,6801.5586499467545,CHF,chf_per_capita_year,
2020,okp_bruttoleistungen,71 – 75,71,75,total_mio_chf,3334.03928217068,CHF,mio_chf,
2020,okp_bruttoleistungen,71 – 75,71,75,per_capita_chf,8482.225269290575,CHF,chf_per_capita_year,
2020,okp_bruttoleistungen,76 – 80,76,80,total_mio_chf,3200.39579830892,CHF,mio_chf,
2020,okp_bruttoleistungen,76 – 80,76,80,per_capita_chf,10203.66070966577,CHF,chf_per_capita_year,
2020,okp_bruttoleistungen,81 – 85,81,85,total_mio_chf,2666.0447874158,CHF,mio_chf,
2020,okp_bruttoleistungen,81 – 85,81,85,per_capita_chf,12322.398203419534,CHF,chf_per_capita_year,
2020,okp_bruttoleistungen,86 – 90,86,90,total_mio_chf,2063.6678109743902,CHF,mio_chf,
2020,okp_bruttoleistungen,86 – 90,86,90,per_capita_chf,14970.973542888543,CHF,chf_per_capita_year,
2020,okp_bruttoleistungen,91 – 95,91,95,total_mio_chf,1071.05246730442,CHF,mio_chf,
2020,okp_bruttoleistungen,91 – 95,91,95,per_capita_chf,18342.49087687904,CHF,chf_per_capita_year,
2020,okp_bruttoleistungen,96 – 100,96,100,total_mio_chf,303.83631279203996,CHF,mio_chf,
2020,okp_bruttoleistungen,96 – 100,96,100,per_capita_chf,22081.79935347989,CHF,chf_per_capita_year,
2020,okp_bruttoleistungen,> 100,100,100,total_mio_chf,32.74294857373,CHF,mio_chf,
2020,okp_bruttoleistungen,> 100,100,100,per_capita_chf,25573.95616455507,CHF,chf_per_capita_year,
2021,okp_premium,0 – 5,0,5,total_mio_chf,578.98700970365,CHF,mio_chf,
2021,okp_premium,0 – 5,0,5,per_capita_chf,1191.8042400742702,CHF,chf_per_capita_year,
2021,okp_premium,6 – 10,6,10,total_mio_chf,525.50575290474,CHF,mio_chf,
2021,okp_premium,6 – 10,6,10,per_capita_chf,1191.2196641365022,CHF,chf_per_capita_year,
2021,okp_premium,11 – 15,11,15,total_mio_chf,523.70046522806,CHF,mio_chf,
2021,okp_premium,11 – 15,11,15,per_capita_chf,1217.4259963950342,CHF,chf_per_capita_year,
2021,okp_premium,16 – 18,16,18,total_mio_chf,305.06746885599,CHF,mio_chf,
2021,okp_premium,16 – 18,16,18,per_capita_chf,1224.5102494036457,CHF,chf_per_capita_year,
2021,okp_premium,19 – 20,19,20,total_mio_chf,549.0906738475801,CHF,mio_chf,
2021,okp_premium,19 – 20,19,20,per_capita_chf,3330.292550609506,CHF,chf_per_capita_year,
2021,okp_premium,21 – 25,21,25,total_mio_chf,1455.73631180329,CHF,mio_chf,
2021,okp_premium,21 – 25,21,25,per_capita_chf,3114.18531413446,CHF,chf_per_capita_year,
2021,okp_premium,26 – 30,26,30,total_mio_chf,2272.4674977408104,CHF,mio_chf,
2021,okp_premium,26 – 30,26,30,per_capita_chf,4024.442213526291,CHF,chf_per_capita_year,
2021,okp_premium,31 – 35,31,35,total_mio_chf,2492.4659893539097,CHF,mio_chf,
2021,okp_premium,31 – 35,31,35,per_capita_chf,3979.6788894230217,CHF,chf_per_capita_year,
2021,okp_premium,36 – 40,36,40,total_mio_chf,2533.96856202343,CHF,mio_chf,
2021,okp_premium,36 – 40,36,40,per_capita_chf,4049.8416574581456,CHF,chf_per_capita_year,
2021,okp_premium,41 – 45,41,45,total_mio_chf,2499.5208479279804,CHF,mio_chf,
2021,okp_premium,41 – 45,41,45,per_capita_chf,4159.408705126327,CHF,chf_per_capita_year,
2021,okp_premium,46 – 50,46,50,total_mio_chf,2568.38300956963,CHF,mio_chf,
2021,okp_premium,46 – 50,46,50,per_capita_chf,4273.020757125143,CHF,chf_per_capita_year,
2021,okp_premium,51 – 55,51,55,total_mio_chf,2855.0610019344294,CHF,mio_chf,
2021,okp_premium,51 – 55,51,55,per_capita_chf,4384.197663899587,CHF,chf_per_capita_year,
2021,okp_premium,56 – 60,56,60,total_mio_chf,2885.8063121494397,CHF,mio_chf,
2021,okp_premium,56 – 60,56,60,per_capita_chf,4516.409120237256,CHF,chf_per_capita_year,
2021,okp_premium,61 – 65,61,65,total_mio_chf,2480.6117305880402,CHF,mio_chf,
2021,okp_premium,61 – 65,61,65,per_capita_chf,4725.685500973726,CHF,chf_per_capita_year,
2021,okp_premium,66 – 70,66,70,total_mio_chf,2140.5384038878897,CHF,mio_chf,
2021,okp_premium,66 – 70,66,70,per_capita_chf,4993.672624380071,CHF,chf_per_capita_year,
2021,okp_premium,71 – 75,71,75,total_mio_chf,2035.15096719701,CHF,mio_chf,
2021,okp_premium,71 – 75,71,75,per_capita_chf,5150.987655493449,CHF,chf_per_capita_year,
2021,okp_premium,76 – 80,76,80,total_mio_chf,1721.3822978193002,CHF,mio_chf,
2021,okp_premium,76 – 80,76,80,per_capita_chf,5277.965608397837,CHF,chf_per_capita_year,
2021,okp_premium,81 – 85,81,85,total_mio_chf,1179.0738698531502,CHF,mio_chf,
2021,okp_premium,81 – 85,81,85,per_capita_chf,5384.816865638151,CHF,chf_per_capita_year,
2021,okp_premium,86 – 90,86,90,total_mio_chf,761.66401236533,CHF,mio_chf,
2021,okp_premium,86 – 90,86,90,per_capita_chf,5481.642079867939,CHF,chf_per_capita_year,
2021,okp_premium,91 – 95,91,95,total_mio_chf,331.23435189571006,CHF,mio_chf,
2021,okp_premium,91 – 95,91,95,per_capita_chf,5581.783031339913,CHF,chf_per_capita_year,
2021,okp_premium,96 – 100,96,100,total_mio_chf,79.29608140309,CHF,mio_chf,
2021,okp_premium,96 – 100,96,100,per_capita_chf,5681.314307830665,CHF,chf_per_capita_year,
2021,okp_premium,> 100,100,100,total_mio_chf,7.67405680501,CHF,mio_chf,
2021,okp_premium,> 100,100,100,per_capita_chf,5774.182502130842,CHF,chf_per_capita_year,
2021,praemienverbilligung,0 – 18,0,18,beneficiaries_count,638050.0,Anzahl,count,403d_coarse_0_18
2021,praemienverbilligung,0 – 18,0,18,beneficiary_rate,0.3972268504469588,Anteil,rate,403d_coarse_0_18
2021,praemienverbilligung,0 – 18,0,18,total_mio_chf,640.2779611675825,CHF,mio_chf,403d_coarse_0_18
2021,praemienverbilligung,19 – 25,19,25,beneficiaries_count,228375.0,Anzahl,count,
2021,praemienverbilligung,19 – 25,19,25,beneficiary_rate,0.3611637260190684,Anteil,rate,
2021,praemienverbilligung,19 – 25,19,25,total_mio_chf,507.9735972894941,CHF,mio_chf,
2021,praemienverbilligung,26 – 30,26,30,beneficiaries_count,180586.0,Anzahl,count,
2021,praemienverbilligung,26 – 30,26,30,beneficiary_rate,0.31981004009710606,Anteil,rate,
2021,praemienverbilligung,26 – 30,26,30,total_mio_chf,458.89654747789734,CHF,mio_chf,
2021,praemienverbilligung,31 – 35,31,35,beneficiaries_count,164780.0,Anzahl,count,
2021,praemienverbilligung,31 – 35,31,35,beneficiary_rate,0.2631014786962501,Anteil,rate,
2021,praemienverbilligung,31 – 35,31,35,total_mio_chf,394.22060310893227,CHF,mio_chf,
2021,praemienverbilligung,36 – 40,36,40,beneficiaries_count,166726.0,Anzahl,count,
2021,praemienverbilligung,36 – 40,36,40,beneficiary_rate,0.2664649870960489,Anteil,rate,
2021,praemienverbilligung,36 – 40,36,40,total_mio_chf,390.84903264366943,CHF,mio_chf,
2021,praemienverbilligung,41 – 45,41,45,beneficiaries_count,148173.0,Anzahl,count,
2021,praemienverbilligung,41 – 45,41,45,beneficiary_rate,0.24657208463597552,Anteil,rate,
2021,praemienverbilligung,41 – 45,41,45,total_mio_chf,356.678617788851,CHF,mio_chf,
2021,praemienverbilligung,46 – 50,46,50,beneficiaries_count,127007.0,Anzahl,count,
2021,praemienverbilligung,46 – 50,46,50,beneficiary_rate,0.21130164203629856,Anteil,rate,
2021,praemienverbilligung,46 – 50,46,50,total_mio_chf,327.8189362665427,CHF,mio_chf,
2021,praemienverbilligung,51 – 55,51,55,beneficiaries_count,118434.0,Anzahl,count,
2021,praemienverbilligung,51 – 55,51,55,beneficiary_rate,0.18186583956506602,Anteil,rate,
2021,praemienverbilligung,51 – 55,51,55,total_mio_chf,335.0254750627235,CHF,mio_chf,
2021,praemienverbilligung,56 – 60,56,60,beneficiaries_count,108070.0,Anzahl,count,
2021,praemienverbilligung,56 – 60,56,60,beneficiary_rate,0.16913412780655282,Anteil,rate,
2021,praemienverbilligung,56 – 60,56,60,total_mio_chf,337.1011517373553,CHF,mio_chf,
2021,praemienverbilligung,61 – 65,61,65,beneficiaries_count,94009.0,Anzahl,count,
2021,praemienverbilligung,61 – 65,61,65,beneficiary_rate,0.17909169854474802,Anteil,rate,
2021,praemienverbilligung,61 – 65,61,65,total_mio_chf,322.63304508921544,CHF,mio_chf,
2021,praemienverbilligung,66 – 70,66,70,beneficiaries_count,82619.0,Anzahl,count,
2021,praemienverbilligung,66 – 70,66,70,beneficiary_rate,0.19274227353468473,Anteil,rate,
2021,praemienverbilligung,66 – 70,66,70,total_mio_chf,311.7904596841491,CHF,mio_chf,
2021,praemienverbilligung,71 – 75,71,75,beneficiaries_count,76551.0,Anzahl,count,
2021,praemienverbilligung,71 – 75,71,75,beneficiary_rate,0.1937513542588745,Anteil,rate,
2021,praemienverbilligung,71 – 75,71,75,total_mio_chf,285.6738407929176,CHF,mio_chf,
2021,praemienverbilligung,76 – 80,76,80,beneficiaries_count,66832.0,Anzahl,count,
2021,praemienverbilligung,76 – 80,76,80,beneficiary_rate,0.20491496745801457,Anteil,rate,
2021,praemienverbilligung,76 – 80,76,80,total_mio_chf,248.31092313285,CHF,mio_chf,
2021,praemienverbilligung,81 – 85,81,85,beneficiaries_count,55080.0,Anzahl,count,
2021,praemienverbilligung,81 – 85,81,85,beneficiary_rate,0.2515497294467983,Anteil,rate,
2021,praemienverbilligung,81 – 85,81,85,total_mio_chf,207.67364917074147,CHF,mio_chf,
2021,praemienverbilligung,86 – 90,86,90,beneficiaries_count,41823.0,Anzahl,count,
2021,praemienverbilligung,86 – 90,86,90,beneficiary_rate,0.30099717589959274,Anteil,rate,
2021,praemienverbilligung,86 – 90,86,90,total_mio_chf,161.27190139356554,CHF,mio_chf,
2021,okp_kostenbeteiligung,0 – 5,0,5,total_mio_chf,59.59021597969,CHF,mio_chf,
2021,okp_kostenbeteiligung,0 – 5,0,5,per_capita_chf,122.66228927638126,CHF,chf_per_capita_year,
2021,okp_kostenbeteiligung,6 – 10,6,10,total_mio_chf,36.79112797239,CHF,mio_chf,
2021,okp_kostenbeteiligung,6 – 10,6,10,per_capita_chf,83.3983545645751,CHF,chf_per_capita_year,
2021,okp_kostenbeteiligung,11 – 15,11,15,total_mio_chf,44.52962425053,CHF,mio_chf,
2021,okp_kostenbeteiligung,11 – 15,11,15,per_capita_chf,103.51627652018608,CHF,chf_per_capita_year,
2021,okp_kostenbeteiligung,16 – 18,16,18,total_mio_chf,32.842811500610004,CHF,mio_chf,
2021,okp_kostenbeteiligung,16 – 18,16,18,per_capita_chf,131.82775420972007,CHF,chf_per_capita_year,
2021,okp_kostenbeteiligung,19 – 20,19,20,total_mio_chf,76.02399996406999,CHF,mio_chf,
2021,okp_kostenbeteiligung,19 – 20,19,20,per_capita_chf,461.0935366535829,CHF,chf_per_capita_year,
2021,okp_kostenbeteiligung,21 – 25,21,25,total_mio_chf,222.72756769103003,CHF,mio_chf,
2021,okp_kostenbeteiligung,21 – 25,21,25,per_capita_chf,476.4701647766694,CHF,chf_per_capita_year,
2021,okp_kostenbeteiligung,26 – 30,26,30,total_mio_chf,273.36863652594,CHF,mio_chf,
2021,okp_kostenbeteiligung,26 – 30,26,30,per_capita_chf,484.12409936901025,CHF,chf_per_capita_year,
2021,okp_kostenbeteiligung,31 – 35,31,35,total_mio_chf,322.99046117409,CHF,mio_chf,
2021,okp_kostenbeteiligung,31 – 35,31,35,per_capita_chf,515.7134842801726,CHF,chf_per_capita_year,
2021,okp_kostenbeteiligung,36 – 40,36,40,total_mio_chf,347.55254712538,CHF,mio_chf,
2021,okp_kostenbeteiligung,36 – 40,36,40,per_capita_chf,555.4657640977609,CHF,chf_per_capita_year,
2021,okp_kostenbeteiligung,41 – 45,41,45,total_mio_chf,354.94662252211,CHF,mio_chf,
2021,okp_kostenbeteiligung,41 – 45,41,45,per_capita_chf,590.660435097996,CHF,chf_per_capita_year,
2021,okp_kostenbeteiligung,46 – 50,46,50,total_mio_chf,384.31556677942,CHF,mio_chf,
2021,okp_kostenbeteiligung,46 – 50,46,50,per_capita_chf,639.3860993535964,CHF,chf_per_capita_year,
2021,okp_kostenbeteiligung,51 – 55,51,55,total_mio_chf,445.98060962846,CHF,mio_chf,
2021,okp_kostenbeteiligung,51 – 55,51,55,per_capita_chf,684.8425114394503,CHF,chf_per_capita_year,
2021,okp_kostenbeteiligung,56 – 60,56,60,total_mio_chf,454.20104158922004,CHF,mio_chf,
2021,okp_kostenbeteiligung,56 – 60,56,60,per_capita_chf,710.8438698808231,CHF,chf_per_capita_year,
2021,okp_kostenbeteiligung,61 – 65,61,65,total_mio_chf,399.77874575306,CHF,mio_chf,
2021,okp_kostenbeteiligung,61 – 65,61,65,per_capita_chf,761.59787487373,CHF,chf_per_capita_year,
2021,okp_kostenbeteiligung,66 – 70,66,70,total_mio_chf,349.94130074256003,CHF,mio_chf,
2021,okp_kostenbeteiligung,66 – 70,66,70,per_capita_chf,816.3797904695758,CHF,chf_per_capita_year,
2021,okp_kostenbeteiligung,71 – 75,71,75,total_mio_chf,342.96590455603,CHF,mio_chf,
2021,okp_kostenbeteiligung,71 – 75,71,75,per_capita_chf,868.0501688070792,CHF,chf_per_capita_year,
2021,okp_kostenbeteiligung,76 – 80,76,80,total_mio_chf,300.49198275239,CHF,mio_chf,
2021,okp_kostenbeteiligung,76 – 80,76,80,per_capita_chf,921.3446383035115,CHF,chf_per_capita_year,
2021,okp_kostenbeteiligung,81 – 85,81,85,total_mio_chf,212.34719699604,CHF,mio_chf,
2021,okp_kostenbeteiligung,81 – 85,81,85,per_capita_chf,969.7872177403747,CHF,chf_per_capita_year,
2021,okp_kostenbeteiligung,86 – 90,86,90,total_mio_chf,143.74276128022998,CHF,mio_chf,
2021,okp_kostenbeteiligung,86 – 90,86,90,per_capita_chf,1034.5064964578953,CHF,chf_per_capita_year,
2021,okp_kostenbeteiligung,91 – 95,91,95,total_mio_chf,65.95032550705001,CHF,mio_chf,
2021,okp_kostenbeteiligung,91 – 95,91,95,per_capita_chf,1111.3593916807856,CHF,chf_per_capita_year,
2021,okp_kostenbeteiligung,96 – 100,96,100,total_mio_chf,16.801660607380004,CHF,mio_chf,
2021,okp_kostenbeteiligung,96 – 100,96,100,per_capita_chf,1203.786027190786,CHF,chf_per_capita_year,
2021,okp_kostenbeteiligung,> 100,100,100,total_mio_chf,1.65813026403,CHF,mio_chf,
2021,okp_kostenbeteiligung,> 100,100,100,per_capita_chf,1247.6252131160948,CHF,chf_per_capita_year,
2021,okp_nettoleistungen,0 – 5,0,5,total_mio_chf,596.56993423626,CHF,mio_chf,
2021,okp_nettoleistungen,0 – 5,0,5,per_capita_chf,1227.9974597142002,CHF,chf_per_capita_year,
2021,okp_nettoleistungen,6 – 10,6,10,total_mio_chf,381.97012489903,CHF,mio_chf,
2021,okp_nettoleistungen,6 – 10,6,10,per_capita_chf,865.8522221256851,CHF,chf_per_capita_year,
2021,okp_nettoleistungen,11 – 15,11,15,total_mio_chf,517.42905155936,CHF,mio_chf,
2021,okp_nettoleistungen,11 – 15,11,15,per_capita_chf,1202.84708623291,CHF,chf_per_capita_year,
2021,okp_nettoleistungen,16 – 18,16,18,total_mio_chf,421.56592659707,CHF,mio_chf,
2021,okp_nettoleistungen,16 – 18,16,18,per_capita_chf,1692.123384552484,CHF,chf_per_capita_year,
2021,okp_nettoleistungen,19 – 20,19,20,total_mio_chf,218.76296054325005,CHF,mio_chf,
2021,okp_nettoleistungen,19 – 20,19,20,per_capita_chf,1326.8203095518263,CHF,chf_per_capita_year,
2021,okp_nettoleistungen,21 – 25,21,25,total_mio_chf,692.4012073498099,CHF,mio_chf,
2021,okp_nettoleistungen,21 – 25,21,25,per_capita_chf,1481.21995304677,CHF,chf_per_capita_year,
2021,okp_nettoleistungen,26 – 30,26,30,total_mio_chf,998.48140327187,CHF,mio_chf,
2021,okp_nettoleistungen,26 – 30,26,30,per_capita_chf,1768.2676265966988,CHF,chf_per_capita_year,
2021,okp_nettoleistungen,31 – 35,31,35,total_mio_chf,1304.1102983251699,CHF,mio_chf,
2021,okp_nettoleistungen,31 – 35,31,35,per_capita_chf,2082.2511704840394,CHF,chf_per_capita_year,
2021,okp_nettoleistungen,36 – 40,36,40,total_mio_chf,1317.5798024911298,CHF,mio_chf,
2021,okp_nettoleistungen,36 – 40,36,40,per_capita_chf,2105.783651432971,CHF,chf_per_capita_year,
2021,okp_nettoleistungen,41 – 45,41,45,total_mio_chf,1300.49575891488,CHF,mio_chf,
2021,okp_nettoleistungen,41 – 45,41,45,per_capita_chf,2164.1321316021613,CHF,chf_per_capita_year,
2021,okp_nettoleistungen,46 – 50,46,50,total_mio_chf,1577.5057312471,CHF,mio_chf,
2021,okp_nettoleistungen,46 – 50,46,50,per_capita_chf,2624.497479148268,CHF,chf_per_capita_year,
2021,okp_nettoleistungen,51 – 55,51,55,total_mio_chf,2120.7073160762397,CHF,mio_chf,
2021,okp_nettoleistungen,51 – 55,51,55,per_capita_chf,3256.5328918214636,CHF,chf_per_capita_year,
2021,okp_nettoleistungen,56 – 60,56,60,total_mio_chf,2515.79290415553,CHF,mio_chf,
2021,okp_nettoleistungen,56 – 60,56,60,per_capita_chf,3937.3224630911454,CHF,chf_per_capita_year,
2021,okp_nettoleistungen,61 – 65,61,65,total_mio_chf,2577.34313217654,CHF,mio_chf,
2021,okp_nettoleistungen,61 – 65,61,65,per_capita_chf,4909.963506410425,CHF,chf_per_capita_year,
2021,okp_nettoleistungen,66 – 70,66,70,total_mio_chf,2681.46300273178,CHF,mio_chf,
2021,okp_nettoleistungen,66 – 70,66,70,per_capita_chf,6255.598295133877,CHF,chf_per_capita_year,
2021,okp_nettoleistungen,71 – 75,71,75,total_mio_chf,3103.24318769833,CHF,mio_chf,
2021,okp_nettoleistungen,71 – 75,71,75,per_capita_chf,7854.339854622122,CHF,chf_per_capita_year,
2021,okp_nettoleistungen,76 – 80,76,80,total_mio_chf,3151.2838591545,CHF,mio_chf,
2021,okp_nettoleistungen,76 – 80,76,80,per_capita_chf,9662.216145702821,CHF,chf_per_capita_year,
2021,okp_nettoleistungen,81 – 85,81,85,total_mio_chf,2548.76718765546,CHF,mio_chf,
2021,okp_nettoleistungen,81 – 85,81,85,per_capita_chf,11640.190567857806,CHF,chf_per_capita_year,
2021,okp_nettoleistungen,86 – 90,86,90,total_mio_chf,1973.3605687744,CHF,mio_chf,
2021,okp_nettoleistungen,86 – 90,86,90,per_capita_chf,14202.136581132594,CHF,chf_per_capita_year,
2021,okp_nettoleistungen,91 – 95,91,95,total_mio_chf,1048.6479939140102,CHF,mio_chf,
2021,okp_nettoleistungen,91 – 95,91,95,per_capita_chf,17671.251622237527,CHF,chf_per_capita_year,
2021,okp_nettoleistungen,96 – 100,96,100,total_mio_chf,306.75718085056997,CHF,mio_chf,
2021,okp_nettoleistungen,96 – 100,96,100,per_capita_chf,21978.18517332471,CHF,chf_per_capita_year,
2021,okp_nettoleistungen,> 100,100,100,total_mio_chf,34.712599437019996,CHF,mio_chf,
2021,okp_nettoleistungen,> 100,100,100,per_capita_chf,26118.764737558726,CHF,chf_per_capita_year,
2021,okp_bruttoleistungen,0 – 5,0,5,total_mio_chf,656.16015021595,CHF,mio_chf,
2021,okp_bruttoleistungen,0 – 5,0,5,per_capita_chf,1350.6597489905816,CHF,chf_per_capita_year,
2021,okp_bruttoleistungen,6 – 10,6,10,total_mio_chf,418.76125287142,CHF,mio_chf,
2021,okp_bruttoleistungen,6 – 10,6,10,per_capita_chf,949.2505766902603,CHF,chf_per_capita_year,
2021,okp_bruttoleistungen,11 – 15,11,15,total_mio_chf,561.95867580989,CHF,mio_chf,
2021,okp_bruttoleistungen,11 – 15,11,15,per_capita_chf,1306.363362753096,CHF,chf_per_capita_year,
2021,okp_bruttoleistungen,16 – 18,16,18,total_mio_chf,454.40873809768004,CHF,mio_chf,
2021,okp_bruttoleistungen,16 – 18,16,18,per_capita_chf,1823.951138762204,CHF,chf_per_capita_year,
2021,okp_bruttoleistungen,19 – 20,19,20,total_mio_chf,294.78696050732003,CHF,mio_chf,
2021,okp_bruttoleistungen,19 – 20,19,20,per_capita_chf,1787.913846205409,CHF,chf_per_capita_year,
2021,okp_bruttoleistungen,21 – 25,21,25,total_mio_chf,915.1287750408399,CHF,mio_chf,
2021,okp_bruttoleistungen,21 – 25,21,25,per_capita_chf,1957.6901178234393,CHF,chf_per_capita_year,
2021,okp_bruttoleistungen,26 – 30,26,30,total_mio_chf,1271.85003979781,CHF,mio_chf,
2021,okp_bruttoleistungen,26 – 30,26,30,per_capita_chf,2252.391725965709,CHF,chf_per_capita_year,
2021,okp_bruttoleistungen,31 – 35,31,35,total_mio_chf,1627.10075949926,CHF,mio_chf,
2021,okp_bruttoleistungen,31 – 35,31,35,per_capita_chf,2597.9646547642124,CHF,chf_per_capita_year,
2021,okp_bruttoleistungen,36 – 40,36,40,total_mio_chf,1665.1323496165098,CHF,mio_chf,
2021,okp_bruttoleistungen,36 – 40,36,40,per_capita_chf,2661.249415530732,CHF,chf_per_capita_year,
2021,okp_bruttoleistungen,41 – 45,41,45,total_mio_chf,1655.44238143699,CHF,mio_chf,
2021,okp_bruttoleistungen,41 – 45,41,45,per_capita_chf,2754.792566700157,CHF,chf_per_capita_year,
2021,okp_bruttoleistungen,46 – 50,46,50,total_mio_chf,1961.8212980265198,CHF,mio_chf,
2021,okp_bruttoleistungen,46 – 50,46,50,per_capita_chf,3263.8835785018646,CHF,chf_per_capita_year,
2021,okp_bruttoleistungen,51 – 55,51,55,total_mio_chf,2566.6879257047,CHF,mio_chf,
2021,okp_bruttoleistungen,51 – 55,51,55,per_capita_chf,3941.375403260914,CHF,chf_per_capita_year,
2021,okp_bruttoleistungen,56 – 60,56,60,total_mio_chf,2969.99394574475,CHF,mio_chf,
2021,okp_bruttoleistungen,56 – 60,56,60,per_capita_chf,4648.166332971969,CHF,chf_per_capita_year,
2021,okp_bruttoleistungen,61 – 65,61,65,total_mio_chf,2977.1218779296,CHF,mio_chf,
2021,okp_bruttoleistungen,61 – 65,61,65,per_capita_chf,5671.561381284155,CHF,chf_per_capita_year,
2021,okp_bruttoleistungen,66 – 70,66,70,total_mio_chf,3031.40430347434,CHF,mio_chf,
2021,okp_bruttoleistungen,66 – 70,66,70,per_capita_chf,7071.978085603453,CHF,chf_per_capita_year,
2021,okp_bruttoleistungen,71 – 75,71,75,total_mio_chf,3446.2090922543603,CHF,mio_chf,
2021,okp_bruttoleistungen,71 – 75,71,75,per_capita_chf,8722.390023429203,CHF,chf_per_capita_year,
2021,okp_bruttoleistungen,76 – 80,76,80,total_mio_chf,3451.77584190689,CHF,mio_chf,
2021,okp_bruttoleistungen,76 – 80,76,80,per_capita_chf,10583.560784006333,CHF,chf_per_capita_year,
2021,okp_bruttoleistungen,81 – 85,81,85,total_mio_chf,2761.1143846515,CHF,mio_chf,
2021,okp_bruttoleistungen,81 – 85,81,85,per_capita_chf,12609.977785598181,CHF,chf_per_capita_year,
2021,okp_bruttoleistungen,86 – 90,86,90,total_mio_chf,2117.10333005463,CHF,mio_chf,
2021,okp_bruttoleistungen,86 – 90,86,90,per_capita_chf,15236.643077590488,CHF,chf_per_capita_year,
2021,okp_bruttoleistungen,91 – 95,91,95,total_mio_chf,1114.59831942106,CHF,mio_chf,
2021,okp_bruttoleistungen,91 – 95,91,95,per_capita_chf,18782.61101391831,CHF,chf_per_capita_year,
2021,okp_bruttoleistungen,96 – 100,96,100,total_mio_chf,323.55884145795,CHF,mio_chf,
2021,okp_bruttoleistungen,96 – 100,96,100,per_capita_chf,23181.971200515498,CHF,chf_per_capita_year,
2021,okp_bruttoleistungen,> 100,100,100,total_mio_chf,36.370729701049996,CHF,mio_chf,
2021,okp_bruttoleistungen,> 100,100,100,per_capita_chf,27366.389950674824,CHF,chf_per_capita_year,
2022,okp_premium,0 – 5,0,5,total_mio_chf,578.0150742787799,CHF,mio_chf,
2022,okp_premium,0 – 5,0,5,per_capita_chf,1186.7325748591925,CHF,chf_per_capita_year,
2022,okp_premium,6 – 10,6,10,total_mio_chf,533.8947904520201,CHF,mio_chf,
2022,okp_premium,6 – 10,6,10,per_capita_chf,1179.0743226765778,CHF,chf_per_capita_year,
2022,okp_premium,11 – 15,11,15,total_mio_chf,533.0735828175001,CHF,mio_chf,
2022,okp_premium,11 – 15,11,15,per_capita_chf,1205.9663426518225,CHF,chf_per_capita_year,
2022,okp_premium,16 – 18,16,18,total_mio_chf,314.88452189324,CHF,mio_chf,
2022,okp_premium,16 – 18,16,18,per_capita_chf,1227.3114928139476,CHF,chf_per_capita_year,
2022,okp_premium,19 – 20,19,20,total_mio_chf,546.8200214620499,CHF,mio_chf,
2022,okp_premium,19 – 20,19,20,per_capita_chf,3295.060337845231,CHF,chf_per_capita_year,
2022,okp_premium,21 – 25,21,25,total_mio_chf,1441.6834250281902,CHF,mio_chf,
2022,okp_premium,21 – 25,21,25,per_capita_chf,3099.9368198868056,CHF,chf_per_capita_year,
2022,okp_premium,26 – 30,26,30,total_mio_chf,2276.99804518756,CHF,mio_chf,
2022,okp_premium,26 – 30,26,30,per_capita_chf,4012.33227960626,CHF,chf_per_capita_year,
2022,okp_premium,31 – 35,31,35,total_mio_chf,2535.83518132695,CHF,mio_chf,
2022,okp_premium,31 – 35,31,35,per_capita_chf,3965.5591131547367,CHF,chf_per_capita_year,
2022,okp_premium,36 – 40,36,40,total_mio_chf,2574.44650449681,CHF,mio_chf,
2022,okp_premium,36 – 40,36,40,per_capita_chf,4028.298301116809,CHF,chf_per_capita_year,
2022,okp_premium,41 – 45,41,45,total_mio_chf,2551.57737760154,CHF,mio_chf,
2022,okp_premium,41 – 45,41,45,per_capita_chf,4132.903480195863,CHF,chf_per_capita_year,
2022,okp_premium,46 – 50,46,50,total_mio_chf,2545.2424375696,CHF,mio_chf,
2022,okp_premium,46 – 50,46,50,per_capita_chf,4249.754464836387,CHF,chf_per_capita_year,
2022,okp_premium,51 – 55,51,55,total_mio_chf,2811.1522548946,CHF,mio_chf,
2022,okp_premium,51 – 55,51,55,per_capita_chf,4360.462466569184,CHF,chf_per_capita_year,
2022,okp_premium,56 – 60,56,60,total_mio_chf,2928.03426748841,CHF,mio_chf,
2022,okp_premium,56 – 60,56,60,per_capita_chf,4492.129444406688,CHF,chf_per_capita_year,
2022,okp_premium,61 – 65,61,65,total_mio_chf,2539.3034443039505,CHF,mio_chf,
2022,okp_premium,61 – 65,61,65,per_capita_chf,4693.667716842559,CHF,chf_per_capita_year,
2022,okp_premium,66 – 70,66,70,total_mio_chf,2187.02214367254,CHF,mio_chf,
2022,okp_premium,66 – 70,66,70,per_capita_chf,4967.622812014127,CHF,chf_per_capita_year,
2022,okp_premium,71 – 75,71,75,total_mio_chf,2015.7163715761,CHF,mio_chf,
2022,okp_premium,71 – 75,71,75,per_capita_chf,5127.135775195895,CHF,chf_per_capita_year,
2022,okp_premium,76 – 80,76,80,total_mio_chf,1769.8093200977803,CHF,mio_chf,
2022,okp_premium,76 – 80,76,80,per_capita_chf,5242.889197190685,CHF,chf_per_capita_year,
2022,okp_premium,81 – 85,81,85,total_mio_chf,1211.8134453178398,CHF,mio_chf,
2022,okp_premium,81 – 85,81,85,per_capita_chf,5340.233110996982,CHF,chf_per_capita_year,
2022,okp_premium,86 – 90,86,90,total_mio_chf,769.0447612115801,CHF,mio_chf,
2022,okp_premium,86 – 90,86,90,per_capita_chf,5434.172712035125,CHF,chf_per_capita_year,
2022,okp_premium,91 – 95,91,95,total_mio_chf,335.49336018211994,CHF,mio_chf,
2022,okp_premium,91 – 95,91,95,per_capita_chf,5507.783742328153,CHF,chf_per_capita_year,
2022,okp_premium,96 – 100,96,100,total_mio_chf,79.31623994775,CHF,mio_chf,
2022,okp_premium,96 – 100,96,100,per_capita_chf,5595.121527292986,CHF,chf_per_capita_year,
2022,okp_premium,> 100,100,100,total_mio_chf,8.02271478695,CHF,mio_chf,
2022,okp_premium,> 100,100,100,per_capita_chf,5645.425809293664,CHF,chf_per_capita_year,
2022,praemienverbilligung,0 – 18,0,18,beneficiaries_count,605970.8713113626,Anzahl,count,403d_coarse_0_18
2022,praemienverbilligung,0 – 18,0,18,beneficiary_rate,0.3698400464015835,Anteil,rate,403d_coarse_0_18
2022,praemienverbilligung,0 – 18,0,18,total_mio_chf,584.7507811788199,CHF,mio_chf,403d_coarse_0_18
2022,praemienverbilligung,19 – 25,19,25,beneficiaries_count,215213.13594458747,Anzahl,count,
2022,praemienverbilligung,19 – 25,19,25,beneficiary_rate,0.3410559167829385,Anteil,rate,
2022,praemienverbilligung,19 – 25,19,25,total_mio_chf,473.81571648920857,CHF,mio_chf,
2022,praemienverbilligung,26 – 30,26,30,beneficiaries_count,168841.94458685606,Anzahl,count,
2022,praemienverbilligung,26 – 30,26,30,beneficiary_rate,0.29751891348748666,Anteil,rate,
2022,praemienverbilligung,26 – 30,26,30,total_mio_chf,438.784478897412,CHF,mio_chf,
2022,praemienverbilligung,31 – 35,31,35,beneficiaries_count,159247.76984781385,Anzahl,count,
2022,praemienverbilligung,31 – 35,31,35,beneficiary_rate,0.24903292202102506,Anteil,rate,
2022,praemienverbilligung,31 – 35,31,35,total_mio_chf,388.87714361048677,CHF,mio_chf,
2022,praemienverbilligung,36 – 40,36,40,beneficiaries_count,161141.260239715,Anzahl,count,
2022,praemienverbilligung,36 – 40,36,40,beneficiary_rate,0.25214160159460786,Anteil,rate,
2022,praemienverbilligung,36 – 40,36,40,total_mio_chf,386.19237432567786,CHF,mio_chf,
2022,praemienverbilligung,41 – 45,41,45,beneficiaries_count,146040.36057146708,Anzahl,count,
2022,praemienverbilligung,41 – 45,41,45,beneficiary_rate,0.23654807404752354,Anteil,rate,
2022,praemienverbilligung,41 – 45,41,45,total_mio_chf,359.0511253034892,CHF,mio_chf,
2022,praemienverbilligung,46 – 50,46,50,beneficiaries_count,122513.50166661944,Anzahl,count,
2022,praemienverbilligung,46 – 50,46,50,beneficiary_rate,0.2045590207931691,Anteil,rate,
2022,praemienverbilligung,46 – 50,46,50,total_mio_chf,322.3573337136929,CHF,mio_chf,
2022,praemienverbilligung,51 – 55,51,55,beneficiaries_count,112795.75680332512,Anzahl,count,
2022,praemienverbilligung,51 – 55,51,55,beneficiary_rate,0.17496087701148216,Anteil,rate,
2022,praemienverbilligung,51 – 55,51,55,total_mio_chf,327.1551713437024,CHF,mio_chf,
2022,praemienverbilligung,56 – 60,56,60,beneficiaries_count,107629.06467460786,Anzahl,count,
2022,praemienverbilligung,56 – 60,56,60,beneficiary_rate,0.16512227874760396,Anteil,rate,
2022,praemienverbilligung,56 – 60,56,60,total_mio_chf,345.2744860970081,CHF,mio_chf,
2022,praemienverbilligung,61 – 65,61,65,beneficiaries_count,94706.59016291905,Anzahl,count,
2022,praemienverbilligung,61 – 65,61,65,beneficiary_rate,0.17505637847932748,Anteil,rate,
2022,praemienverbilligung,61 – 65,61,65,total_mio_chf,330.3476826886346,CHF,mio_chf,
2022,praemienverbilligung,66 – 70,66,70,beneficiaries_count,83393.98010934496,Anzahl,count,
2022,praemienverbilligung,66 – 70,66,70,beneficiary_rate,0.18942187630536514,Anteil,rate,
2022,praemienverbilligung,66 – 70,66,70,total_mio_chf,324.5844353980068,CHF,mio_chf,
2022,praemienverbilligung,71 – 75,71,75,beneficiaries_count,75522.81692303446,Anzahl,count,
2022,praemienverbilligung,71 – 75,71,75,beneficiary_rate,0.19209832392584764,Anteil,rate,
2022,praemienverbilligung,71 – 75,71,75,total_mio_chf,291.10609671314216,CHF,mio_chf,
2022,praemienverbilligung,76 – 80,76,80,beneficiaries_count,66871.75809887992,Anzahl,count,
2022,praemienverbilligung,76 – 80,76,80,beneficiary_rate,0.1981011254446303,Anteil,rate,
2022,praemienverbilligung,76 – 80,76,80,total_mio_chf,254.0174813653348,CHF,mio_chf,
2022,praemienverbilligung,81 – 85,81,85,beneficiaries_count,54132.310745728624,Anzahl,count,
2022,praemienverbilligung,81 – 85,81,85,beneficiary_rate,0.2385508754140756,Anteil,rate,
2022,praemienverbilligung,81 – 85,81,85,total_mio_chf,208.74745253373763,CHF,mio_chf,
2022,praemienverbilligung,86 – 90,86,90,beneficiaries_count,40728.643181761014,Anzahl,count,
2022,praemienverbilligung,86 – 90,86,90,beneficiary_rate,0.2877940173831438,Anteil,rate,
2022,praemienverbilligung,86 – 90,86,90,total_mio_chf,161.83763704872243,CHF,mio_chf,
2022,okp_kostenbeteiligung,0 – 5,0,5,total_mio_chf,64.32356392076,CHF,mio_chf,
2022,okp_kostenbeteiligung,0 – 5,0,5,per_capita_chf,132.0638025419154,CHF,chf_per_capita_year,
2022,okp_kostenbeteiligung,6 – 10,6,10,total_mio_chf,39.734968293339996,CHF,mio_chf,
2022,okp_kostenbeteiligung,6 – 10,6,10,per_capita_chf,87.75227191743033,CHF,chf_per_capita_year,
2022,okp_kostenbeteiligung,11 – 15,11,15,total_mio_chf,46.00800271757,CHF,mio_chf,
2022,okp_kostenbeteiligung,11 – 15,11,15,per_capita_chf,104.08338465539421,CHF,chf_per_capita_year,
2022,okp_kostenbeteiligung,16 – 18,16,18,total_mio_chf,34.41751066278,CHF,mio_chf,
2022,okp_kostenbeteiligung,16 – 18,16,18,per_capita_chf,134.147611119476,CHF,chf_per_capita_year,
2022,okp_kostenbeteiligung,19 – 20,19,20,total_mio_chf,82.45393891545999,CHF,mio_chf,
2022,okp_kostenbeteiligung,19 – 20,19,20,per_capita_chf,496.8558084120944,CHF,chf_per_capita_year,
2022,okp_kostenbeteiligung,21 – 25,21,25,total_mio_chf,235.49483352023003,CHF,mio_chf,
2022,okp_kostenbeteiligung,21 – 25,21,25,per_capita_chf,506.3657476038473,CHF,chf_per_capita_year,
2022,okp_kostenbeteiligung,26 – 30,26,30,total_mio_chf,291.44692265599997,CHF,mio_chf,
2022,okp_kostenbeteiligung,26 – 30,26,30,per_capita_chf,513.562977375439,CHF,chf_per_capita_year,
2022,okp_kostenbeteiligung,31 – 35,31,35,total_mio_chf,349.58843066937993,CHF,mio_chf,
2022,okp_kostenbeteiligung,31 – 35,31,35,per_capita_chf,546.6891528687576,CHF,chf_per_capita_year,
2022,okp_kostenbeteiligung,36 – 40,36,40,total_mio_chf,372.12879204140995,CHF,mio_chf,
2022,okp_kostenbeteiligung,36 – 40,36,40,per_capita_chf,582.2788619451461,CHF,chf_per_capita_year,
2022,okp_kostenbeteiligung,41 – 45,41,45,total_mio_chf,377.98135888802994,CHF,mio_chf,
2022,okp_kostenbeteiligung,41 – 45,41,45,per_capita_chf,612.2332355313157,CHF,chf_per_capita_year,
2022,okp_kostenbeteiligung,46 – 50,46,50,total_mio_chf,394.31370574035003,CHF,mio_chf,
2022,okp_kostenbeteiligung,46 – 50,46,50,per_capita_chf,658.3798882107122,CHF,chf_per_capita_year,
2022,okp_kostenbeteiligung,51 – 55,51,55,total_mio_chf,456.25856780298994,CHF,mio_chf,
2022,okp_kostenbeteiligung,51 – 55,51,55,per_capita_chf,707.7163310850775,CHF,chf_per_capita_year,
2022,okp_kostenbeteiligung,56 – 60,56,60,total_mio_chf,475.35246933477003,CHF,mio_chf,
2022,okp_kostenbeteiligung,56 – 60,56,60,per_capita_chf,729.275899425108,CHF,chf_per_capita_year,
2022,okp_kostenbeteiligung,61 – 65,61,65,total_mio_chf,419.16139481052005,CHF,mio_chf,
2022,okp_kostenbeteiligung,61 – 65,61,65,per_capita_chf,774.7810965176405,CHF,chf_per_capita_year,
2022,okp_kostenbeteiligung,66 – 70,66,70,total_mio_chf,363.09405028066,CHF,mio_chf,
2022,okp_kostenbeteiligung,66 – 70,66,70,per_capita_chf,824.7352649351494,CHF,chf_per_capita_year,
2022,okp_kostenbeteiligung,71 – 75,71,75,total_mio_chf,342.49977731154996,CHF,mio_chf,
2022,okp_kostenbeteiligung,71 – 75,71,75,per_capita_chf,871.1755711333609,CHF,chf_per_capita_year,
2022,okp_kostenbeteiligung,76 – 80,76,80,total_mio_chf,310.68224758361,CHF,mio_chf,
2022,okp_kostenbeteiligung,76 – 80,76,80,per_capita_chf,920.3661553353313,CHF,chf_per_capita_year,
2022,okp_kostenbeteiligung,81 – 85,81,85,total_mio_chf,218.26514813181996,CHF,mio_chf,
2022,okp_kostenbeteiligung,81 – 85,81,85,per_capita_chf,961.8533079771951,CHF,chf_per_capita_year,
2022,okp_kostenbeteiligung,86 – 90,86,90,total_mio_chf,145.00006795107,CHF,mio_chf,
2022,okp_kostenbeteiligung,86 – 90,86,90,per_capita_chf,1024.5897927470062,CHF,chf_per_capita_year,
2022,okp_kostenbeteiligung,91 – 95,91,95,total_mio_chf,67.2042182871,CHF,mio_chf,
2022,okp_kostenbeteiligung,91 – 95,91,95,per_capita_chf,1103.2894978804668,CHF,chf_per_capita_year,
2022,okp_kostenbeteiligung,96 – 100,96,100,total_mio_chf,16.982891527590002,CHF,mio_chf,
2022,okp_kostenbeteiligung,96 – 100,96,100,per_capita_chf,1198.006133980838,CHF,chf_per_capita_year,
2022,okp_kostenbeteiligung,> 100,100,100,total_mio_chf,1.79940984172,CHF,mio_chf,
2022,okp_kostenbeteiligung,> 100,100,100,per_capita_chf,1266.2091363969641,CHF,chf_per_capita_year,
2022,okp_nettoleistungen,0 – 5,0,5,total_mio_chf,710.9187043909101,CHF,mio_chf,
2022,okp_nettoleistungen,0 – 5,0,5,per_capita_chf,1459.5992771124145,CHF,chf_per_capita_year,
2022,okp_nettoleistungen,6 – 10,6,10,total_mio_chf,424.87755629936,CHF,mio_chf,
2022,okp_nettoleistungen,6 – 10,6,10,per_capita_chf,938.3163609631957,CHF,chf_per_capita_year,
2022,okp_nettoleistungen,11 – 15,11,15,total_mio_chf,553.6524432618901,CHF,mio_chf,
2022,okp_nettoleistungen,11 – 15,11,15,per_capita_chf,1252.5216660930887,CHF,chf_per_capita_year,
2022,okp_nettoleistungen,16 – 18,16,18,total_mio_chf,454.67711252295,CHF,mio_chf,
2022,okp_nettoleistungen,16 – 18,16,18,per_capita_chf,1772.1748987969452,CHF,chf_per_capita_year,
2022,okp_nettoleistungen,19 – 20,19,20,total_mio_chf,234.01904381173998,CHF,mio_chf,
2022,okp_nettoleistungen,19 – 20,19,20,per_capita_chf,1410.1657571037672,CHF,chf_per_capita_year,
2022,okp_nettoleistungen,21 – 25,21,25,total_mio_chf,723.8754563163701,CHF,mio_chf,
2022,okp_nettoleistungen,21 – 25,21,25,per_capita_chf,1556.491627143179,CHF,chf_per_capita_year,
2022,okp_nettoleistungen,26 – 30,26,30,total_mio_chf,1014.0774032782899,CHF,mio_chf,
2022,okp_nettoleistungen,26 – 30,26,30,per_capita_chf,1786.920945229719,CHF,chf_per_capita_year,
2022,okp_nettoleistungen,31 – 35,31,35,total_mio_chf,1327.5010770605998,CHF,mio_chf,
2022,okp_nettoleistungen,31 – 35,31,35,per_capita_chf,2075.956683866851,CHF,chf_per_capita_year,
2022,okp_nettoleistungen,36 – 40,36,40,total_mio_chf,1348.0241612716002,CHF,mio_chf,
2022,okp_nettoleistungen,36 – 40,36,40,per_capita_chf,2109.285793754013,CHF,chf_per_capita_year,
2022,okp_nettoleistungen,41 – 45,41,45,total_mio_chf,1341.04683439392,CHF,mio_chf,
2022,okp_nettoleistungen,41 – 45,41,45,per_capita_chf,2172.153263947692,CHF,chf_per_capita_year,
2022,okp_nettoleistungen,46 – 50,46,50,total_mio_chf,1568.3081987839,CHF,mio_chf,
2022,okp_nettoleistungen,46 – 50,46,50,per_capita_chf,2618.5815039236863,CHF,chf_per_capita_year,
2022,okp_nettoleistungen,51 – 55,51,55,total_mio_chf,2102.4321821126205,CHF,mio_chf,
2022,okp_nettoleistungen,51 – 55,51,55,per_capita_chf,3261.145532991756,CHF,chf_per_capita_year,
2022,okp_nettoleistungen,56 – 60,56,60,total_mio_chf,2574.1257307140495,CHF,mio_chf,
2022,okp_nettoleistungen,56 – 60,56,60,per_capita_chf,3949.170307512882,CHF,chf_per_capita_year,
2022,okp_nettoleistungen,61 – 65,61,65,total_mio_chf,2662.799839636219,CHF,mio_chf,
2022,okp_nettoleistungen,61 – 65,61,65,per_capita_chf,4921.939389224897,CHF,chf_per_capita_year,
2022,okp_nettoleistungen,66 – 70,66,70,total_mio_chf,2773.581329424401,CHF,mio_chf,
2022,okp_nettoleistungen,66 – 70,66,70,per_capita_chf,6299.938902259281,CHF,chf_per_capita_year,
2022,okp_nettoleistungen,71 – 75,71,75,total_mio_chf,3145.05206923344,CHF,mio_chf,
2022,okp_nettoleistungen,71 – 75,71,75,per_capita_chf,7999.691428021855,CHF,chf_per_capita_year,
2022,okp_nettoleistungen,76 – 80,76,80,total_mio_chf,3356.4195254936003,CHF,mio_chf,
2022,okp_nettoleistungen,76 – 80,76,80,per_capita_chf,9943.068708937551,CHF,chf_per_capita_year,
2022,okp_nettoleistungen,81 – 85,81,85,total_mio_chf,2723.562488956169,CHF,mio_chf,
2022,okp_nettoleistungen,81 – 85,81,85,per_capita_chf,12002.225787797148,CHF,chf_per_capita_year,
2022,okp_nettoleistungen,86 – 90,86,90,total_mio_chf,2093.98690267538,CHF,mio_chf,
2022,okp_nettoleistungen,86 – 90,86,90,per_capita_chf,14796.390353079696,CHF,chf_per_capita_year,
2022,okp_nettoleistungen,91 – 95,91,95,total_mio_chf,1127.9512632711596,CHF,mio_chf,
2022,okp_nettoleistungen,91 – 95,91,95,per_capita_chf,18517.539740908676,CHF,chf_per_capita_year,
2022,okp_nettoleistungen,96 – 100,96,100,total_mio_chf,324.39634917174993,CHF,mio_chf,
2022,okp_nettoleistungen,96 – 100,96,100,per_capita_chf,22883.5481588862,CHF,chf_per_capita_year,
2022,okp_nettoleistungen,> 100,100,100,total_mio_chf,38.21018054625,CHF,mio_chf,
2022,okp_nettoleistungen,> 100,100,100,per_capita_chf,26887.748743661625,CHF,chf_per_capita_year,
2022,okp_bruttoleistungen,0 – 5,0,5,total_mio_chf,775.24226831167,CHF,mio_chf,
2022,okp_bruttoleistungen,0 – 5,0,5,per_capita_chf,1591.66307965433,CHF,chf_per_capita_year,
2022,okp_bruttoleistungen,6 – 10,6,10,total_mio_chf,464.61252459269997,CHF,mio_chf,
2022,okp_bruttoleistungen,6 – 10,6,10,per_capita_chf,1026.068632880626,CHF,chf_per_capita_year,
2022,okp_bruttoleistungen,11 – 15,11,15,total_mio_chf,599.6604459794601,CHF,mio_chf,
2022,okp_bruttoleistungen,11 – 15,11,15,per_capita_chf,1356.6050507484829,CHF,chf_per_capita_year,
2022,okp_bruttoleistungen,16 – 18,16,18,total_mio_chf,489.09462318573,CHF,mio_chf,
2022,okp_bruttoleistungen,16 – 18,16,18,per_capita_chf,1906.322509916421,CHF,chf_per_capita_year,
2022,okp_bruttoleistungen,19 – 20,19,20,total_mio_chf,316.47298272719996,CHF,mio_chf,
2022,okp_bruttoleistungen,19 – 20,19,20,per_capita_chf,1907.0215655158615,CHF,chf_per_capita_year,
2022,okp_bruttoleistungen,21 – 25,21,25,total_mio_chf,959.3702898366001,CHF,mio_chf,
2022,okp_bruttoleistungen,21 – 25,21,25,per_capita_chf,2062.8573747470264,CHF,chf_per_capita_year,
2022,okp_bruttoleistungen,26 – 30,26,30,total_mio_chf,1305.52432593429,CHF,mio_chf,
2022,okp_bruttoleistungen,26 – 30,26,30,per_capita_chf,2300.483922605158,CHF,chf_per_capita_year,
2022,okp_bruttoleistungen,31 – 35,31,35,total_mio_chf,1677.0895077299797,CHF,mio_chf,
2022,okp_bruttoleistungen,31 – 35,31,35,per_capita_chf,2622.6458367356086,CHF,chf_per_capita_year,
2022,okp_bruttoleistungen,36 – 40,36,40,total_mio_chf,1720.1529533130101,CHF,mio_chf,
2022,okp_bruttoleistungen,36 – 40,36,40,per_capita_chf,2691.564655699159,CHF,chf_per_capita_year,
2022,okp_bruttoleistungen,41 – 45,41,45,total_mio_chf,1719.02819328195,CHF,mio_chf,
2022,okp_bruttoleistungen,41 – 45,41,45,per_capita_chf,2784.3864994790074,CHF,chf_per_capita_year,
2022,okp_bruttoleistungen,46 – 50,46,50,total_mio_chf,1962.62190452425,CHF,mio_chf,
2022,okp_bruttoleistungen,46 – 50,46,50,per_capita_chf,3276.9613921343985,CHF,chf_per_capita_year,
2022,okp_bruttoleistungen,51 – 55,51,55,total_mio_chf,2558.6907499156105,CHF,mio_chf,
2022,okp_bruttoleistungen,51 – 55,51,55,per_capita_chf,3968.861864076834,CHF,chf_per_capita_year,
2022,okp_bruttoleistungen,56 – 60,56,60,total_mio_chf,3049.4782000488194,CHF,mio_chf,
2022,okp_bruttoleistungen,56 – 60,56,60,per_capita_chf,4678.446206937991,CHF,chf_per_capita_year,
2022,okp_bruttoleistungen,61 – 65,61,65,total_mio_chf,3081.961234446739,CHF,mio_chf,
2022,okp_bruttoleistungen,61 – 65,61,65,per_capita_chf,5696.720485742539,CHF,chf_per_capita_year,
2022,okp_bruttoleistungen,66 – 70,66,70,total_mio_chf,3136.6753797050605,CHF,mio_chf,
2022,okp_bruttoleistungen,66 – 70,66,70,per_capita_chf,7124.67416719443,CHF,chf_per_capita_year,
2022,okp_bruttoleistungen,71 – 75,71,75,total_mio_chf,3487.55184654499,CHF,mio_chf,
2022,okp_bruttoleistungen,71 – 75,71,75,per_capita_chf,8870.866999155218,CHF,chf_per_capita_year,
2022,okp_bruttoleistungen,76 – 80,76,80,total_mio_chf,3667.10177307721,CHF,mio_chf,
2022,okp_bruttoleistungen,76 – 80,76,80,per_capita_chf,10863.434864272882,CHF,chf_per_capita_year,
2022,okp_bruttoleistungen,81 – 85,81,85,total_mio_chf,2941.827637087989,CHF,mio_chf,
2022,okp_bruttoleistungen,81 – 85,81,85,per_capita_chf,12964.079095774343,CHF,chf_per_capita_year,
2022,okp_bruttoleistungen,86 – 90,86,90,total_mio_chf,2238.98697062645,CHF,mio_chf,
2022,okp_bruttoleistungen,86 – 90,86,90,per_capita_chf,15820.980145826703,CHF,chf_per_capita_year,
2022,okp_bruttoleistungen,91 – 95,91,95,total_mio_chf,1195.1554815582597,CHF,mio_chf,
2022,okp_bruttoleistungen,91 – 95,91,95,per_capita_chf,19620.829238789145,CHF,chf_per_capita_year,
2022,okp_bruttoleistungen,96 – 100,96,100,total_mio_chf,341.37924069933996,CHF,mio_chf,
2022,okp_bruttoleistungen,96 – 100,96,100,per_capita_chf,24081.554292867037,CHF,chf_per_capita_year,
2022,okp_bruttoleistungen,> 100,100,100,total_mio_chf,40.00959038797,CHF,mio_chf,
2022,okp_bruttoleistungen,> 100,100,100,per_capita_chf,28153.95788005859,CHF,chf_per_capita_year,
2023,okp_premium,0 – 5,0,5,total_mio_chf,595.57508712287,CHF,mio_chf,
2023,okp_premium,0 – 5,0,5,per_capita_chf,1228.2851001780223,CHF,chf_per_capita_year,
2023,okp_premium,6 – 10,6,10,total_mio_chf,564.9871789334501,CHF,mio_chf,
2023,okp_premium,6 – 10,6,10,per_capita_chf,1229.1999339141232,CHF,chf_per_capita_year,
2023,okp_premium,11 – 15,11,15,total_mio_chf,568.44099034357,CHF,mio_chf,
2023,okp_premium,11 – 15,11,15,per_capita_chf,1257.5461385144033,CHF,chf_per_capita_year,
2023,okp_premium,16 – 18,16,18,total_mio_chf,335.03617140250003,CHF,mio_chf,
2023,okp_premium,16 – 18,16,18,per_capita_chf,1269.5452381504251,CHF,chf_per_capita_year,
2023,okp_premium,19 – 20,19,20,total_mio_chf,583.28564470555,CHF,mio_chf,
2023,okp_premium,19 – 20,19,20,per_capita_chf,3457.5860551972773,CHF,chf_per_capita_year,
2023,okp_premium,21 – 25,21,25,total_mio_chf,1515.3333842456002,CHF,mio_chf,
2023,okp_premium,21 – 25,21,25,per_capita_chf,3256.920937059795,CHF,chf_per_capita_year,
2023,okp_premium,26 – 30,26,30,total_mio_chf,2422.3273736952096,CHF,mio_chf,
2023,okp_premium,26 – 30,26,30,per_capita_chf,4238.2282792351225,CHF,chf_per_capita_year,
2023,okp_premium,31 – 35,31,35,total_mio_chf,2740.7645793127595,CHF,mio_chf,
2023,okp_premium,31 – 35,31,35,per_capita_chf,4196.72037566849,CHF,chf_per_capita_year,
2023,okp_premium,36 – 40,36,40,total_mio_chf,2766.4487148835306,CHF,mio_chf,
2023,okp_premium,36 – 40,36,40,per_capita_chf,4253.814620190408,CHF,chf_per_capita_year,
2023,okp_premium,41 – 45,41,45,total_mio_chf,2764.9811123663103,CHF,mio_chf,
2023,okp_premium,41 – 45,41,45,per_capita_chf,4357.631598947478,CHF,chf_per_capita_year,
2023,okp_premium,46 – 50,46,50,total_mio_chf,2695.27649817867,CHF,mio_chf,
2023,okp_premium,46 – 50,46,50,per_capita_chf,4476.680086932282,CHF,chf_per_capita_year,
2023,okp_premium,51 – 55,51,55,total_mio_chf,2922.5348735807497,CHF,mio_chf,
2023,okp_premium,51 – 55,51,55,per_capita_chf,4584.113559407414,CHF,chf_per_capita_year,
2023,okp_premium,56 – 60,56,60,total_mio_chf,3101.8297232953796,CHF,mio_chf,
2023,okp_premium,56 – 60,56,60,per_capita_chf,4713.810746342141,CHF,chf_per_capita_year,
2023,okp_premium,61 – 65,61,65,total_mio_chf,2744.58969370855,CHF,mio_chf,
2023,okp_premium,61 – 65,61,65,per_capita_chf,4918.955929994925,CHF,chf_per_capita_year,
2023,okp_premium,66 – 70,66,70,total_mio_chf,2345.78554147067,CHF,mio_chf,
2023,okp_premium,66 – 70,66,70,per_capita_chf,5202.761095163592,CHF,chf_per_capita_year,
2023,okp_premium,71 – 75,71,75,total_mio_chf,2118.03419479518,CHF,mio_chf,
2023,okp_premium,71 – 75,71,75,per_capita_chf,5375.1083282780255,CHF,chf_per_capita_year,
2023,okp_premium,76 – 80,76,80,total_mio_chf,1905.24009543116,CHF,mio_chf,
2023,okp_premium,76 – 80,76,80,per_capita_chf,5516.899739113095,CHF,chf_per_capita_year,
2023,okp_premium,81 – 85,81,85,total_mio_chf,1336.5242698768998,CHF,mio_chf,
2023,okp_premium,81 – 85,81,85,per_capita_chf,5628.987898600351,CHF,chf_per_capita_year,
2023,okp_premium,86 – 90,86,90,total_mio_chf,821.8853884442301,CHF,mio_chf,
2023,okp_premium,86 – 90,86,90,per_capita_chf,5730.022782808501,CHF,chf_per_capita_year,
2023,okp_premium,91 – 95,91,95,total_mio_chf,364.38697555575,CHF,mio_chf,
2023,okp_premium,91 – 95,91,95,per_capita_chf,5824.071414662925,CHF,chf_per_capita_year,
2023,okp_premium,96 – 100,96,100,total_mio_chf,85.32192182405001,CHF,mio_chf,
2023,okp_premium,96 – 100,96,100,per_capita_chf,5927.078146691482,CHF,chf_per_capita_year,
2023,okp_premium,> 100,100,100,total_mio_chf,8.89572549206,CHF,mio_chf,
2023,okp_premium,> 100,100,100,per_capita_chf,6063.925599594599,CHF,chf_per_capita_year,
2023,praemienverbilligung,0 – 18,0,18,beneficiaries_count,652640.0,Anzahl,count,403d_coarse_0_18
2023,praemienverbilligung,0 – 18,0,18,beneficiary_rate,0.3930505400200691,Anteil,rate,403d_coarse_0_18
2023,praemienverbilligung,0 – 18,0,18,total_mio_chf,656.6623038031656,CHF,mio_chf,403d_coarse_0_18
2023,praemienverbilligung,19 – 25,19,25,beneficiaries_count,218743.0,Anzahl,count,
2023,praemienverbilligung,19 – 25,19,25,beneficiary_rate,0.3450406436875461,Anteil,rate,
2023,praemienverbilligung,19 – 25,19,25,total_mio_chf,506.0217783071114,CHF,mio_chf,
2023,praemienverbilligung,26 – 30,26,30,beneficiaries_count,180221.0,Anzahl,count,
2023,praemienverbilligung,26 – 30,26,30,beneficiary_rate,0.3153240411802677,Anteil,rate,
2023,praemienverbilligung,26 – 30,26,30,total_mio_chf,483.65274538823996,CHF,mio_chf,
2023,praemienverbilligung,31 – 35,31,35,beneficiaries_count,177106.0,Anzahl,count,
2023,praemienverbilligung,31 – 35,31,35,beneficiary_rate,0.2711886910912704,Anteil,rate,
2023,praemienverbilligung,31 – 35,31,35,total_mio_chf,440.01359806256795,CHF,mio_chf,
2023,praemienverbilligung,36 – 40,36,40,beneficiaries_count,182049.0,Anzahl,count,
2023,praemienverbilligung,36 – 40,36,40,beneficiary_rate,0.2799266415548377,Anteil,rate,
2023,praemienverbilligung,36 – 40,36,40,total_mio_chf,440.37587843969,CHF,mio_chf,
2023,praemienverbilligung,41 – 45,41,45,beneficiaries_count,167765.0,Anzahl,count,
2023,praemienverbilligung,41 – 45,41,45,beneficiary_rate,0.26439893637167516,Anteil,rate,
2023,praemienverbilligung,41 – 45,41,45,total_mio_chf,414.99781023788745,CHF,mio_chf,
2023,praemienverbilligung,46 – 50,46,50,beneficiaries_count,136874.0,Anzahl,count,
2023,praemienverbilligung,46 – 50,46,50,beneficiary_rate,0.22733886880727386,Anteil,rate,
2023,praemienverbilligung,46 – 50,46,50,total_mio_chf,359.32601137996056,CHF,mio_chf,
2023,praemienverbilligung,51 – 55,51,55,beneficiaries_count,122892.0,Anzahl,count,
2023,praemienverbilligung,51 – 55,51,55,beneficiary_rate,0.19276104748494136,Anteil,rate,
2023,praemienverbilligung,51 – 55,51,55,total_mio_chf,355.7571385136448,CHF,mio_chf,
2023,praemienverbilligung,56 – 60,56,60,beneficiaries_count,116305.0,Anzahl,count,
2023,praemienverbilligung,56 – 60,56,60,beneficiary_rate,0.17674721301944119,Anteil,rate,
2023,praemienverbilligung,56 – 60,56,60,total_mio_chf,375.81209780262037,CHF,mio_chf,
2023,praemienverbilligung,61 – 65,61,65,beneficiaries_count,104128.0,Anzahl,count,
2023,praemienverbilligung,61 – 65,61,65,beneficiary_rate,0.18662208207391984,Anteil,rate,
2023,praemienverbilligung,61 – 65,61,65,total_mio_chf,368.03593292589966,CHF,mio_chf,
2023,praemienverbilligung,66 – 70,66,70,beneficiaries_count,91072.0,Anzahl,count,
2023,praemienverbilligung,66 – 70,66,70,beneficiary_rate,0.20199027152400192,Anteil,rate,
2023,praemienverbilligung,66 – 70,66,70,total_mio_chf,359.94433785017054,CHF,mio_chf,
2023,praemienverbilligung,71 – 75,71,75,beneficiaries_count,82485.0,Anzahl,count,
2023,praemienverbilligung,71 – 75,71,75,beneficiary_rate,0.20932891997094868,Anteil,rate,
2023,praemienverbilligung,71 – 75,71,75,total_mio_chf,326.2759713683649,CHF,mio_chf,
2023,praemienverbilligung,76 – 80,76,80,beneficiaries_count,73444.0,Anzahl,count,
2023,praemienverbilligung,76 – 80,76,80,beneficiary_rate,0.21266778156257957,Anteil,rate,
2023,praemienverbilligung,76 – 80,76,80,total_mio_chf,283.61977785796944,CHF,mio_chf,
2023,praemienverbilligung,81 – 85,81,85,beneficiaries_count,58428.0,Anzahl,count,
2023,praemienverbilligung,81 – 85,81,85,beneficiary_rate,0.24607896194037218,Anteil,rate,
2023,praemienverbilligung,81 – 85,81,85,total_mio_chf,230.10183159009028,CHF,mio_chf,
2023,praemienverbilligung,86 – 90,86,90,beneficiaries_count,42741.0,Anzahl,count,
2023,praemienverbilligung,86 – 90,86,90,beneficiary_rate,0.29798181985399363,Anteil,rate,
2023,praemienverbilligung,86 – 90,86,90,total_mio_chf,173.1207827039345,CHF,mio_chf,
2023,okp_kostenbeteiligung,0 – 5,0,5,total_mio_chf,66.47997988132,CHF,mio_chf,
2023,okp_kostenbeteiligung,0 – 5,0,5,per_capita_chf,137.1050779555424,CHF,chf_per_capita_year,
2023,okp_kostenbeteiligung,6 – 10,6,10,total_mio_chf,45.817398240680006,CHF,mio_chf,
2023,okp_kostenbeteiligung,6 – 10,6,10,per_capita_chf,99.68145294177504,CHF,chf_per_capita_year,
2023,okp_kostenbeteiligung,11 – 15,11,15,total_mio_chf,51.21816976078001,CHF,mio_chf,
2023,okp_kostenbeteiligung,11 – 15,11,15,per_capita_chf,113.30852753161707,CHF,chf_per_capita_year,
2023,okp_kostenbeteiligung,16 – 18,16,18,total_mio_chf,37.29990923769,CHF,mio_chf,
2023,okp_kostenbeteiligung,16 – 18,16,18,per_capita_chf,141.3397304473825,CHF,chf_per_capita_year,
2023,okp_kostenbeteiligung,19 – 20,19,20,total_mio_chf,85.79358444168,CHF,mio_chf,
2023,okp_kostenbeteiligung,19 – 20,19,20,per_capita_chf,508.56506393310923,CHF,chf_per_capita_year,
2023,okp_kostenbeteiligung,21 – 25,21,25,total_mio_chf,239.77404870759003,CHF,mio_chf,
2023,okp_kostenbeteiligung,21 – 25,21,25,per_capita_chf,515.3487196404136,CHF,chf_per_capita_year,
2023,okp_kostenbeteiligung,26 – 30,26,30,total_mio_chf,302.49251034954,CHF,mio_chf,
2023,okp_kostenbeteiligung,26 – 30,26,30,per_capita_chf,529.2564190712711,CHF,chf_per_capita_year,
2023,okp_kostenbeteiligung,31 – 35,31,35,total_mio_chf,368.05667253121993,CHF,mio_chf,
2023,okp_kostenbeteiligung,31 – 35,31,35,per_capita_chf,563.5766561897952,CHF,chf_per_capita_year,
2023,okp_kostenbeteiligung,36 – 40,36,40,total_mio_chf,390.72269143124,CHF,mio_chf,
2023,okp_kostenbeteiligung,36 – 40,36,40,per_capita_chf,600.7925931568653,CHF,chf_per_capita_year,
2023,okp_kostenbeteiligung,41 – 45,41,45,total_mio_chf,400.89642303624004,CHF,mio_chf,
2023,okp_kostenbeteiligung,41 – 45,41,45,per_capita_chf,631.8158605548892,CHF,chf_per_capita_year,
2023,okp_kostenbeteiligung,46 – 50,46,50,total_mio_chf,406.31893812269004,CHF,mio_chf,
2023,okp_kostenbeteiligung,46 – 50,46,50,per_capita_chf,674.8694987198814,CHF,chf_per_capita_year,
2023,okp_kostenbeteiligung,51 – 55,51,55,total_mio_chf,462.12585620007997,CHF,mio_chf,
2023,okp_kostenbeteiligung,51 – 55,51,55,per_capita_chf,724.863002563249,CHF,chf_per_capita_year,
2023,okp_kostenbeteiligung,56 – 60,56,60,total_mio_chf,494.11755562879995,CHF,mio_chf,
2023,okp_kostenbeteiligung,56 – 60,56,60,per_capita_chf,750.904095794412,CHF,chf_per_capita_year,
2023,okp_kostenbeteiligung,61 – 65,61,65,total_mio_chf,444.98563443622993,CHF,mio_chf,
2023,okp_kostenbeteiligung,61 – 65,61,65,per_capita_chf,797.5198370416545,CHF,chf_per_capita_year,
2023,okp_kostenbeteiligung,66 – 70,66,70,total_mio_chf,383.92398734949006,CHF,mio_chf,
2023,okp_kostenbeteiligung,66 – 70,66,70,per_capita_chf,851.5121052497033,CHF,chf_per_capita_year,
2023,okp_kostenbeteiligung,71 – 75,71,75,total_mio_chf,354.29643214321993,CHF,mio_chf,
2023,okp_kostenbeteiligung,71 – 75,71,75,per_capita_chf,899.1269866048461,CHF,chf_per_capita_year,
2023,okp_kostenbeteiligung,76 – 80,76,80,total_mio_chf,327.81719488124,CHF,mio_chf,
2023,okp_kostenbeteiligung,76 – 80,76,80,per_capita_chf,949.2423559917914,CHF,chf_per_capita_year,
2023,okp_kostenbeteiligung,81 – 85,81,85,total_mio_chf,236.02313474773,CHF,mio_chf,
2023,okp_kostenbeteiligung,81 – 85,81,85,per_capita_chf,994.0495651508521,CHF,chf_per_capita_year,
2023,okp_kostenbeteiligung,86 – 90,86,90,total_mio_chf,151.62364164437003,CHF,mio_chf,
2023,okp_kostenbeteiligung,86 – 90,86,90,per_capita_chf,1057.0901165176097,CHF,chf_per_capita_year,
2023,okp_kostenbeteiligung,91 – 95,91,95,total_mio_chf,70.97145233195,CHF,mio_chf,
2023,okp_kostenbeteiligung,91 – 95,91,95,per_capita_chf,1134.351210421851,CHF,chf_per_capita_year,
2023,okp_kostenbeteiligung,96 – 100,96,100,total_mio_chf,17.56207849639,CHF,mio_chf,
2023,okp_kostenbeteiligung,96 – 100,96,100,per_capita_chf,1219.989065425538,CHF,chf_per_capita_year,
2023,okp_kostenbeteiligung,> 100,100,100,total_mio_chf,1.92921965995,CHF,mio_chf,
2023,okp_kostenbeteiligung,> 100,100,100,per_capita_chf,1315.086048198517,CHF,chf_per_capita_year,
2023,okp_nettoleistungen,0 – 5,0,5,total_mio_chf,739.21206222785,CHF,mio_chf,
2023,okp_nettoleistungen,0 – 5,0,5,per_capita_chf,1524.5150133672735,CHF,chf_per_capita_year,
2023,okp_nettoleistungen,6 – 10,6,10,total_mio_chf,479.5904784814599,CHF,mio_chf,
2023,okp_nettoleistungen,6 – 10,6,10,per_capita_chf,1043.4087824224628,CHF,chf_per_capita_year,
2023,okp_nettoleistungen,11 – 15,11,15,total_mio_chf,601.1267072367199,CHF,mio_chf,
2023,okp_nettoleistungen,11 – 15,11,15,per_capita_chf,1329.8558377827692,CHF,chf_per_capita_year,
2023,okp_nettoleistungen,16 – 18,16,18,total_mio_chf,485.31021641842005,CHF,mio_chf,
2023,okp_nettoleistungen,16 – 18,16,18,per_capita_chf,1838.9753909274764,CHF,chf_per_capita_year,
2023,okp_nettoleistungen,19 – 20,19,20,total_mio_chf,246.85545423726998,CHF,mio_chf,
2023,okp_nettoleistungen,19 – 20,19,20,per_capita_chf,1463.3035871319003,CHF,chf_per_capita_year,
2023,okp_nettoleistungen,21 – 25,21,25,total_mio_chf,757.1824611091898,CHF,mio_chf,
2023,okp_nettoleistungen,21 – 25,21,25,per_capita_chf,1627.41970605281,CHF,chf_per_capita_year,
2023,okp_nettoleistungen,26 – 30,26,30,total_mio_chf,1051.4897179737297,CHF,mio_chf,
2023,okp_nettoleistungen,26 – 30,26,30,per_capita_chf,1839.7403697102257,CHF,chf_per_capita_year,
2023,okp_nettoleistungen,31 – 35,31,35,total_mio_chf,1400.3950503565902,CHF,mio_chf,
2023,okp_nettoleistungen,31 – 35,31,35,per_capita_chf,2144.3164021371235,CHF,chf_per_capita_year,
2023,okp_nettoleistungen,36 – 40,36,40,total_mio_chf,1412.26310682414,CHF,mio_chf,
2023,okp_nettoleistungen,36 – 40,36,40,per_capita_chf,2171.558583046776,CHF,chf_per_capita_year,
2023,okp_nettoleistungen,41 – 45,41,45,total_mio_chf,1449.7560389648,CHF,mio_chf,
2023,okp_nettoleistungen,41 – 45,41,45,per_capita_chf,2284.8267201186536,CHF,chf_per_capita_year,
2023,okp_nettoleistungen,46 – 50,46,50,total_mio_chf,1631.0510882390697,CHF,mio_chf,
2023,okp_nettoleistungen,46 – 50,46,50,per_capita_chf,2709.070454338612,CHF,chf_per_capita_year,
2023,okp_nettoleistungen,51 – 55,51,55,total_mio_chf,2165.8071609968806,CHF,mio_chf,
2023,okp_nettoleistungen,51 – 55,51,55,per_capita_chf,3397.1556895822814,CHF,chf_per_capita_year,
2023,okp_nettoleistungen,56 – 60,56,60,total_mio_chf,2708.8878966690704,CHF,mio_chf,
2023,okp_nettoleistungen,56 – 60,56,60,per_capita_chf,4116.662104968437,CHF,chf_per_capita_year,
2023,okp_nettoleistungen,61 – 65,61,65,total_mio_chf,2863.2767573337997,CHF,mio_chf,
2023,okp_nettoleistungen,61 – 65,61,65,per_capita_chf,5131.671308461658,CHF,chf_per_capita_year,
2023,okp_nettoleistungen,66 – 70,66,70,total_mio_chf,2962.8701863922906,CHF,mio_chf,
2023,okp_nettoleistungen,66 – 70,66,70,per_capita_chf,6571.404530917835,CHF,chf_per_capita_year,
2023,okp_nettoleistungen,71 – 75,71,75,total_mio_chf,3292.42258881933,CHF,mio_chf,
2023,okp_nettoleistungen,71 – 75,71,75,per_capita_chf,8355.449652730864,CHF,chf_per_capita_year,
2023,okp_nettoleistungen,76 – 80,76,80,total_mio_chf,3589.9447662734096,CHF,mio_chf,
2023,okp_nettoleistungen,76 – 80,76,80,per_capita_chf,10395.207088061099,CHF,chf_per_capita_year,
2023,okp_nettoleistungen,81 – 85,81,85,total_mio_chf,2970.9152308602497,CHF,mio_chf,
2023,okp_nettoleistungen,81 – 85,81,85,per_capita_chf,12512.48949173224,CHF,chf_per_capita_year,
2023,okp_nettoleistungen,86 – 90,86,90,total_mio_chf,2206.62334818085,CHF,mio_chf,
2023,okp_nettoleistungen,86 – 90,86,90,per_capita_chf,15384.142650458396,CHF,chf_per_capita_year,
2023,okp_nettoleistungen,91 – 95,91,95,total_mio_chf,1194.64380638786,CHF,mio_chf,
2023,okp_nettoleistungen,91 – 95,91,95,per_capita_chf,19094.235826832242,CHF,chf_per_capita_year,
2023,okp_nettoleistungen,96 – 100,96,100,total_mio_chf,338.46068327196997,CHF,mio_chf,
2023,okp_nettoleistungen,96 – 100,96,100,per_capita_chf,23511.928428809704,CHF,chf_per_capita_year,
2023,okp_nettoleistungen,> 100,100,100,total_mio_chf,40.80844228515999,CHF,mio_chf,
2023,okp_nettoleistungen,> 100,100,100,per_capita_chf,27817.78260507629,CHF,chf_per_capita_year,
2023,okp_bruttoleistungen,0 – 5,0,5,total_mio_chf,805.69204210917,CHF,mio_chf,
2023,okp_bruttoleistungen,0 – 5,0,5,per_capita_chf,1661.6200913228158,CHF,chf_per_capita_year,
2023,okp_bruttoleistungen,6 – 10,6,10,total_mio_chf,525.4078767221399,CHF,mio_chf,
2023,okp_bruttoleistungen,6 – 10,6,10,per_capita_chf,1143.090235364238,CHF,chf_per_capita_year,
2023,okp_bruttoleistungen,11 – 15,11,15,total_mio_chf,652.3448769974999,CHF,mio_chf,
2023,okp_bruttoleistungen,11 – 15,11,15,per_capita_chf,1443.1643653143865,CHF,chf_per_capita_year,
2023,okp_bruttoleistungen,16 – 18,16,18,total_mio_chf,522.6101256561101,CHF,mio_chf,
2023,okp_bruttoleistungen,16 – 18,16,18,per_capita_chf,1980.3151213748588,CHF,chf_per_capita_year,
2023,okp_bruttoleistungen,19 – 20,19,20,total_mio_chf,332.64903867895,CHF,mio_chf,
2023,okp_bruttoleistungen,19 – 20,19,20,per_capita_chf,1971.8686510650093,CHF,chf_per_capita_year,
2023,okp_bruttoleistungen,21 – 25,21,25,total_mio_chf,996.9565098167799,CHF,mio_chf,
2023,okp_bruttoleistungen,21 – 25,21,25,per_capita_chf,2142.7684256932234,CHF,chf_per_capita_year,
2023,okp_bruttoleistungen,26 – 30,26,30,total_mio_chf,1353.9822283232697,CHF,mio_chf,
2023,okp_bruttoleistungen,26 – 30,26,30,per_capita_chf,2368.996788781497,CHF,chf_per_capita_year,
2023,okp_bruttoleistungen,31 – 35,31,35,total_mio_chf,1768.45172288781,CHF,mio_chf,
2023,okp_bruttoleistungen,31 – 35,31,35,per_capita_chf,2707.8930583269184,CHF,chf_per_capita_year,
2023,okp_bruttoleistungen,36 – 40,36,40,total_mio_chf,1802.9857982553801,CHF,mio_chf,
2023,okp_bruttoleistungen,36 – 40,36,40,per_capita_chf,2772.351176203642,CHF,chf_per_capita_year,
2023,okp_bruttoleistungen,41 – 45,41,45,total_mio_chf,1850.65246200104,CHF,mio_chf,
2023,okp_bruttoleistungen,41 – 45,41,45,per_capita_chf,2916.642580673543,CHF,chf_per_capita_year,
2023,okp_bruttoleistungen,46 – 50,46,50,total_mio_chf,2037.3700263617598,CHF,mio_chf,
2023,okp_bruttoleistungen,46 – 50,46,50,per_capita_chf,3383.939953058493,CHF,chf_per_capita_year,
2023,okp_bruttoleistungen,51 – 55,51,55,total_mio_chf,2627.9330171969605,CHF,mio_chf,
2023,okp_bruttoleistungen,51 – 55,51,55,per_capita_chf,4122.01869214553,CHF,chf_per_capita_year,
2023,okp_bruttoleistungen,56 – 60,56,60,total_mio_chf,3203.0054522978703,CHF,mio_chf,
2023,okp_bruttoleistungen,56 – 60,56,60,per_capita_chf,4867.56620076285,CHF,chf_per_capita_year,
2023,okp_bruttoleistungen,61 – 65,61,65,total_mio_chf,3308.26239177003,CHF,mio_chf,
2023,okp_bruttoleistungen,61 – 65,61,65,per_capita_chf,5929.191145503312,CHF,chf_per_capita_year,
2023,okp_bruttoleistungen,66 – 70,66,70,total_mio_chf,3346.7941737417805,CHF,mio_chf,
2023,okp_bruttoleistungen,66 – 70,66,70,per_capita_chf,7422.916636167537,CHF,chf_per_capita_year,
2023,okp_bruttoleistungen,71 – 75,71,75,total_mio_chf,3646.71902096255,CHF,mio_chf,
2023,okp_bruttoleistungen,71 – 75,71,75,per_capita_chf,9254.57663933571,CHF,chf_per_capita_year,
2023,okp_bruttoleistungen,76 – 80,76,80,total_mio_chf,3917.7619611546497,CHF,mio_chf,
2023,okp_bruttoleistungen,76 – 80,76,80,per_capita_chf,11344.449444052889,CHF,chf_per_capita_year,
2023,okp_bruttoleistungen,81 – 85,81,85,total_mio_chf,3206.93836560798,CHF,mio_chf,
2023,okp_bruttoleistungen,81 – 85,81,85,per_capita_chf,13506.539056883094,CHF,chf_per_capita_year,
2023,okp_bruttoleistungen,86 – 90,86,90,total_mio_chf,2358.2469898252198,CHF,mio_chf,
2023,okp_bruttoleistungen,86 – 90,86,90,per_capita_chf,16441.232766976,CHF,chf_per_capita_year,
2023,okp_bruttoleistungen,91 – 95,91,95,total_mio_chf,1265.61525871981,CHF,mio_chf,
2023,okp_bruttoleistungen,91 – 95,91,95,per_capita_chf,20228.587037254092,CHF,chf_per_capita_year,
2023,okp_bruttoleistungen,96 – 100,96,100,total_mio_chf,356.02276176836,CHF,mio_chf,
2023,okp_bruttoleistungen,96 – 100,96,100,per_capita_chf,24731.917494235247,CHF,chf_per_capita_year,
2023,okp_bruttoleistungen,> 100,100,100,total_mio_chf,42.73766194510999,CHF,mio_chf,
2023,okp_bruttoleistungen,> 100,100,100,per_capita_chf,29132.868653274807,CHF,chf_per_capita_year,
2024,okp_premium,0 – 5,0,5,total_mio_chf,629.4209631906699,CHF,mio_chf,
2024,okp_premium,0 – 5,0,5,per_capita_chf,1319.0561720866658,CHF,chf_per_capita_year,
2024,okp_premium,6 – 10,6,10,total_mio_chf,614.2558305068901,CHF,mio_chf,
2024,okp_premium,6 – 10,6,10,per_capita_chf,1319.1408818766322,CHF,chf_per_capita_year,
2024,okp_premium,11 – 15,11,15,total_mio_chf,617.96047211397,CHF,mio_chf,
2024,okp_premium,11 – 15,11,15,per_capita_chf,1350.1166951857558,CHF,chf_per_capita_year,
2024,okp_premium,16 – 18,16,18,total_mio_chf,369.14558456363,CHF,mio_chf,
2024,okp_premium,16 – 18,16,18,per_capita_chf,1362.9803497038429,CHF,chf_per_capita_year,
2024,okp_premium,19 – 20,19,20,total_mio_chf,643.82695051903,CHF,mio_chf,
2024,okp_premium,19 – 20,19,20,per_capita_chf,3712.439736239903,CHF,chf_per_capita_year,
2024,okp_premium,21 – 25,21,25,total_mio_chf,1626.6632906592197,CHF,mio_chf,
2024,okp_premium,21 – 25,21,25,per_capita_chf,3507.468002040536,CHF,chf_per_capita_year,
2024,okp_premium,26 – 30,26,30,total_mio_chf,2641.24653484484,CHF,mio_chf,
2024,okp_premium,26 – 30,26,30,per_capita_chf,4598.189859194796,CHF,chf_per_capita_year,
2024,okp_premium,31 – 35,31,35,total_mio_chf,2992.8134606814606,CHF,mio_chf,
2024,okp_premium,31 – 35,31,35,per_capita_chf,4558.534714976167,CHF,chf_per_capita_year,
2024,okp_premium,36 – 40,36,40,total_mio_chf,3064.95986596987,CHF,mio_chf,
2024,okp_premium,36 – 40,36,40,per_capita_chf,4612.249711122708,CHF,chf_per_capita_year,
2024,okp_premium,41 – 45,41,45,total_mio_chf,3052.40569052093,CHF,mio_chf,
2024,okp_premium,41 – 45,41,45,per_capita_chf,4715.253130451606,CHF,chf_per_capita_year,
2024,okp_premium,46 – 50,46,50,total_mio_chf,2938.2016026591996,CHF,mio_chf,
2024,okp_premium,46 – 50,46,50,per_capita_chf,4835.847532828768,CHF,chf_per_capita_year,
2024,okp_premium,51 – 55,51,55,total_mio_chf,3106.57528528629,CHF,mio_chf,
2024,okp_premium,51 – 55,51,55,per_capita_chf,4948.99985735195,CHF,chf_per_capita_year,
2024,okp_premium,56 – 60,56,60,total_mio_chf,3343.86346519975,CHF,mio_chf,
2024,okp_premium,56 – 60,56,60,per_capita_chf,5079.662024613983,CHF,chf_per_capita_year,
2024,okp_premium,61 – 65,61,65,total_mio_chf,3050.4245995852402,CHF,mio_chf,
2024,okp_premium,61 – 65,61,65,per_capita_chf,5286.333339318543,CHF,chf_per_capita_year,
2024,okp_premium,66 – 70,66,70,total_mio_chf,2582.03343935161,CHF,mio_chf,
2024,okp_premium,66 – 70,66,70,per_capita_chf,5583.382632368597,CHF,chf_per_capita_year,
2024,okp_premium,71 – 75,71,75,total_mio_chf,2269.80397343248,CHF,mio_chf,
2024,okp_premium,71 – 75,71,75,per_capita_chf,5763.03776103559,CHF,chf_per_capita_year,
2024,okp_premium,76 – 80,76,80,total_mio_chf,2077.5631374267,CHF,mio_chf,
2024,okp_premium,76 – 80,76,80,per_capita_chf,5917.776043380511,CHF,chf_per_capita_year,
2024,okp_premium,81 – 85,81,85,total_mio_chf,1501.7735579523596,CHF,mio_chf,
2024,okp_premium,81 – 85,81,85,per_capita_chf,6031.367192113718,CHF,chf_per_capita_year,
2024,okp_premium,86 – 90,86,90,total_mio_chf,900.13738698816,CHF,mio_chf,
2024,okp_premium,86 – 90,86,90,per_capita_chf,6134.356457631981,CHF,chf_per_capita_year,
2024,okp_premium,91 – 95,91,95,total_mio_chf,401.12689627226,CHF,mio_chf,
2024,okp_premium,91 – 95,91,95,per_capita_chf,6232.209105486182,CHF,chf_per_capita_year,
2024,okp_premium,96 – 100,96,100,total_mio_chf,94.32870884013998,CHF,mio_chf,
2024,okp_premium,96 – 100,96,100,per_capita_chf,6328.58135395375,CHF,chf_per_capita_year,
2024,okp_premium,> 100,100,100,total_mio_chf,10.50618128765,CHF,mio_chf,
2024,okp_premium,> 100,100,100,per_capita_chf,6511.710235884153,CHF,chf_per_capita_year,
2024,praemienverbilligung,0 – 18,0,18,beneficiaries_count,686770.0,Anzahl,count,403d_coarse_0_18
2024,praemienverbilligung,0 – 18,0,18,beneficiary_rate,0.410902523296194,Anteil,rate,403d_coarse_0_18
2024,praemienverbilligung,0 – 18,0,18,total_mio_chf,715.047674127553,CHF,mio_chf,403d_coarse_0_18
2024,praemienverbilligung,19 – 25,19,25,beneficiaries_count,226842.0,Anzahl,count,
2024,praemienverbilligung,19 – 25,19,25,beneficiary_rate,0.35600057489675,Anteil,rate,
2024,praemienverbilligung,19 – 25,19,25,total_mio_chf,557.894921706556,CHF,mio_chf,
2024,praemienverbilligung,26 – 30,26,30,beneficiaries_count,196525.0,Anzahl,count,
2024,praemienverbilligung,26 – 30,26,30,beneficiary_rate,0.342133629010645,Anteil,rate,
2024,praemienverbilligung,26 – 30,26,30,total_mio_chf,548.329450400591,CHF,mio_chf,
2024,praemienverbilligung,31 – 35,31,35,beneficiaries_count,194349.0,Anzahl,count,
2024,praemienverbilligung,31 – 35,31,35,beneficiary_rate,0.296024685454059,Anteil,rate,
2024,praemienverbilligung,31 – 35,31,35,total_mio_chf,499.174580009447,CHF,mio_chf,
2024,praemienverbilligung,36 – 40,36,40,beneficiaries_count,203248.0,Anzahl,count,
2024,praemienverbilligung,36 – 40,36,40,beneficiary_rate,0.305854096066485,Anteil,rate,
2024,praemienverbilligung,36 – 40,36,40,total_mio_chf,513.981553656468,CHF,mio_chf,
2024,praemienverbilligung,41 – 45,41,45,beneficiaries_count,187902.0,Anzahl,count,
2024,praemienverbilligung,41 – 45,41,45,beneficiary_rate,0.290264657961278,Anteil,rate,
2024,praemienverbilligung,41 – 45,41,45,total_mio_chf,479.685931791917,CHF,mio_chf,
2024,praemienverbilligung,46 – 50,46,50,beneficiaries_count,153602.0,Anzahl,count,
2024,praemienverbilligung,46 – 50,46,50,beneficiary_rate,0.25280629214322903,Anteil,rate,
2024,praemienverbilligung,46 – 50,46,50,total_mio_chf,409.277618693427,CHF,mio_chf,
2024,praemienverbilligung,51 – 55,51,55,beneficiaries_count,133883.0,Anzahl,count,
2024,praemienverbilligung,51 – 55,51,55,beneficiary_rate,0.213285334187801,Anteil,rate,
2024,praemienverbilligung,51 – 55,51,55,total_mio_chf,387.502733490945,CHF,mio_chf,
2024,praemienverbilligung,56 – 60,56,60,beneficiaries_count,127813.0,Anzahl,count,
2024,praemienverbilligung,56 – 60,56,60,beneficiary_rate,0.19416069140048,Anteil,rate,
2024,praemienverbilligung,56 – 60,56,60,total_mio_chf,408.634103007906,CHF,mio_chf,
2024,praemienverbilligung,61 – 65,61,65,beneficiaries_count,117731.0,Anzahl,count,
2024,praemienverbilligung,61 – 65,61,65,beneficiary_rate,0.204025797082784,Anteil,rate,
2024,praemienverbilligung,61 – 65,61,65,total_mio_chf,413.148056080433,CHF,mio_chf,
2024,praemienverbilligung,66 – 70,66,70,beneficiaries_count,100770.0,Anzahl,count,
2024,praemienverbilligung,66 – 70,66,70,beneficiary_rate,0.217904795224136,Anteil,rate,
2024,praemienverbilligung,66 – 70,66,70,total_mio_chf,394.487190464761,CHF,mio_chf,
2024,praemienverbilligung,71 – 75,71,75,beneficiaries_count,90777.0,Anzahl,count,
2024,praemienverbilligung,71 – 75,71,75,beneficiary_rate,0.230483021863073,Anteil,rate,
2024,praemienverbilligung,71 – 75,71,75,total_mio_chf,354.933462070301,CHF,mio_chf,
2024,praemienverbilligung,76 – 80,76,80,beneficiaries_count,81536.0,Anzahl,count,
2024,praemienverbilligung,76 – 80,76,80,beneficiary_rate,0.232248916425577,Anteil,rate,
2024,praemienverbilligung,76 – 80,76,80,total_mio_chf,312.757701328815,CHF,mio_chf,
2024,praemienverbilligung,81 – 85,81,85,beneficiaries_count,64139.0,Anzahl,count,
2024,praemienverbilligung,81 – 85,81,85,beneficiary_rate,0.257592669871241,Anteil,rate,
2024,praemienverbilligung,81 – 85,81,85,total_mio_chf,250.907492544025,CHF,mio_chf,
2024,praemienverbilligung,86 – 90,86,90,beneficiaries_count,45404.0,Anzahl,count,
2024,praemienverbilligung,86 – 90,86,90,beneficiary_rate,0.309424233043201,Anteil,rate,
2024,praemienverbilligung,86 – 90,86,90,total_mio_chf,186.062224407343,CHF,mio_chf,
2024,okp_kostenbeteiligung,0 – 5,0,5,total_mio_chf,70.53693577419999,CHF,mio_chf,
2024,okp_kostenbeteiligung,0 – 5,0,5,per_capita_chf,147.82186475230898,CHF,chf_per_capita_year,
2024,okp_kostenbeteiligung,6 – 10,6,10,total_mio_chf,49.43213609723,CHF,mio_chf,
2024,okp_kostenbeteiligung,6 – 10,6,10,per_capita_chf,106.15764371424108,CHF,chf_per_capita_year,
2024,okp_kostenbeteiligung,11 – 15,11,15,total_mio_chf,56.351955510489994,CHF,mio_chf,
2024,okp_kostenbeteiligung,11 – 15,11,15,per_capita_chf,123.1174474328607,CHF,chf_per_capita_year,
2024,okp_kostenbeteiligung,16 – 18,16,18,total_mio_chf,40.298181839520005,CHF,mio_chf,
2024,okp_kostenbeteiligung,16 – 18,16,18,per_capita_chf,148.79124191878407,CHF,chf_per_capita_year,
2024,okp_kostenbeteiligung,19 – 20,19,20,total_mio_chf,93.02981411444,CHF,mio_chf,
2024,okp_kostenbeteiligung,19 – 20,19,20,per_capita_chf,536.4292039887986,CHF,chf_per_capita_year,
2024,okp_kostenbeteiligung,21 – 25,21,25,total_mio_chf,252.40064176138003,CHF,mio_chf,
2024,okp_kostenbeteiligung,21 – 25,21,25,per_capita_chf,544.2350483693316,CHF,chf_per_capita_year,
2024,okp_kostenbeteiligung,26 – 30,26,30,total_mio_chf,321.38064126196,CHF,mio_chf,
2024,okp_kostenbeteiligung,26 – 30,26,30,per_capita_chf,559.4968837996324,CHF,chf_per_capita_year,
2024,okp_kostenbeteiligung,31 – 35,31,35,total_mio_chf,393.53402455032005,CHF,mio_chf,
2024,okp_kostenbeteiligung,31 – 35,31,35,per_capita_chf,599.4154116202214,CHF,chf_per_capita_year,
2024,okp_kostenbeteiligung,36 – 40,36,40,total_mio_chf,422.70094826438,CHF,mio_chf,
2024,okp_kostenbeteiligung,36 – 40,36,40,per_capita_chf,636.0939169775239,CHF,chf_per_capita_year,
2024,okp_kostenbeteiligung,41 – 45,41,45,total_mio_chf,433.84279430137,CHF,mio_chf,
2024,okp_kostenbeteiligung,41 – 45,41,45,per_capita_chf,670.1856834778366,CHF,chf_per_capita_year,
2024,okp_kostenbeteiligung,46 – 50,46,50,total_mio_chf,434.00921836995997,CHF,mio_chf,
2024,okp_kostenbeteiligung,46 – 50,46,50,per_capita_chf,714.3153165459462,CHF,chf_per_capita_year,
2024,okp_kostenbeteiligung,51 – 55,51,55,total_mio_chf,482.12076529844006,CHF,mio_chf,
2024,okp_kostenbeteiligung,51 – 55,51,55,per_capita_chf,768.0533640981781,CHF,chf_per_capita_year,
2024,okp_kostenbeteiligung,56 – 60,56,60,total_mio_chf,519.6315458692699,CHF,mio_chf,
2024,okp_kostenbeteiligung,56 – 60,56,60,per_capita_chf,789.3721313127573,CHF,chf_per_capita_year,
2024,okp_kostenbeteiligung,61 – 65,61,65,total_mio_chf,479.66111291823,CHF,mio_chf,
2024,okp_kostenbeteiligung,61 – 65,61,65,per_capita_chf,831.2444546700293,CHF,chf_per_capita_year,
2024,okp_kostenbeteiligung,66 – 70,66,70,total_mio_chf,407.02912370489,CHF,mio_chf,
2024,okp_kostenbeteiligung,66 – 70,66,70,per_capita_chf,880.1587560898429,CHF,chf_per_capita_year,
2024,okp_kostenbeteiligung,71 – 75,71,75,total_mio_chf,363.61105225766005,CHF,mio_chf,
2024,okp_kostenbeteiligung,71 – 75,71,75,per_capita_chf,923.2093383473475,CHF,chf_per_capita_year,
2024,okp_kostenbeteiligung,76 – 80,76,80,total_mio_chf,340.22547000496,CHF,mio_chf,
2024,okp_kostenbeteiligung,76 – 80,76,80,per_capita_chf,969.1056312430661,CHF,chf_per_capita_year,
2024,okp_kostenbeteiligung,81 – 85,81,85,total_mio_chf,251.13303323767997,CHF,mio_chf,
2024,okp_kostenbeteiligung,81 – 85,81,85,per_capita_chf,1008.5911617667439,CHF,chf_per_capita_year,
2024,okp_kostenbeteiligung,86 – 90,86,90,total_mio_chf,156.75138193682997,CHF,mio_chf,
2024,okp_kostenbeteiligung,86 – 90,86,90,per_capita_chf,1068.2467653569179,CHF,chf_per_capita_year,
2024,okp_kostenbeteiligung,91 – 95,91,95,total_mio_chf,73.65126083361,CHF,mio_chf,
2024,okp_kostenbeteiligung,91 – 95,91,95,per_capita_chf,1144.3013736137368,CHF,chf_per_capita_year,
2024,okp_kostenbeteiligung,96 – 100,96,100,total_mio_chf,18.13070662085,CHF,mio_chf,
2024,okp_kostenbeteiligung,96 – 100,96,100,per_capita_chf,1216.4022307267155,CHF,chf_per_capita_year,
2024,okp_kostenbeteiligung,> 100,100,100,total_mio_chf,2.09656433954,CHF,mio_chf,
2024,okp_kostenbeteiligung,> 100,100,100,per_capita_chf,1299.4464017121502,CHF,chf_per_capita_year,
2024,okp_nettoleistungen,0 – 5,0,5,total_mio_chf,787.33700850635,CHF,mio_chf,
2024,okp_nettoleistungen,0 – 5,0,5,per_capita_chf,1649.9954741226952,CHF,chf_per_capita_year,
2024,okp_nettoleistungen,6 – 10,6,10,total_mio_chf,525.9516121427399,CHF,mio_chf,
2024,okp_nettoleistungen,6 – 10,6,10,per_capita_chf,1129.5037653836775,CHF,chf_per_capita_year,
2024,okp_nettoleistungen,11 – 15,11,15,total_mio_chf,665.3198242359599,CHF,mio_chf,
2024,okp_nettoleistungen,11 – 15,11,15,per_capita_chf,1453.587151401743,CHF,chf_per_capita_year,
2024,okp_nettoleistungen,16 – 18,16,18,total_mio_chf,518.08806069066,CHF,mio_chf,
2024,okp_nettoleistungen,16 – 18,16,18,per_capita_chf,1912.9142421472548,CHF,chf_per_capita_year,
2024,okp_nettoleistungen,19 – 20,19,20,total_mio_chf,260.33965838092,CHF,mio_chf,
2024,okp_nettoleistungen,19 – 20,19,20,per_capita_chf,1501.1724686475081,CHF,chf_per_capita_year,
2024,okp_nettoleistungen,21 – 25,21,25,total_mio_chf,803.9760259816996,CHF,mio_chf,
2024,okp_nettoleistungen,21 – 25,21,25,per_capita_chf,1733.561088967419,CHF,chf_per_capita_year,
2024,okp_nettoleistungen,26 – 30,26,30,total_mio_chf,1106.0629150525301,CHF,mio_chf,
2024,okp_nettoleistungen,26 – 30,26,30,per_capita_chf,1925.5632567918346,CHF,chf_per_capita_year,
2024,okp_nettoleistungen,31 – 35,31,35,total_mio_chf,1483.53320004711,CHF,mio_chf,
2024,okp_nettoleistungen,31 – 35,31,35,per_capita_chf,2259.6589069385454,CHF,chf_per_capita_year,
2024,okp_nettoleistungen,36 – 40,36,40,total_mio_chf,1513.83636569144,CHF,mio_chf,
2024,okp_nettoleistungen,36 – 40,36,40,per_capita_chf,2278.0694187452154,CHF,chf_per_capita_year,
2024,okp_nettoleistungen,41 – 45,41,45,total_mio_chf,1543.4315613359802,CHF,mio_chf,
2024,okp_nettoleistungen,41 – 45,41,45,per_capita_chf,2384.2409034381235,CHF,chf_per_capita_year,
2024,okp_nettoleistungen,46 – 50,46,50,total_mio_chf,1714.14042959458,CHF,mio_chf,
2024,okp_nettoleistungen,46 – 50,46,50,per_capita_chf,2821.2229412286747,CHF,chf_per_capita_year,
2024,okp_nettoleistungen,51 – 55,51,55,total_mio_chf,2214.2262965044297,CHF,mio_chf,
2024,okp_nettoleistungen,51 – 55,51,55,per_capita_chf,3527.4231651319833,CHF,chf_per_capita_year,
2024,okp_nettoleistungen,56 – 60,56,60,total_mio_chf,2814.5183292556003,CHF,mio_chf,
2024,okp_nettoleistungen,56 – 60,56,60,per_capita_chf,4275.533981422782,CHF,chf_per_capita_year,
2024,okp_nettoleistungen,61 – 65,61,65,total_mio_chf,3062.011981339219,CHF,mio_chf,
2024,okp_nettoleistungen,61 – 65,61,65,per_capita_chf,5306.41407250231,CHF,chf_per_capita_year,
2024,okp_nettoleistungen,66 – 70,66,70,total_mio_chf,3134.8610777527697,CHF,mio_chf,
2024,okp_nettoleistungen,66 – 70,66,70,per_capita_chf,6778.815730910298,CHF,chf_per_capita_year,
2024,okp_nettoleistungen,71 – 75,71,75,total_mio_chf,3409.22776483774,CHF,mio_chf,
2024,okp_nettoleistungen,71 – 75,71,75,per_capita_chf,8656.037514560865,CHF,chf_per_capita_year,
2024,okp_nettoleistungen,76 – 80,76,80,total_mio_chf,3778.5250623213396,CHF,mio_chf,
2024,okp_nettoleistungen,76 – 80,76,80,per_capita_chf,10762.832999055843,CHF,chf_per_capita_year,
2024,okp_nettoleistungen,81 – 85,81,85,total_mio_chf,3207.162843995151,CHF,mio_chf,
2024,okp_nettoleistungen,81 – 85,81,85,per_capita_chf,12880.488309711012,CHF,chf_per_capita_year,
2024,okp_nettoleistungen,86 – 90,86,90,total_mio_chf,2343.4675323155398,CHF,mio_chf,
2024,okp_nettoleistungen,86 – 90,86,90,per_capita_chf,15970.523386670313,CHF,chf_per_capita_year,
2024,okp_nettoleistungen,91 – 95,91,95,total_mio_chf,1272.03745168499,CHF,mio_chf,
2024,okp_nettoleistungen,91 – 95,91,95,per_capita_chf,19763.33041384956,CHF,chf_per_capita_year,
2024,okp_nettoleistungen,96 – 100,96,100,total_mio_chf,359.62835946403,CHF,mio_chf,
2024,okp_nettoleistungen,96 – 100,96,100,per_capita_chf,24127.726945930062,CHF,chf_per_capita_year,
2024,okp_nettoleistungen,> 100,100,100,total_mio_chf,45.56409991917999,CHF,mio_chf,
2024,okp_nettoleistungen,> 100,100,100,per_capita_chf,28240.538375379387,CHF,chf_per_capita_year,
2024,okp_bruttoleistungen,0 – 5,0,5,total_mio_chf,857.87394428055,CHF,mio_chf,
2024,okp_bruttoleistungen,0 – 5,0,5,per_capita_chf,1797.817338875004,CHF,chf_per_capita_year,
2024,okp_bruttoleistungen,6 – 10,6,10,total_mio_chf,575.3837482399699,CHF,mio_chf,
2024,okp_bruttoleistungen,6 – 10,6,10,per_capita_chf,1235.6614090979187,CHF,chf_per_capita_year,
2024,okp_bruttoleistungen,11 – 15,11,15,total_mio_chf,721.6717797464499,CHF,mio_chf,
2024,okp_bruttoleistungen,11 – 15,11,15,per_capita_chf,1576.704598834604,CHF,chf_per_capita_year,
2024,okp_bruttoleistungen,16 – 18,16,18,total_mio_chf,558.38624253018,CHF,mio_chf,
2024,okp_bruttoleistungen,16 – 18,16,18,per_capita_chf,2061.7054840660385,CHF,chf_per_capita_year,
2024,okp_bruttoleistungen,19 – 20,19,20,total_mio_chf,353.36947249536,CHF,mio_chf,
2024,okp_bruttoleistungen,19 – 20,19,20,per_capita_chf,2037.6016726363066,CHF,chf_per_capita_year,
2024,okp_bruttoleistungen,21 – 25,21,25,total_mio_chf,1056.3766677430797,CHF,mio_chf,
2024,okp_bruttoleistungen,21 – 25,21,25,per_capita_chf,2277.7961373367507,CHF,chf_per_capita_year,
2024,okp_bruttoleistungen,26 – 30,26,30,total_mio_chf,1427.44355631449,CHF,mio_chf,
2024,okp_bruttoleistungen,26 – 30,26,30,per_capita_chf,2485.060140591467,CHF,chf_per_capita_year,
2024,okp_bruttoleistungen,31 – 35,31,35,total_mio_chf,1877.0672245974301,CHF,mio_chf,
2024,okp_bruttoleistungen,31 – 35,31,35,per_capita_chf,2859.074318558767,CHF,chf_per_capita_year,
2024,okp_bruttoleistungen,36 – 40,36,40,total_mio_chf,1936.53731395582,CHF,mio_chf,
2024,okp_bruttoleistungen,36 – 40,36,40,per_capita_chf,2914.1633357227392,CHF,chf_per_capita_year,
2024,okp_bruttoleistungen,41 – 45,41,45,total_mio_chf,1977.2743556373503,CHF,mio_chf,
2024,okp_bruttoleistungen,41 – 45,41,45,per_capita_chf,3054.42658691596,CHF,chf_per_capita_year,
2024,okp_bruttoleistungen,46 – 50,46,50,total_mio_chf,2148.14964796454,CHF,mio_chf,
2024,okp_bruttoleistungen,46 – 50,46,50,per_capita_chf,3535.5382577746213,CHF,chf_per_capita_year,
2024,okp_bruttoleistungen,51 – 55,51,55,total_mio_chf,2696.3470618028696,CHF,mio_chf,
2024,okp_bruttoleistungen,51 – 55,51,55,per_capita_chf,4295.476529230161,CHF,chf_per_capita_year,
2024,okp_bruttoleistungen,56 – 60,56,60,total_mio_chf,3334.14987512487,CHF,mio_chf,
2024,okp_bruttoleistungen,56 – 60,56,60,per_capita_chf,5064.906112735538,CHF,chf_per_capita_year,
2024,okp_bruttoleistungen,61 – 65,61,65,total_mio_chf,3541.673094257449,CHF,mio_chf,
2024,okp_bruttoleistungen,61 – 65,61,65,per_capita_chf,6137.658527172339,CHF,chf_per_capita_year,
2024,okp_bruttoleistungen,66 – 70,66,70,total_mio_chf,3541.8902014576597,CHF,mio_chf,
2024,okp_bruttoleistungen,66 – 70,66,70,per_capita_chf,7658.974487000141,CHF,chf_per_capita_year,
2024,okp_bruttoleistungen,71 – 75,71,75,total_mio_chf,3772.8388170954,CHF,mio_chf,
2024,okp_bruttoleistungen,71 – 75,71,75,per_capita_chf,9579.246852908213,CHF,chf_per_capita_year,
2024,okp_bruttoleistungen,76 – 80,76,80,total_mio_chf,4118.750532326299,CHF,mio_chf,
2024,okp_bruttoleistungen,76 – 80,76,80,per_capita_chf,11731.93863029891,CHF,chf_per_capita_year,
2024,okp_bruttoleistungen,81 – 85,81,85,total_mio_chf,3458.295877232831,CHF,mio_chf,
2024,okp_bruttoleistungen,81 – 85,81,85,per_capita_chf,13889.079471477757,CHF,chf_per_capita_year,
2024,okp_bruttoleistungen,86 – 90,86,90,total_mio_chf,2500.21891425237,CHF,mio_chf,
2024,okp_bruttoleistungen,86 – 90,86,90,per_capita_chf,17038.77015202723,CHF,chf_per_capita_year,
2024,okp_bruttoleistungen,91 – 95,91,95,total_mio_chf,1345.6887125186,CHF,mio_chf,
2024,okp_bruttoleistungen,91 – 95,91,95,per_capita_chf,20907.631787463295,CHF,chf_per_capita_year,
2024,okp_bruttoleistungen,96 – 100,96,100,total_mio_chf,377.75906608488,CHF,mio_chf,
2024,okp_bruttoleistungen,96 – 100,96,100,per_capita_chf,25344.129176656777,CHF,chf_per_capita_year,
2024,okp_bruttoleistungen,> 100,100,100,total_mio_chf,47.66066425871999,CHF,mio_chf,
2024,okp_bruttoleistungen,> 100,100,100,per_capita_chf,29539.984777091533,CHF,chf_per_capita_year,
